{
  "seed": 2906,
  "errors": [
    {
      "text": "Thank you very much",
      "true_label": "Appreciation/Gratitude",
      "pred_label": "signoff",
      "correct": false
    },
    {
      "text": "Good morning Person1   I see Dr. Person2 in another month.",
      "true_label": "Generalinformation",
      "pred_label": "carecoordination",
      "correct": false
    },
    {
      "text": "I think a new treatment plan was put",
      "true_label": "checkingUnderstanding/clarification",
      "pred_label": "expressOpinions",
      "correct": false
    },
    {
      "text": "The pharmacy will contact you when  its ready",
      "true_label": "maintainCommunication",
      "pred_label": "maintainCommunication",
      "correct": true
    },
    {
      "text": "She is worried about me taking the Ibrance and asked",
      "true_label": "ExpressConcern/unease",
      "pred_label": "carecoordination",
      "correct": false
    },
    {
      "text": "Please can you tell me about my results good or bad",
      "true_label": "Diagnostics",
      "pred_label": "Diagnostics",
      "correct": true
    },
    {
      "text": "Can you tell me how to get her records over to your facility and recommend",
      "true_label": "HealthCareAccessAndQuality",
      "pred_label": "activeParticipation/involvement",
      "correct": false
    },
    {
      "text": "Any chance of getting a reply to my message from MM/DD/YYYY?",
      "true_label": "activeParticipation/involvement",
      "pred_label": "activeParticipation/involvement",
      "correct": true
    },
    {
      "text": "What did he recommend?",
      "true_label": "carecoordination",
      "pred_label": "SeekingApproval",
      "correct": false
    },
    {
      "text": "Thanks ,",
      "true_label": "signoff",
      "pred_label": "signoff",
      "correct": true
    },
    {
      "text": "See you tomorrow.",
      "true_label": "connection",
      "pred_label": "connection",
      "correct": true
    },
    {
      "text": "Thank you very much.",
      "true_label": "Appreciation/Gratitude",
      "pred_label": "signoff",
      "correct": false
    },
    {
      "text": "Thanks.",
      "true_label": "signoff",
      "pred_label": "signoff",
      "correct": true
    },
    {
      "text": "Attached is the rejection letter.",
      "true_label": "Generalinformation",
      "pred_label": "Generalinformation",
      "correct": true
    },
    {
      "text": "I also think she put",
      "true_label": "Diagnostics",
      "pred_label": "Generalinformation",
      "correct": false
    },
    {
      "text": "Please then call our office or mychart",
      "true_label": "Instruction",
      "pred_label": "Instruction",
      "correct": true
    },
    {
      "text": "We also could not recall the length of time these therapies would last",
      "true_label": "expressOpinions",
      "pred_label": "Generalinformation",
      "correct": false
    },
    {
      "text": "Thank you,",
      "true_label": "signoff",
      "pred_label": "signoff",
      "correct": true
    },
    {
      "text": "You would have to get a disk from the image library with the PET images on them.",
      "true_label": "Instruction",
      "pred_label": "Instruction",
      "correct": true
    },
    {
      "text": "these messages along to Dr  Person1.",
      "true_label": "carecoordination",
      "pred_label": "carecoordination",
      "correct": true
    },
    {
      "text": "How often will I be doing the bone infusions?",
      "true_label": "activeParticipation/involvement",
      "pred_label": "activeParticipation/involvement",
      "correct": true
    },
    {
      "text": "I am glad her doing",
      "true_label": "PositiveRemarks",
      "pred_label": "ExpressConcern/unease",
      "correct": false
    },
    {
      "text": "I like to reschedule the cat and bone scans",
      "true_label": "SchedulingAppt",
      "pred_label": "ExploreOptions",
      "correct": false
    },
    {
      "text": "When would you recommend I get",
      "true_label": "ExploreOptions",
      "pred_label": "ExploreOptions",
      "correct": true
    },
    {
      "text": "my blood draw is scheduled for 9:30  In Org2.",
      "true_label": "HealthCareAccessAndQuality",
      "pred_label": "Diagnostics",
      "correct": false
    },
    {
      "text": "Hi Person1 - refill has been sent in.",
      "true_label": "Drugs",
      "pred_label": "Drugs",
      "correct": true
    },
    {
      "text": "thanks!",
      "true_label": "signoff",
      "pred_label": "Appreciation/Gratitude",
      "correct": false
    },
    {
      "text": "I hope that helps",
      "true_label": "connection",
      "pred_label": "connection",
      "correct": true
    },
    {
      "text": "no order for this and it must have expired??",
      "true_label": "Diagnostics",
      "pred_label": "Drugs",
      "correct": false
    },
    {
      "text": "Hi",
      "true_label": "salutation",
      "pred_label": "salutation",
      "correct": true
    },
    {
      "text": "Please call the office MM/DD/YYYY if you have",
      "true_label": "Instruction",
      "pred_label": "Instruction",
      "correct": true
    },
    {
      "text": "Is he still going to be seeing patients in clinic?",
      "true_label": "HealthCareAccessAndQuality",
      "pred_label": "activeParticipation/involvement",
      "correct": false
    },
    {
      "text": "blood drawn on MM/DD/YYYY this week.",
      "true_label": "activeParticipation/involvement",
      "pred_label": "Diagnostics",
      "correct": false
    },
    {
      "text": "It mentioned the CT chest results would be",
      "true_label": "Diagnostics",
      "pred_label": "Diagnostics",
      "correct": true
    },
    {
      "text": "please let Dr Person1 take",
      "true_label": "carecoordination",
      "pred_label": "activeParticipation/involvement",
      "correct": false
    },
    {
      "text": "contacted your office for my xeralto to be refiled",
      "true_label": "Drugs",
      "pred_label": "SchedulingAppt",
      "correct": false
    },
    {
      "text": "Who do I contact to schedule?",
      "true_label": "activeParticipation/involvement",
      "pred_label": "activeParticipation/involvement",
      "correct": true
    },
    {
      "text": "tmrw..will  His treatment for Wed be postponed?",
      "true_label": "SchedulingAppt",
      "pred_label": "SchedulingAppt",
      "correct": true
    },
    {
      "text": "Hello.",
      "true_label": "salutation",
      "pred_label": "salutation",
      "correct": true
    },
    {
      "text": "I will have Dr. Person1 call",
      "true_label": "carecoordination",
      "pred_label": "Drugs",
      "correct": false
    },
    {
      "text": "Thank you Person3",
      "true_label": "signoff",
      "pred_label": "signoff",
      "correct": true
    },
    {
      "text": "A program of repair has been established for me but it pretty extensive",
      "true_label": "Generalinformation",
      "pred_label": "HealthCareAccessAndQuality",
      "correct": false
    },
    {
      "text": "Your last PSA was done",
      "true_label": "Diagnostics",
      "pred_label": "Drugs",
      "correct": false
    },
    {
      "text": "they would be the ones filling out the paperwork.",
      "true_label": "EconomicStability",
      "pred_label": "maintainCommunication",
      "correct": false
    },
    {
      "text": "See you in MM/DD/YYYY TLB",
      "true_label": "signoff",
      "pred_label": "SchedulingAppt",
      "correct": false
    },
    {
      "text": "The ED doctor just called.",
      "true_label": "carecoordination",
      "pred_label": "carecoordination",
      "correct": true
    },
    {
      "text": "the previous Org2 one.",
      "true_label": "HealthCareAccessAndQuality",
      "pred_label": "HealthCareAccessAndQuality",
      "correct": true
    },
    {
      "text": "Okay,",
      "true_label": "salutation",
      "pred_label": "salutation",
      "correct": true
    },
    {
      "text": "when all clear",
      "true_label": "maintainCommunication",
      "pred_label": "maintainCommunication",
      "correct": true
    },
    {
      "text": "He has significantly decreased his clinic time with his promotion.",
      "true_label": "HealthCareAccessAndQuality",
      "pred_label": "Symptoms",
      "correct": false
    },
    {
      "text": "Thank you,",
      "true_label": "signoff",
      "pred_label": "signoff",
      "correct": true
    },
    {
      "text": "Thank you for your time.",
      "true_label": "Appreciation/Gratitude",
      "pred_label": "Appreciation/Gratitude",
      "correct": true
    },
    {
      "text": "Thanks.",
      "true_label": "signoff",
      "pred_label": "signoff",
      "correct": true
    },
    {
      "text": "diarrhea and was throwing",
      "true_label": "Symptoms",
      "pred_label": "Symptoms",
      "correct": true
    },
    {
      "text": "Please be sure to also send the disc of the PET scan images or bring",
      "true_label": "Instruction",
      "pred_label": "Generalinformation",
      "correct": false
    },
    {
      "text": "I I don't see you ,",
      "true_label": "connection",
      "pred_label": "Generalinformation",
      "correct": false
    },
    {
      "text": "Hi we are so sorry to hear Person1 isnt feeling",
      "true_label": "Sadness/fear",
      "pred_label": "connection",
      "correct": false
    },
    {
      "text": "down to lowest usage Oxy rapid w/o dealing w break through pain,",
      "true_label": "Drugs",
      "pred_label": "Drugs",
      "correct": true
    },
    {
      "text": "Ok sounds like a plan",
      "true_label": "Alignment",
      "pred_label": "Alignment",
      "correct": true
    },
    {
      "text": "He definitely looks puffier to me leg swelling",
      "true_label": "Symptoms",
      "pred_label": "Symptoms",
      "correct": true
    },
    {
      "text": "Dr  Person2 asked what the referral for a  neurological/spine doctor would be",
      "true_label": "carecoordination",
      "pred_label": "carecoordination",
      "correct": true
    },
    {
      "text": "Good afternoon,",
      "true_label": "salutation",
      "pred_label": "salutation",
      "correct": true
    },
    {
      "text": "Best wishes from our team during your recovery!",
      "true_label": "connection",
      "pred_label": "Appreciation/Gratitude",
      "correct": false
    },
    {
      "text": "HI Person1I was contacted by the Org2  insurance again .",
      "true_label": "HealthCareAccessAndQuality",
      "pred_label": "carecoordination",
      "correct": false
    },
    {
      "text": "I not sure.",
      "true_label": "Generalinformation",
      "pred_label": "ExpressConcern/unease",
      "correct": false
    },
    {
      "text": "I am a little bruised.",
      "true_label": "Symptoms",
      "pred_label": "Symptoms",
      "correct": true
    },
    {
      "text": "We received a single page form that stated",
      "true_label": "Generalinformation",
      "pred_label": "Generalinformation",
      "correct": true
    },
    {
      "text": "in on MM/DD/YYYY for his visit,",
      "true_label": "Diagnostics",
      "pred_label": "SchedulingAppt",
      "correct": false
    },
    {
      "text": "Your advice please.",
      "true_label": "activeParticipation/involvement",
      "pred_label": "Appreciation/Gratitude",
      "correct": false
    },
    {
      "text": "Be safe.",
      "true_label": "connection",
      "pred_label": "signoff",
      "correct": false
    },
    {
      "text": "Unfortunately  we do not have control over visitor restrictions in the hospital.",
      "true_label": "Generalinformation",
      "pred_label": "Generalinformation",
      "correct": true
    },
    {
      "text": "Maybe see you next week when I come",
      "true_label": "connection",
      "pred_label": "Generalinformation",
      "correct": false
    },
    {
      "text": "I will follow up with him.",
      "true_label": "activeParticipation/involvement",
      "pred_label": "activeParticipation/involvement",
      "correct": true
    },
    {
      "text": "TOTAL (POST DIAGNOSIS) (BH GH LMW YH) resulted on MM/DD/YYYY at MM/DD/YYYY.",
      "true_label": "Diagnostics",
      "pred_label": "Diagnostics",
      "correct": true
    },
    {
      "text": "not happy with the the decisions that have been made",
      "true_label": "expressOpinions",
      "pred_label": "Symptoms",
      "correct": false
    },
    {
      "text": "Is it possible for you to do",
      "true_label": "activeParticipation/involvement",
      "pred_label": "activeParticipation/involvement",
      "correct": true
    },
    {
      "text": "Could you please make a referral for me.",
      "true_label": "carecoordination",
      "pred_label": "activeParticipation/involvement",
      "correct": false
    },
    {
      "text": "with Dr Person2 - he would like you to defer scans until after radiation is",
      "true_label": "Diagnostics",
      "pred_label": "SchedulingAppt",
      "correct": false
    },
    {
      "text": "They said it may be",
      "true_label": "Symptoms",
      "pred_label": "Generalinformation",
      "correct": false
    },
    {
      "text": "I have had pain on the left side of my breast and right above in the chest area.",
      "true_label": "Symptoms",
      "pred_label": "Symptoms",
      "correct": true
    },
    {
      "text": "result not back yet",
      "true_label": "Diagnostics",
      "pred_label": "Diagnostics",
      "correct": true
    },
    {
      "text": "but MM/DD/YYYY had to go MM/DD/YYYY.",
      "true_label": "Drugs",
      "pred_label": "HealthCareAccessAndQuality",
      "correct": false
    },
    {
      "text": "it's just something that makes",
      "true_label": "Alignment",
      "pred_label": "SummarizeConfirmUnderstanding",
      "correct": false
    },
    {
      "text": "the results get released to patients as soon as they are",
      "true_label": "Diagnostics",
      "pred_label": "maintainCommunication",
      "correct": false
    },
    {
      "text": "on the appeal.",
      "true_label": "HealthCareAccessAndQuality",
      "pred_label": "Instruction",
      "correct": false
    },
    {
      "text": "I spoke with Person3 yesterday and she said",
      "true_label": "carecoordination",
      "pred_label": "carecoordination",
      "correct": true
    },
    {
      "text": "I not sure if I should get",
      "true_label": "expressOpinions",
      "pred_label": "Generalinformation",
      "correct": false
    },
    {
      "text": "I be in touch with Dr. Person1 this coming week.)",
      "true_label": "Generalinformation",
      "pred_label": "SchedulingAppt",
      "correct": false
    },
    {
      "text": "instead of J/J for the booster.",
      "true_label": "ShareOptions",
      "pred_label": "Diagnostics",
      "correct": false
    },
    {
      "text": "Wasn sure if I was meant",
      "true_label": "expressOpinions",
      "pred_label": "connection",
      "correct": false
    },
    {
      "text": "It is Org1 orthopedics in Location and the physical therapist is",
      "true_label": "Generalinformation",
      "pred_label": "carecoordination",
      "correct": false
    },
    {
      "text": "I had reported to my work that I tested",
      "true_label": "Generalinformation",
      "pred_label": "Diagnostics",
      "correct": false
    },
    {
      "text": "I will place an order for them now if you would please give",
      "true_label": "HealthCareAccessAndQuality",
      "pred_label": "statePreferences",
      "correct": false
    },
    {
      "text": "Thank you,",
      "true_label": "signoff",
      "pred_label": "signoff",
      "correct": true
    },
    {
      "text": "I gets labs done",
      "true_label": "Diagnostics",
      "pred_label": "SchedulingAppt",
      "correct": false
    },
    {
      "text": "Good Morning The Zometa will be around every 6 months.",
      "true_label": "Drugs",
      "pred_label": "Alignment",
      "correct": false
    },
    {
      "text": "Dr. Person2 is involved in my treatment but Dr. Person1 has",
      "true_label": "carecoordination",
      "pred_label": "carecoordination",
      "correct": true
    },
    {
      "text": "the baby aspirin.",
      "true_label": "Drugs",
      "pred_label": "Drugs",
      "correct": true
    },
    {
      "text": "blood drawn on MM/DD/YYYY this week.",
      "true_label": "activeParticipation/involvement",
      "pred_label": "Diagnostics",
      "correct": false
    },
    {
      "text": "Thanks,",
      "true_label": "signoff",
      "pred_label": "signoff",
      "correct": true
    },
    {
      "text": "When are you due to start it?",
      "true_label": "Drugs",
      "pred_label": "EconomicStability",
      "correct": false
    },
    {
      "text": "a meeting at 4:30 she had",
      "true_label": "carecoordination",
      "pred_label": "SchedulingAppt",
      "correct": false
    },
    {
      "text": "Could you discuss this script with Person2 before my appointment  Thanks.",
      "true_label": "SeekingApproval",
      "pred_label": "activeParticipation/involvement",
      "correct": false
    },
    {
      "text": "Please forgive",
      "true_label": "ExpressConcern/unease",
      "pred_label": "activeParticipation/involvement",
      "correct": false
    },
    {
      "text": "I'd love to see you in person.",
      "true_label": "connection",
      "pred_label": "connection",
      "correct": true
    },
    {
      "text": "Good morning,",
      "true_label": "salutation",
      "pred_label": "salutation",
      "correct": true
    },
    {
      "text": "Hop you and your family",
      "true_label": "connection",
      "pred_label": "connection",
      "correct": true
    },
    {
      "text": "I doing ok !",
      "true_label": "Symptoms",
      "pred_label": "Diagnostics",
      "correct": false
    },
    {
      "text": "are you taking calcium 1000  mg daily and 400 IU",
      "true_label": "Drugs",
      "pred_label": "Drugs",
      "correct": true
    },
    {
      "text": "good morning just letting you the blood draw was taken",
      "true_label": "Diagnostics",
      "pred_label": "connection",
      "correct": false
    },
    {
      "text": "How was my vital on the last blood draw  Also  How was",
      "true_label": "Diagnostics",
      "pred_label": "Diagnostics",
      "correct": true
    },
    {
      "text": "Thank you Person1",
      "true_label": "signoff",
      "pred_label": "signoff",
      "correct": true
    },
    {
      "text": "current Rx will run out by tmrrw,",
      "true_label": "Drugs",
      "pred_label": "Drugs",
      "correct": true
    },
    {
      "text": "I drop off the report tomorrow morning if that OK",
      "true_label": "SeekingApproval",
      "pred_label": "SchedulingAppt",
      "correct": false
    },
    {
      "text": "the CEA (just another marker in this situation) to the CA27.29 and agree",
      "true_label": "Diagnostics",
      "pred_label": "Diagnostics",
      "correct": true
    },
    {
      "text": "From MM/DD/YYYY and now",
      "true_label": "Diagnostics",
      "pred_label": "Diagnostics",
      "correct": true
    },
    {
      "text": "a prescription for Ativan,",
      "true_label": "Drugs",
      "pred_label": "Drugs",
      "correct": true
    },
    {
      "text": "Thank you and happy new year",
      "true_label": "connection",
      "pred_label": "Appreciation/Gratitude",
      "correct": false
    },
    {
      "text": "to get back to normal after stopping the Fulvestrant and Verzenio",
      "true_label": "activeParticipation/involvement",
      "pred_label": "expressOpinions",
      "correct": false
    },
    {
      "text": "now in for blood work every 2 weeks and did not see",
      "true_label": "Diagnostics",
      "pred_label": "Drugs",
      "correct": false
    },
    {
      "text": "Hope all is well with you and your family",
      "true_label": "connection",
      "pred_label": "connection",
      "correct": true
    },
    {
      "text": "CAT scan for chest,",
      "true_label": "Diagnostics",
      "pred_label": "Diagnostics",
      "correct": true
    },
    {
      "text": "I am achy in my hip area and have",
      "true_label": "Symptoms",
      "pred_label": "Symptoms",
      "correct": true
    },
    {
      "text": "at any any of the L&M draw stations MM/DD/YYYY before your visit with Dr Person1.",
      "true_label": "HealthCareAccessAndQuality",
      "pred_label": "activeParticipation/involvement",
      "correct": false
    },
    {
      "text": "Many thanks",
      "true_label": "signoff",
      "pred_label": "signoff",
      "correct": true
    },
    {
      "text": "Hope so!",
      "true_label": "connection",
      "pred_label": "Alignment",
      "correct": false
    },
    {
      "text": "Here it is.",
      "true_label": "Generalinformation",
      "pred_label": "Alignment",
      "correct": false
    },
    {
      "text": "Thanks so much for your reply.",
      "true_label": "Appreciation/Gratitude",
      "pred_label": "Appreciation/Gratitude",
      "correct": true
    },
    {
      "text": "Any other issues,",
      "true_label": "maintainCommunication",
      "pred_label": "maintainCommunication",
      "correct": true
    },
    {
      "text": "Please give it at least a few hours.",
      "true_label": "maintainCommunication",
      "pred_label": "Instruction",
      "correct": false
    },
    {
      "text": "Could you please send an order so I can have",
      "true_label": "activeParticipation/involvement",
      "pred_label": "SchedulingAppt",
      "correct": false
    },
    {
      "text": "The subsequent (every three weeks) treatments are scheduled.",
      "true_label": "SchedulingAppt",
      "pred_label": "maintainCommunication",
      "correct": false
    },
    {
      "text": "Are you dropping org1  or old org2",
      "true_label": "HealthCareAccessAndQuality",
      "pred_label": "Diagnostics",
      "correct": false
    },
    {
      "text": "Bactrim is an antibiotic given to prevent",
      "true_label": "Drugs",
      "pred_label": "Drugs",
      "correct": true
    },
    {
      "text": "My brother Person1 is with my dad today.",
      "true_label": "Generalinformation",
      "pred_label": "Generalinformation",
      "correct": true
    },
    {
      "text": "Hi.",
      "true_label": "salutation",
      "pred_label": "salutation",
      "correct": true
    },
    {
      "text": "a pca test.",
      "true_label": "activeParticipation/involvement",
      "pred_label": "Diagnostics",
      "correct": false
    },
    {
      "text": "please..  Person2Thanks so much!!",
      "true_label": "Appreciation/Gratitude",
      "pred_label": "signoff",
      "correct": false
    },
    {
      "text": "Have you discussed these issues with the inpatient team?",
      "true_label": "carecoordination",
      "pred_label": "SchedulingAppt",
      "correct": false
    },
    {
      "text": "I checked our faxes and nothing",
      "true_label": "Generalinformation",
      "pred_label": "activeParticipation/involvement",
      "correct": false
    },
    {
      "text": "Hi.",
      "true_label": "salutation",
      "pred_label": "salutation",
      "correct": true
    },
    {
      "text": "They ordered a CT scan of the neck for MM/DD/YYYY and a ENT consultation",
      "true_label": "Diagnostics",
      "pred_label": "Diagnostics",
      "correct": true
    },
    {
      "text": "Will I be doing bloodwork before my appointment next MM/DD/YYYY?",
      "true_label": "Diagnostics",
      "pred_label": "activeParticipation/involvement",
      "correct": false
    },
    {
      "text": "eating",
      "true_label": "HealthCareAccessAndQuality",
      "pred_label": "connection",
      "correct": false
    },
    {
      "text": "you could go to the 4th floor lab beforehand if you like",
      "true_label": "Instruction",
      "pred_label": "Instruction",
      "correct": true
    },
    {
      "text": "I remember now ,",
      "true_label": "Alignment",
      "pred_label": "Diagnostics",
      "correct": false
    },
    {
      "text": "you in the office in a while,",
      "true_label": "Generalinformation",
      "pred_label": "SchedulingAppt",
      "correct": false
    },
    {
      "text": "There is an order would you like",
      "true_label": "SchedulingAppt",
      "pred_label": "SchedulingAppt",
      "correct": true
    },
    {
      "text": "Iwas scheduled for a cat scan and bone scan",
      "true_label": "Diagnostics",
      "pred_label": "Diagnostics",
      "correct": true
    },
    {
      "text": "Also we can hold off on starting the Ibrance a few days but if you can get",
      "true_label": "Drugs",
      "pred_label": "SchedulingAppt",
      "correct": false
    },
    {
      "text": "See you MM/DD/YYYY.",
      "true_label": "connection",
      "pred_label": "connection",
      "correct": true
    },
    {
      "text": "I setup for them to ship",
      "true_label": "activeParticipation/involvement",
      "pred_label": "SchedulingAppt",
      "correct": false
    },
    {
      "text": "help..which one should I go",
      "true_label": "SeekingApproval",
      "pred_label": "activeParticipation/involvement",
      "correct": false
    },
    {
      "text": "We are unaware at this time of any distribution plans.",
      "true_label": "Generalinformation",
      "pred_label": "Generalinformation",
      "correct": true
    },
    {
      "text": "I was reading that IPI and NIVO",
      "true_label": "activeParticipation/involvement",
      "pred_label": "Generalinformation",
      "correct": false
    },
    {
      "text": "of your lymph nodes that were biopsied",
      "true_label": "Diagnostics",
      "pred_label": "Diagnostics",
      "correct": true
    },
    {
      "text": "Sharing a picture of my abdomen some 40 days after starting on the heparin.",
      "true_label": "activeParticipation/involvement",
      "pred_label": "activeParticipation/involvement",
      "correct": true
    },
    {
      "text": "The swelling in both lower legs/ankles is chronic and I think",
      "true_label": "Symptoms",
      "pred_label": "Symptoms",
      "correct": true
    },
    {
      "text": "on MM/DD/YYYY in Org2 and I donot see any appt for a blood draw that I normally get",
      "true_label": "activeParticipation/involvement",
      "pred_label": "activeParticipation/involvement",
      "correct": true
    },
    {
      "text": "I was taking the oxycodone last week,",
      "true_label": "Drugs",
      "pred_label": "Drugs",
      "correct": true
    },
    {
      "text": "My dad still has a very significant rash.",
      "true_label": "Symptoms",
      "pred_label": "Symptoms",
      "correct": true
    },
    {
      "text": "However dental work won commence until MM/DD/YYYY.",
      "true_label": "carecoordination",
      "pred_label": "carecoordination",
      "correct": true
    },
    {
      "text": "I will ask our secretary to schedule but if MM/DD/YYYY is",
      "true_label": "SchedulingAppt",
      "pred_label": "SchedulingAppt",
      "correct": true
    },
    {
      "text": "Th ank you Person2",
      "true_label": "signoff",
      "pred_label": "signoff",
      "correct": true
    },
    {
      "text": "Thank you.",
      "true_label": "signoff",
      "pred_label": "signoff",
      "correct": true
    },
    {
      "text": "Got it.",
      "true_label": "Alignment",
      "pred_label": "Alignment",
      "correct": true
    },
    {
      "text": "Good Morning   Last night I went to the Org2 ED.",
      "true_label": "HealthCareAccessAndQuality",
      "pred_label": "HealthCareAccessAndQuality",
      "correct": true
    },
    {
      "text": "through the severe pain again that he went",
      "true_label": "statePreferences",
      "pred_label": "Symptoms",
      "correct": false
    },
    {
      "text": "Thanks,",
      "true_label": "signoff",
      "pred_label": "signoff",
      "correct": true
    },
    {
      "text": "Yes,",
      "true_label": "Alignment",
      "pred_label": "Alignment",
      "correct": true
    },
    {
      "text": "I emailed this today.",
      "true_label": "Generalinformation",
      "pred_label": "carecoordination",
      "correct": false
    },
    {
      "text": "Hi",
      "true_label": "salutation",
      "pred_label": "salutation",
      "correct": true
    },
    {
      "text": "Good Morning Mr. Person1,",
      "true_label": "salutation",
      "pred_label": "salutation",
      "correct": true
    },
    {
      "text": "Thank you,",
      "true_label": "signoff",
      "pred_label": "signoff",
      "correct": true
    },
    {
      "text": "Hi Person1 -  Dr Person2 is currently out of town and will return",
      "true_label": "carecoordination",
      "pred_label": "Generalinformation",
      "correct": false
    },
    {
      "text": "in and it auto loaded lab draws",
      "true_label": "checkingUnderstanding/clarification",
      "pred_label": "HealthCareAccessAndQuality",
      "correct": false
    },
    {
      "text": "having the option on my good days.",
      "true_label": "EconomicStability",
      "pred_label": "statePreferences",
      "correct": false
    },
    {
      "text": "normal clear yellow so the false blood in the urine was cause by drinking beet juice",
      "true_label": "Generalinformation",
      "pred_label": "Drugs",
      "correct": false
    },
    {
      "text": "I just spoke with Dr. Person2 to reschedule",
      "true_label": "carecoordination",
      "pred_label": "carecoordination",
      "correct": true
    },
    {
      "text": "Hope all is well with you and your family",
      "true_label": "connection",
      "pred_label": "connection",
      "correct": true
    },
    {
      "text": "in the testing results.",
      "true_label": "activeParticipation/involvement",
      "pred_label": "Diagnostics",
      "correct": false
    },
    {
      "text": "you with anything else.",
      "true_label": "EncourageQuestions",
      "pred_label": "Generalinformation",
      "correct": false
    },
    {
      "text": "Good morning Dr. Person1,",
      "true_label": "salutation",
      "pred_label": "salutation",
      "correct": true
    },
    {
      "text": "Thank you",
      "true_label": "signoff",
      "pred_label": "signoff",
      "correct": true
    },
    {
      "text": "Thank you.",
      "true_label": "signoff",
      "pred_label": "signoff",
      "correct": true
    },
    {
      "text": "Thank you,",
      "true_label": "signoff",
      "pred_label": "signoff",
      "correct": true
    },
    {
      "text": "Hi.",
      "true_label": "salutation",
      "pred_label": "salutation",
      "correct": true
    },
    {
      "text": "Good morning Dr. Person1,",
      "true_label": "salutation",
      "pred_label": "salutation",
      "correct": true
    },
    {
      "text": "Thank you Person2",
      "true_label": "signoff",
      "pred_label": "signoff",
      "correct": true
    },
    {
      "text": "Or I can wait till I come",
      "true_label": "ExploreOptions",
      "pred_label": "carecoordination",
      "correct": false
    },
    {
      "text": "to call is in the attached rejection letter.",
      "true_label": "Generalinformation",
      "pred_label": "Generalinformation",
      "correct": true
    },
    {
      "text": "What is going on?",
      "true_label": "activeParticipation/involvement",
      "pred_label": "Symptoms",
      "correct": false
    },
    {
      "text": "I confirmed with Dr  Person1 that Person2 will be getting treated",
      "true_label": "carecoordination",
      "pred_label": "carecoordination",
      "correct": true
    },
    {
      "text": "Thanks!",
      "true_label": "Appreciation/Gratitude",
      "pred_label": "Appreciation/Gratitude",
      "correct": true
    },
    {
      "text": "I'll drop it off tomorrow.",
      "true_label": "Generalinformation",
      "pred_label": "maintainCommunication",
      "correct": false
    },
    {
      "text": "Much obliged!",
      "true_label": "connection",
      "pred_label": "connection",
      "correct": true
    },
    {
      "text": "then will decide on what next steps will be.",
      "true_label": "carecoordination",
      "pred_label": "maintainCommunication",
      "correct": false
    },
    {
      "text": "I'm having the Infusion scheduler call",
      "true_label": "SchedulingAppt",
      "pred_label": "Drugs",
      "correct": false
    },
    {
      "text": "Also I encourag e yourself and/or Person3",
      "true_label": "inviteCollaboration",
      "pred_label": "connection",
      "correct": false
    },
    {
      "text": "Lots of words for a MM/DD/YYYY morning,",
      "true_label": "connection",
      "pred_label": "SchedulingAppt",
      "correct": false
    },
    {
      "text": "I have been at work daily and just checked",
      "true_label": "Generalinformation",
      "pred_label": "activeParticipation/involvement",
      "correct": false
    },
    {
      "text": "Hi Person1 That is fine to take.",
      "true_label": "Approval/Reinforcement",
      "pred_label": "Alignment",
      "correct": false
    },
    {
      "text": "It was just under 20 ml in the past 24 hour and 18 ml",
      "true_label": "Symptoms",
      "pred_label": "Drugs",
      "correct": false
    },
    {
      "text": "Person2- I forwarded her the message!",
      "true_label": "carecoordination",
      "pred_label": "carecoordination",
      "correct": true
    },
    {
      "text": "I had the EBUS procedure yesterday and I now scheduled",
      "true_label": "Diagnostics",
      "pred_label": "SchedulingAppt",
      "correct": false
    },
    {
      "text": "I saw two results now in.",
      "true_label": "Diagnostics",
      "pred_label": "Diagnostics",
      "correct": true
    },
    {
      "text": "Did the flexeril not help?",
      "true_label": "Drugs",
      "pred_label": "Drugs",
      "correct": true
    },
    {
      "text": "Many thanks,",
      "true_label": "signoff",
      "pred_label": "signoff",
      "correct": true
    },
    {
      "text": "a very good marker for you.",
      "true_label": "Diagnostics",
      "pred_label": "Diagnostics",
      "correct": true
    },
    {
      "text": "I am consulting with Dr. Person1 to get",
      "true_label": "carecoordination",
      "pred_label": "carecoordination",
      "correct": true
    },
    {
      "text": "We are closed on weekends and only check",
      "true_label": "Generalinformation",
      "pred_label": "maintainCommunication",
      "correct": false
    },
    {
      "text": "detrimental to my current regimen which is working",
      "true_label": "expressOpinions",
      "pred_label": "Symptoms",
      "correct": false
    },
    {
      "text": "I have not rec'd email message from blood testing lab,",
      "true_label": "Diagnostics",
      "pred_label": "activeParticipation/involvement",
      "correct": false
    },
    {
      "text": "how he does-- keep",
      "true_label": "maintainCommunication",
      "pred_label": "activeParticipation/involvement",
      "correct": false
    },
    {
      "text": "Hi",
      "true_label": "salutation",
      "pred_label": "salutation",
      "correct": true
    },
    {
      "text": "Should we bring forward the PET scans planned for MM/DD/YYYY or defer",
      "true_label": "ExploreOptions",
      "pred_label": "SchedulingAppt",
      "correct": false
    },
    {
      "text": "I will pass along your question to Dr  Person2,",
      "true_label": "carecoordination",
      "pred_label": "activeParticipation/involvement",
      "correct": false
    },
    {
      "text": "Usually it takes the pharmacy MM/DD/YYYY to call me regarding delivery of my meds that's",
      "true_label": "Drugs",
      "pred_label": "SchedulingAppt",
      "correct": false
    },
    {
      "text": "I will also check on the urology referral.",
      "true_label": "carecoordination",
      "pred_label": "carecoordination",
      "correct": true
    },
    {
      "text": "I apologize for the confusion.",
      "true_label": "AcknowledgeError",
      "pred_label": "AcknowledgeError",
      "correct": true
    },
    {
      "text": "Its all day and have not felt",
      "true_label": "Symptoms",
      "pred_label": "Drugs",
      "correct": false
    },
    {
      "text": "old Org1 is closed for the time being",
      "true_label": "HealthCareAccessAndQuality",
      "pred_label": "Generalinformation",
      "correct": false
    },
    {
      "text": "Thank you,",
      "true_label": "signoff",
      "pred_label": "signoff",
      "correct": true
    },
    {
      "text": "thank you",
      "true_label": "signoff",
      "pred_label": "signoff",
      "correct": true
    },
    {
      "text": "Thanks!",
      "true_label": "signoff",
      "pred_label": "Appreciation/Gratitude",
      "correct": false
    },
    {
      "text": "Kind regards",
      "true_label": "signoff",
      "pred_label": "signoff",
      "correct": true
    },
    {
      "text": "because she can do",
      "true_label": "Generalinformation",
      "pred_label": "expressOpinions",
      "correct": false
    },
    {
      "text": "Good morning Dr. Person1,",
      "true_label": "salutation",
      "pred_label": "salutation",
      "correct": true
    },
    {
      "text": "Dr  Person1 on MM/DD/YYYY.",
      "true_label": "SchedulingAppt",
      "pred_label": "SchedulingAppt",
      "correct": true
    },
    {
      "text": "There are 3 refills on the losartan -",
      "true_label": "Drugs",
      "pred_label": "Drugs",
      "correct": true
    },
    {
      "text": "Best",
      "true_label": "signoff",
      "pred_label": "signoff",
      "correct": true
    },
    {
      "text": "We are both at the limit of getting \"stuck.\"",
      "true_label": "Generalinformation",
      "pred_label": "carecoordination",
      "correct": false
    },
    {
      "text": "Most appreciative!",
      "true_label": "Appreciation/Gratitude",
      "pred_label": "Appreciation/Gratitude",
      "correct": true
    },
    {
      "text": "for the same day as my appointment.",
      "true_label": "statePreferences",
      "pred_label": "statePreferences",
      "correct": true
    },
    {
      "text": "Abiraterone (Zytiga) is not know",
      "true_label": "Drugs",
      "pred_label": "Drugs",
      "correct": true
    },
    {
      "text": "Script will be sent over to the pharmacy tomorrow.",
      "true_label": "Drugs",
      "pred_label": "Diagnostics",
      "correct": false
    },
    {
      "text": "Started week three MM/DD/YYYY.",
      "true_label": "Generalinformation",
      "pred_label": "Diagnostics",
      "correct": false
    },
    {
      "text": "Sent a request previously but nothing has come",
      "true_label": "Drugs",
      "pred_label": "Generalinformation",
      "correct": false
    },
    {
      "text": "I can work around tomorrow or MM/DD/YYYY morning.",
      "true_label": "statePreferences",
      "pred_label": "statePreferences",
      "correct": true
    },
    {
      "text": "I will keep an eye out for the CT neck results and have",
      "true_label": "Instruction",
      "pred_label": "Diagnostics",
      "correct": false
    },
    {
      "text": "This is both uncomfortable and painful",
      "true_label": "Symptoms",
      "pred_label": "Symptoms",
      "correct": true
    },
    {
      "text": "Was this intended for me?",
      "true_label": "activeParticipation/involvement",
      "pred_label": "activeParticipation/involvement",
      "correct": true
    },
    {
      "text": "it off in the front check in desk and let",
      "true_label": "Instruction",
      "pred_label": "HealthCareAccessAndQuality",
      "correct": false
    },
    {
      "text": "I see my PSA continues",
      "true_label": "Diagnostics",
      "pred_label": "Generalinformation",
      "correct": false
    },
    {
      "text": "You were going to check with the pharmacist.",
      "true_label": "activeParticipation/involvement",
      "pred_label": "carecoordination",
      "correct": false
    },
    {
      "text": "Can Dr Person1 please recommend a neurological spine doctor through Org2",
      "true_label": "HealthCareAccessAndQuality",
      "pred_label": "HealthCareAccessAndQuality",
      "correct": true
    },
    {
      "text": "Thanks,",
      "true_label": "signoff",
      "pred_label": "signoff",
      "correct": true
    },
    {
      "text": "Please release psa results",
      "true_label": "Diagnostics",
      "pred_label": "Diagnostics",
      "correct": true
    },
    {
      "text": "that refill between 5-10 business days.",
      "true_label": "Drugs",
      "pred_label": "Drugs",
      "correct": true
    },
    {
      "text": "some time in MM/DD/YYYY?",
      "true_label": "SeekingApproval",
      "pred_label": "EconomicStability",
      "correct": false
    },
    {
      "text": "Hi yes will have APRN fill today after clinic.",
      "true_label": "carecoordination",
      "pred_label": "Drugs",
      "correct": false
    },
    {
      "text": "Best regards,",
      "true_label": "signoff",
      "pred_label": "signoff",
      "correct": true
    },
    {
      "text": "Best",
      "true_label": "signoff",
      "pred_label": "signoff",
      "correct": true
    },
    {
      "text": "thank you",
      "true_label": "signoff",
      "pred_label": "signoff",
      "correct": true
    },
    {
      "text": "was down from  the time before.",
      "true_label": "Diagnostics",
      "pred_label": "expressOpinions",
      "correct": false
    },
    {
      "text": "Are you able to keep clear liquids down?",
      "true_label": "Symptoms",
      "pred_label": "activeParticipation/involvement",
      "correct": false
    },
    {
      "text": "Here is the fax number;",
      "true_label": "Generalinformation",
      "pred_label": "Generalinformation",
      "correct": true
    },
    {
      "text": "in pain again.",
      "true_label": "Symptoms",
      "pred_label": "Symptoms",
      "correct": true
    },
    {
      "text": "when you send",
      "true_label": "HealthCareAccessAndQuality",
      "pred_label": "Generalinformation",
      "correct": false
    },
    {
      "text": "Yes.",
      "true_label": "Alignment",
      "pred_label": "Alignment",
      "correct": true
    },
    {
      "text": "Thanks for the message.",
      "true_label": "Appreciation/Gratitude",
      "pred_label": "Appreciation/Gratitude",
      "correct": true
    },
    {
      "text": "Sounds good,",
      "true_label": "Alignment",
      "pred_label": "Alignment",
      "correct": true
    },
    {
      "text": "Good morning,",
      "true_label": "salutation",
      "pred_label": "salutation",
      "correct": true
    },
    {
      "text": "home he didn feel good yesterday and today we had",
      "true_label": "Symptoms",
      "pred_label": "SchedulingAppt",
      "correct": false
    },
    {
      "text": "Good morning,",
      "true_label": "salutation",
      "pred_label": "salutation",
      "correct": true
    },
    {
      "text": "it the nerve has not recovered",
      "true_label": "Sadness/fear",
      "pred_label": "Symptoms",
      "correct": false
    },
    {
      "text": "I wanted to reach out to Dr. Person1 regarding having trouble falling asleep the last 4 nights.",
      "true_label": "HealthCareAccessAndQuality",
      "pred_label": "carecoordination",
      "correct": false
    },
    {
      "text": "Very happy to hear you are",
      "true_label": "PositiveRemarks",
      "pred_label": "connection",
      "correct": false
    },
    {
      "text": "This letter explains the process for appeal.",
      "true_label": "Generalinformation",
      "pred_label": "Generalinformation",
      "correct": true
    },
    {
      "text": "The PT referral was placed Thanks Person2",
      "true_label": "maintainCommunication",
      "pred_label": "carecoordination",
      "correct": false
    },
    {
      "text": "Thanks for your reply.",
      "true_label": "Appreciation/Gratitude",
      "pred_label": "Appreciation/Gratitude",
      "correct": true
    },
    {
      "text": "I recently had a bunch of blood work entered",
      "true_label": "Diagnostics",
      "pred_label": "Diagnostics",
      "correct": true
    },
    {
      "text": "No problem,",
      "true_label": "Alignment",
      "pred_label": "Alignment",
      "correct": true
    },
    {
      "text": "my appointment for the bone density injection.",
      "true_label": "statePreferences",
      "pred_label": "statePreferences",
      "correct": true
    },
    {
      "text": "My visit with you tomorrow at 10:45.",
      "true_label": "SchedulingAppt",
      "pred_label": "SchedulingAppt",
      "correct": true
    },
    {
      "text": "Thank you,",
      "true_label": "signoff",
      "pred_label": "signoff",
      "correct": true
    },
    {
      "text": "you are doing it correctly.",
      "true_label": "Reassurance",
      "pred_label": "Alignment",
      "correct": false
    },
    {
      "text": "Its Person1 - she is managing that so we cannot refill.",
      "true_label": "checkingUnderstanding/clarification",
      "pred_label": "Drugs",
      "correct": false
    },
    {
      "text": "Their number is XXX-XXX-XXXX.",
      "true_label": "Generalinformation",
      "pred_label": "Generalinformation",
      "correct": true
    },
    {
      "text": "to ask Dr. Person2 about my thumbnail & big toe",
      "true_label": "Symptoms",
      "pred_label": "statePreferences",
      "correct": false
    },
    {
      "text": "Do you have the result Person1 ?",
      "true_label": "Diagnostics",
      "pred_label": "activeParticipation/involvement",
      "correct": false
    },
    {
      "text": "You will need to get the portflushed in Org1 but the secretaries can help",
      "true_label": "HealthCareAccessAndQuality",
      "pred_label": "Instruction",
      "correct": false
    },
    {
      "text": "30 tablets on MM/DD/YYYY how many a day is he taking",
      "true_label": "Drugs",
      "pred_label": "Drugs",
      "correct": true
    },
    {
      "text": "Thanks for reaching out.",
      "true_label": "Appreciation/Gratitude",
      "pred_label": "Appreciation/Gratitude",
      "correct": true
    },
    {
      "text": "Please call #XXX-XXX-XXXX to schedule.",
      "true_label": "SchedulingAppt",
      "pred_label": "SchedulingAppt",
      "correct": true
    },
    {
      "text": "Hi Person1 are you taking him for repeat labs and urine",
      "true_label": "Diagnostics",
      "pred_label": "Diagnostics",
      "correct": true
    },
    {
      "text": "Person2's application for a 2 week Rehab visit at Org9 was rejected by Org9 his insurer.",
      "true_label": "HealthCareAccessAndQuality",
      "pred_label": "carecoordination",
      "correct": false
    },
    {
      "text": "Thanks  so much again!",
      "true_label": "Appreciation/Gratitude",
      "pred_label": "Appreciation/Gratitude",
      "correct": true
    },
    {
      "text": "Sincerely,",
      "true_label": "signoff",
      "pred_label": "signoff",
      "correct": true
    },
    {
      "text": "it is elevated.",
      "true_label": "Diagnostics",
      "pred_label": "HealthCareAccessAndQuality",
      "correct": false
    },
    {
      "text": "to reschedule to a different MM/DD/YYYY morning or MM/DD/YYYY afternoon",
      "true_label": "SchedulingAppt",
      "pred_label": "SchedulingAppt",
      "correct": true
    },
    {
      "text": "severe difficulty breathing so I called 911.",
      "true_label": "Symptoms",
      "pred_label": "activeParticipation/involvement",
      "correct": false
    },
    {
      "text": "At our last appointment we discussed getting the cancer antigen test at my next blood work.",
      "true_label": "Diagnostics",
      "pred_label": "Diagnostics",
      "correct": true
    },
    {
      "text": "my refill to Org,",
      "true_label": "HealthCareAccessAndQuality",
      "pred_label": "HealthCareAccessAndQuality",
      "correct": true
    },
    {
      "text": "Really cuts the pain down to almost nothing.",
      "true_label": "Symptoms",
      "pred_label": "Symptoms",
      "correct": true
    },
    {
      "text": "in an order for an ECHO because she said",
      "true_label": "Diagnostics",
      "pred_label": "Diagnostics",
      "correct": true
    },
    {
      "text": "a pulled muscle?",
      "true_label": "expressOpinions",
      "pred_label": "Symptoms",
      "correct": false
    },
    {
      "text": "See you then!",
      "true_label": "signoff",
      "pred_label": "connection",
      "correct": false
    },
    {
      "text": "As of right now nationwide it is still being given to  healthcare professionals first.",
      "true_label": "checkingUnderstanding/clarification",
      "pred_label": "Drugs",
      "correct": false
    },
    {
      "text": "Thanks,",
      "true_label": "signoff",
      "pred_label": "signoff",
      "correct": true
    },
    {
      "text": "the CBC at the Org2 draw station in Org2 and they said they do not have",
      "true_label": "HealthCareAccessAndQuality",
      "pred_label": "Diagnostics",
      "correct": false
    },
    {
      "text": "able to do that there",
      "true_label": "expressOpinions",
      "pred_label": "HealthCareAccessAndQuality",
      "correct": false
    },
    {
      "text": "I see an appointment for Urology in Org3 with Dr. Person1 on MM/DD/YYYY at 3 pm.",
      "true_label": "SchedulingAppt",
      "pred_label": "SchedulingAppt",
      "correct": true
    },
    {
      "text": "Thank you.",
      "true_label": "signoff",
      "pred_label": "signoff",
      "correct": true
    },
    {
      "text": "Hi Person1 will be calling you to discuss plan further.",
      "true_label": "maintainCommunication",
      "pred_label": "Generalinformation",
      "correct": false
    },
    {
      "text": "I have a very important appointment with my VA oral surgeon on the same date.",
      "true_label": "carecoordination",
      "pred_label": "carecoordination",
      "correct": true
    },
    {
      "text": "I told them of this pain on my right side.",
      "true_label": "Symptoms",
      "pred_label": "carecoordination",
      "correct": false
    },
    {
      "text": "ok can I have those shots at LOCATION?",
      "true_label": "HealthCareAccessAndQuality",
      "pred_label": "activeParticipation/involvement",
      "correct": false
    },
    {
      "text": "please let  me know",
      "true_label": "maintainCommunication",
      "pred_label": "activeParticipation/involvement",
      "correct": false
    },
    {
      "text": "had a nice Thanksgiving.",
      "true_label": "connection",
      "pred_label": "connection",
      "correct": true
    },
    {
      "text": "I believe i will also need",
      "true_label": "expressOpinions",
      "pred_label": "statePreferences",
      "correct": false
    },
    {
      "text": "to show you my finger nails",
      "true_label": "activeParticipation/involvement",
      "pred_label": "carecoordination",
      "correct": false
    },
    {
      "text": ":-(   I wanted to go to a walk-in because my left ear feels infected",
      "true_label": "Symptoms",
      "pred_label": "Generalinformation",
      "correct": false
    },
    {
      "text": "A test result for CEA came in but I don't know",
      "true_label": "Diagnostics",
      "pred_label": "Diagnostics",
      "correct": true
    },
    {
      "text": "Great!",
      "true_label": "Alignment",
      "pred_label": "Alignment",
      "correct": true
    },
    {
      "text": "able to go back in again I need a note clearing",
      "true_label": "Generalinformation",
      "pred_label": "Generalinformation",
      "correct": true
    },
    {
      "text": "It appears to be an antibiotic of some sort but I not aware of what condition it is for?",
      "true_label": "activeParticipation/involvement",
      "pred_label": "activeParticipation/involvement",
      "correct": true
    },
    {
      "text": "Will I get chemo on MM/DD/YYYY?",
      "true_label": "Drugs",
      "pred_label": "activeParticipation/involvement",
      "correct": false
    },
    {
      "text": "one of Dr. Person2's fellows.",
      "true_label": "Generalinformation",
      "pred_label": "carecoordination",
      "correct": false
    },
    {
      "text": "In add ition we are going to research other facilities to see",
      "true_label": "activeParticipation/involvement",
      "pred_label": "SchedulingAppt",
      "correct": false
    },
    {
      "text": "at all or just not full time.",
      "true_label": "EconomicStability",
      "pred_label": "HealthCareAccessAndQuality",
      "correct": false
    },
    {
      "text": "I would like to request a meeting with Person1's teams on Monday morning I am",
      "true_label": "statePreferences",
      "pred_label": "Drugs",
      "correct": false
    },
    {
      "text": "Yes we got both will take",
      "true_label": "Drugs",
      "pred_label": "expressOpinions",
      "correct": false
    },
    {
      "text": "Thanks,",
      "true_label": "signoff",
      "pred_label": "signoff",
      "correct": true
    },
    {
      "text": "Good afternoon Yes a referral has been placed for genetics They should be reaching",
      "true_label": "carecoordination",
      "pred_label": "Diagnostics",
      "correct": false
    },
    {
      "text": "So he is happy with that.",
      "true_label": "Alignment",
      "pred_label": "Reassurance",
      "correct": false
    },
    {
      "text": "I would like to add one more Rx request: a new script for Lidocaine / Prilocaine cream,",
      "true_label": "Drugs",
      "pred_label": "Drugs",
      "correct": true
    },
    {
      "text": "back on the scheduling of the shot so with surgery on MM/DD/YYYY,",
      "true_label": "activeParticipation/involvement",
      "pred_label": "Drugs",
      "correct": false
    },
    {
      "text": "This test usually takes MM/DD/YYYY to get",
      "true_label": "SchedulingAppt",
      "pred_label": "Diagnostics",
      "correct": false
    },
    {
      "text": "not due a sertraline refill until MM/DD/YYYY.",
      "true_label": "Drugs",
      "pred_label": "Drugs",
      "correct": true
    },
    {
      "text": "Good afternoon,",
      "true_label": "salutation",
      "pred_label": "salutation",
      "correct": true
    },
    {
      "text": "The pharmacy still hasn filled the prescription for Tramadol,",
      "true_label": "activeParticipation/involvement",
      "pred_label": "Drugs",
      "correct": false
    },
    {
      "text": "a little nervous now.",
      "true_label": "ExpressConcern/unease",
      "pred_label": "Symptoms",
      "correct": false
    },
    {
      "text": "PSA takes longer to run.",
      "true_label": "Diagnostics",
      "pred_label": "Diagnostics",
      "correct": true
    },
    {
      "text": "You are correct with the plan to hold off on this cycle and have",
      "true_label": "Approval/Reinforcement",
      "pred_label": "Drugs",
      "correct": false
    },
    {
      "text": "Especially if you are concerned about COVID.",
      "true_label": "Reassurance",
      "pred_label": "MakeDecision",
      "correct": false
    },
    {
      "text": "Thanks so much.",
      "true_label": "signoff",
      "pred_label": "signoff",
      "correct": true
    },
    {
      "text": "Thanks Person1 - that would be great",
      "true_label": "connection",
      "pred_label": "Appreciation/Gratitude",
      "correct": false
    },
    {
      "text": "around my dad eye advise yesterday..now itchy",
      "true_label": "Symptoms",
      "pred_label": "Symptoms",
      "correct": true
    },
    {
      "text": "please start taking calcium 1000 mg daily as well as 400 IU of vitamin D daily.",
      "true_label": "Approval/Reinforcement",
      "pred_label": "activeParticipation/involvement",
      "correct": false
    },
    {
      "text": "My husband was just diagnosed with skin cancer by his dermatologist.",
      "true_label": "carecoordination",
      "pred_label": "Generalinformation",
      "correct": false
    },
    {
      "text": "we number is XXX-XXX-XXXX Person2Let me know",
      "true_label": "activeParticipation/involvement",
      "pred_label": "Generalinformation",
      "correct": false
    },
    {
      "text": "unwell you should hold the Ibrance.",
      "true_label": "Approval/Reinforcement",
      "pred_label": "Drugs",
      "correct": false
    },
    {
      "text": "Hi  Not really I can have toast and it will bother",
      "true_label": "Symptoms",
      "pred_label": "Generalinformation",
      "correct": false
    },
    {
      "text": "Hi,",
      "true_label": "salutation",
      "pred_label": "salutation",
      "correct": true
    },
    {
      "text": "you they were going to do all of the blood test you had put",
      "true_label": "Diagnostics",
      "pred_label": "Diagnostics",
      "correct": true
    },
    {
      "text": "Have a great weekend.",
      "true_label": "connection",
      "pred_label": "connection",
      "correct": true
    },
    {
      "text": "I can make any time available",
      "true_label": "statePreferences",
      "pred_label": "SchedulingAppt",
      "correct": false
    },
    {
      "text": "a prescription for trazodone from Org2 oncology,",
      "true_label": "Drugs",
      "pred_label": "HealthCareAccessAndQuality",
      "correct": false
    },
    {
      "text": "Thank",
      "true_label": "signoff",
      "pred_label": "signoff",
      "correct": true
    },
    {
      "text": "Ok thank you",
      "true_label": "signoff",
      "pred_label": "signoff",
      "correct": true
    },
    {
      "text": "to lay on my right side lol but I thinking maybe in a few weeks.",
      "true_label": "expressOpinions",
      "pred_label": "ExpressConcern/unease",
      "correct": false
    },
    {
      "text": "Many thanks!",
      "true_label": "signoff",
      "pred_label": "signoff",
      "correct": true
    },
    {
      "text": "Will just rearrange a couple of things.",
      "true_label": "Generalinformation",
      "pred_label": "Generalinformation",
      "correct": true
    },
    {
      "text": "We will be testing for PSA,",
      "true_label": "Diagnostics",
      "pred_label": "Diagnostics",
      "correct": true
    },
    {
      "text": "Thank you",
      "true_label": "signoff",
      "pred_label": "signoff",
      "correct": true
    },
    {
      "text": "Did they respond back?",
      "true_label": "activeParticipation/involvement",
      "pred_label": "activeParticipation/involvement",
      "correct": true
    },
    {
      "text": "Kind Regards Person2",
      "true_label": "signoff",
      "pred_label": "signoff",
      "correct": true
    },
    {
      "text": "Could you please let me know",
      "true_label": "Diagnostics",
      "pred_label": "activeParticipation/involvement",
      "correct": false
    },
    {
      "text": "the timing of my blood work.",
      "true_label": "Diagnostics",
      "pred_label": "Diagnostics",
      "correct": true
    },
    {
      "text": "Yes I had prostate cancer and it had",
      "true_label": "Symptoms",
      "pred_label": "HealthCareAccessAndQuality",
      "correct": false
    },
    {
      "text": "Have you tried anything for it?",
      "true_label": "Symptoms",
      "pred_label": "Drugs",
      "correct": false
    },
    {
      "text": "Could you please cancel my PET and CT",
      "true_label": "activeParticipation/involvement",
      "pred_label": "SchedulingAppt",
      "correct": false
    },
    {
      "text": "to go other place to do",
      "true_label": "HealthCareAccessAndQuality",
      "pred_label": "HealthCareAccessAndQuality",
      "correct": true
    },
    {
      "text": "Can she call me please",
      "true_label": "activeParticipation/involvement",
      "pred_label": "activeParticipation/involvement",
      "correct": true
    },
    {
      "text": "Your appointment is scheduled for in person.",
      "true_label": "SchedulingAppt",
      "pred_label": "SchedulingAppt",
      "correct": true
    },
    {
      "text": "The consensus is I had",
      "true_label": "Symptoms",
      "pred_label": "expressOpinions",
      "correct": false
    },
    {
      "text": "we have decided to forgo the fertility option to have eggs extracted",
      "true_label": "statePreferences",
      "pred_label": "statePreferences",
      "correct": true
    },
    {
      "text": "The coughing is subsiding also.",
      "true_label": "Symptoms",
      "pred_label": "Symptoms",
      "correct": true
    },
    {
      "text": "I went for my mammogram last MM/DD/YYYY.",
      "true_label": "Diagnostics",
      "pred_label": "Diagnostics",
      "correct": true
    },
    {
      "text": "Will I still be taking the same dose,",
      "true_label": "Drugs",
      "pred_label": "Drugs",
      "correct": true
    },
    {
      "text": "They did fill one more but said",
      "true_label": "Drugs",
      "pred_label": "Drugs",
      "correct": true
    },
    {
      "text": "Thanks so much!",
      "true_label": "signoff",
      "pred_label": "signoff",
      "correct": true
    },
    {
      "text": "Thank you,",
      "true_label": "signoff",
      "pred_label": "signoff",
      "correct": true
    },
    {
      "text": "Would love to get back on to the Eliquis if I can",
      "true_label": "statePreferences",
      "pred_label": "statePreferences",
      "correct": true
    },
    {
      "text": "I faxed the paperwork,",
      "true_label": "carecoordination",
      "pred_label": "Diagnostics",
      "correct": false
    },
    {
      "text": "I am still waiting for the culture.",
      "true_label": "Diagnostics",
      "pred_label": "Diagnostics",
      "correct": true
    },
    {
      "text": "to you as well.",
      "true_label": "connection",
      "pred_label": "Generalinformation",
      "correct": false
    },
    {
      "text": "Happy MM/DD/YYYY!",
      "true_label": "connection",
      "pred_label": "connection",
      "correct": true
    },
    {
      "text": "Best",
      "true_label": "signoff",
      "pred_label": "signoff",
      "correct": true
    },
    {
      "text": "I going to clean it with peroxide and see",
      "true_label": "Drugs",
      "pred_label": "Drugs",
      "correct": true
    },
    {
      "text": "the Inpatient GI Team.",
      "true_label": "Instruction",
      "pred_label": "HealthCareAccessAndQuality",
      "correct": false
    },
    {
      "text": "MM/DD/YYYY is good.",
      "true_label": "Alignment",
      "pred_label": "Diagnostics",
      "correct": false
    },
    {
      "text": "I will have my BAs call",
      "true_label": "carecoordination",
      "pred_label": "SchedulingAppt",
      "correct": false
    },
    {
      "text": "after the first week in MM/DD/YYYY when I get",
      "true_label": "Generalinformation",
      "pred_label": "Drugs",
      "correct": false
    },
    {
      "text": "out to our office!",
      "true_label": "Instruction",
      "pred_label": "connection",
      "correct": false
    },
    {
      "text": "The neuropathy has tapered",
      "true_label": "Symptoms",
      "pred_label": "Symptoms",
      "correct": true
    },
    {
      "text": "Hi,",
      "true_label": "salutation",
      "pred_label": "salutation",
      "correct": true
    },
    {
      "text": "today     This Person2 assistant face is blocking the attachment link!",
      "true_label": "Generalinformation",
      "pred_label": "activeParticipation/involvement",
      "correct": false
    },
    {
      "text": "Hi Person1 we have no information.",
      "true_label": "Generalinformation",
      "pred_label": "Generalinformation",
      "correct": true
    },
    {
      "text": "out to you Their phone number is",
      "true_label": "Generalinformation",
      "pred_label": "HealthCareAccessAndQuality",
      "correct": false
    },
    {
      "text": "You may get flu like symptoms for a day.",
      "true_label": "Prognosis",
      "pred_label": "Prognosis",
      "correct": true
    },
    {
      "text": "Can I take that with the Ibrance?",
      "true_label": "SeekingApproval",
      "pred_label": "Drugs",
      "correct": false
    },
    {
      "text": "When will I be getting my Covid vaccine and can my wife get",
      "true_label": "Drugs",
      "pred_label": "activeParticipation/involvement",
      "correct": false
    },
    {
      "text": "Please advise me how to submit this to G Hosp,",
      "true_label": "Generalinformation",
      "pred_label": "carecoordination",
      "correct": false
    },
    {
      "text": "My youngest son has MS.",
      "true_label": "Generalinformation",
      "pred_label": "carecoordination",
      "correct": false
    },
    {
      "text": "to come in next for a check up?",
      "true_label": "SchedulingAppt",
      "pred_label": "activeParticipation/involvement",
      "correct": false
    },
    {
      "text": "Oh I see",
      "true_label": "Alignment",
      "pred_label": "Alignment",
      "correct": true
    },
    {
      "text": "Regards,",
      "true_label": "signoff",
      "pred_label": "signoff",
      "correct": true
    },
    {
      "text": "Thank You Person2",
      "true_label": "signoff",
      "pred_label": "signoff",
      "correct": true
    },
    {
      "text": "Also we were given only one page.",
      "true_label": "Generalinformation",
      "pred_label": "Diagnostics",
      "correct": false
    },
    {
      "text": "Cool re rash    I saw dr  Person1 on video chat in MM/DD/YYYY",
      "true_label": "carecoordination",
      "pred_label": "carecoordination",
      "correct": true
    },
    {
      "text": "Thank you,",
      "true_label": "signoff",
      "pred_label": "signoff",
      "correct": true
    },
    {
      "text": "Does that also mean that I should take",
      "true_label": "SeekingApproval",
      "pred_label": "activeParticipation/involvement",
      "correct": false
    },
    {
      "text": "and they backed",
      "true_label": "ExpressConcern/unease",
      "pred_label": "Generalinformation",
      "correct": false
    },
    {
      "text": "I put a referral in for but didn't see",
      "true_label": "carecoordination",
      "pred_label": "Generalinformation",
      "correct": false
    },
    {
      "text": "I sorry I get",
      "true_label": "AcknowledgeError",
      "pred_label": "connection",
      "correct": false
    },
    {
      "text": "and a Happy New Year",
      "true_label": "connection",
      "pred_label": "connection",
      "correct": true
    },
    {
      "text": "Please call #XXX-XXX-XXXX to reschedule",
      "true_label": "Instruction",
      "pred_label": "Instruction",
      "correct": true
    },
    {
      "text": "Good luck.",
      "true_label": "connection",
      "pred_label": "signoff",
      "correct": false
    },
    {
      "text": ":-)     Would you mind writing me a note for work saying that I had tested",
      "true_label": "EconomicStability",
      "pred_label": "activeParticipation/involvement",
      "correct": false
    },
    {
      "text": "Sincerely,",
      "true_label": "signoff",
      "pred_label": "signoff",
      "correct": true
    },
    {
      "text": "Your welcome Kind regards",
      "true_label": "connection",
      "pred_label": "connection",
      "correct": true
    },
    {
      "text": "All set for MM/DD/YYYY",
      "true_label": "SchedulingAppt",
      "pred_label": "SchedulingAppt",
      "correct": true
    },
    {
      "text": "Thanks",
      "true_label": "signoff",
      "pred_label": "signoff",
      "correct": true
    },
    {
      "text": "at the Org4 dental clinic.",
      "true_label": "HealthCareAccessAndQuality",
      "pred_label": "carecoordination",
      "correct": false
    },
    {
      "text": "He has had absolutely no energy over the past week and chest congestion",
      "true_label": "Symptoms",
      "pred_label": "Symptoms",
      "correct": true
    }
  ]
}