{
  "seed": 2906,
  "input_file": "filtered_srl_graphs_weighted",
  "model": "SRL-GCN-Weighted",
  "source": "subsentence",
  "label_type": "subcode",
  "class_names": [
    "AcknowledgeError",
    "Alignment",
    "Appreciation/Gratitude",
    "Approval/Reinforcement",
    "ApprovalofDecision/Reinforcement",
    "Diagnostics",
    "Drugs",
    "EconomicStability",
    "EncourageQuestions",
    "ExploreOptions",
    "ExpressConcern/unease",
    "Generalinformation",
    "HealthCareAccessAndQuality",
    "Instruction",
    "MakeDecision",
    "NeighborhoodAndBuiltEnvironment",
    "PositiveRemarks",
    "Prognosis",
    "Reassurance",
    "Sadness/fear",
    "SchedulingAppt",
    "SeekingApproval",
    "ShareOptions",
    "SummarizeConfirmUnderstanding",
    "Symptoms",
    "activeParticipation/involvement",
    "build trust",
    "carecoordination",
    "checkingUnderstanding/clarification",
    "connection",
    "expressOpinions",
    "inviteCollaboration",
    "maintainCommunication",
    "salutation",
    "signoff",
    "statePreferences"
  ],
  "metrics": [
    {
      "epoch": 1,
      "loss": 3.4565702080726624,
      "accuracy": 0.1774580335731415,
      "f1": 0.026208547378569334
    },
    {
      "epoch": 2,
      "loss": 3.113125883615934,
      "accuracy": 0.20863309352517986,
      "f1": 0.026412407009740645
    },
    {
      "epoch": 3,
      "loss": 2.8475402914560757,
      "accuracy": 0.23980815347721823,
      "f1": 0.049619317807273675
    },
    {
      "epoch": 4,
      "loss": 2.6750997809263377,
      "accuracy": 0.2733812949640288,
      "f1": 0.07245772314909703
    },
    {
      "epoch": 5,
      "loss": 2.5471617717009325,
      "accuracy": 0.29256594724220625,
      "f1": 0.08176031503795282
    },
    {
      "epoch": 6,
      "loss": 2.4453487121141873,
      "accuracy": 0.31654676258992803,
      "f1": 0.10035109407724525
    },
    {
      "epoch": 7,
      "loss": 2.3591368267169366,
      "accuracy": 0.34532374100719426,
      "f1": 0.11469478986615624
    },
    {
      "epoch": 8,
      "loss": 2.2810568924133596,
      "accuracy": 0.381294964028777,
      "f1": 0.13068555091573988
    },
    {
      "epoch": 9,
      "loss": 2.2068972129088182,
      "accuracy": 0.38369304556354916,
      "f1": 0.14504026022104533
    },
    {
      "epoch": 10,
      "loss": 2.14274878685291,
      "accuracy": 0.407673860911271,
      "f1": 0.16074329587111355
    },
    {
      "epoch": 11,
      "loss": 2.0868592972938833,
      "accuracy": 0.4172661870503597,
      "f1": 0.172140689699597
    },
    {
      "epoch": 12,
      "loss": 2.0339631186081815,
      "accuracy": 0.434052757793765,
      "f1": 0.18908445554178613
    },
    {
      "epoch": 13,
      "loss": 1.9792720560844128,
      "accuracy": 0.4316546762589928,
      "f1": 0.18946035926022478
    },
    {
      "epoch": 14,
      "loss": 1.9340467613476973,
      "accuracy": 0.44364508393285373,
      "f1": 0.1913757738894424
    },
    {
      "epoch": 15,
      "loss": 1.8905635201014006,
      "accuracy": 0.46522781774580335,
      "f1": 0.20956881804319896
    },
    {
      "epoch": 16,
      "loss": 1.852229696053725,
      "accuracy": 0.460431654676259,
      "f1": 0.21009187206238503
    },
    {
      "epoch": 17,
      "loss": 1.812564152937669,
      "accuracy": 0.4580335731414868,
      "f1": 0.2081067512986689
    },
    {
      "epoch": 18,
      "loss": 1.7810022601714501,
      "accuracy": 0.4844124700239808,
      "f1": 0.21929614030951175
    },
    {
      "epoch": 19,
      "loss": 1.7493330240249634,
      "accuracy": 0.47002398081534774,
      "f1": 0.21216587589775
    },
    {
      "epoch": 20,
      "loss": 1.714393627185088,
      "accuracy": 0.47002398081534774,
      "f1": 0.2129936788659344
    },
    {
      "epoch": 21,
      "loss": 1.6843816431669087,
      "accuracy": 0.49640287769784175,
      "f1": 0.2300747839157397
    },
    {
      "epoch": 22,
      "loss": 1.6530957153210273,
      "accuracy": 0.4844124700239808,
      "f1": 0.22360330227266442
    },
    {
      "epoch": 23,
      "loss": 1.626601060995689,
      "accuracy": 0.4940047961630695,
      "f1": 0.23027146652391062
    },
    {
      "epoch": 24,
      "loss": 1.6025562080053182,
      "accuracy": 0.4940047961630695,
      "f1": 0.225444930701862
    },
    {
      "epoch": 25,
      "loss": 1.575900789636832,
      "accuracy": 0.5011990407673861,
      "f1": 0.23318500370338013
    },
    {
      "epoch": 26,
      "loss": 1.5530296839200532,
      "accuracy": 0.49160671462829736,
      "f1": 0.23563767818104467
    },
    {
      "epoch": 27,
      "loss": 1.5310215468590076,
      "accuracy": 0.4988009592326139,
      "f1": 0.2332849402868945
    },
    {
      "epoch": 28,
      "loss": 1.5102487366933088,
      "accuracy": 0.5107913669064749,
      "f1": 0.26720402461349074
    },
    {
      "epoch": 29,
      "loss": 1.4887970640109136,
      "accuracy": 0.49640287769784175,
      "f1": 0.26236589531923904
    },
    {
      "epoch": 30,
      "loss": 1.4648041197886834,
      "accuracy": 0.5011990407673861,
      "f1": 0.25551637643682157
    },
    {
      "epoch": 31,
      "loss": 1.4468663128522725,
      "accuracy": 0.49640287769784175,
      "f1": 0.23145553109703243
    },
    {
      "epoch": 32,
      "loss": 1.4286328370754535,
      "accuracy": 0.5059952038369304,
      "f1": 0.26842735729164674
    },
    {
      "epoch": 33,
      "loss": 1.405778936468638,
      "accuracy": 0.513189448441247,
      "f1": 0.2757463655719235
    },
    {
      "epoch": 34,
      "loss": 1.3877119513658376,
      "accuracy": 0.5179856115107914,
      "f1": 0.27359401618479995
    },
    {
      "epoch": 35,
      "loss": 1.3714732928917959,
      "accuracy": 0.5035971223021583,
      "f1": 0.27430320619222087
    },
    {
      "epoch": 36,
      "loss": 1.3523151805767646,
      "accuracy": 0.5035971223021583,
      "f1": 0.267665883109322
    },
    {
      "epoch": 37,
      "loss": 1.3354229709276786,
      "accuracy": 0.513189448441247,
      "f1": 0.27080164900907777
    },
    {
      "epoch": 38,
      "loss": 1.316825190415749,
      "accuracy": 0.5179856115107914,
      "f1": 0.2808368835816744
    },
    {
      "epoch": 39,
      "loss": 1.3000014286774855,
      "accuracy": 0.5011990407673861,
      "f1": 0.26582220627843506
    },
    {
      "epoch": 40,
      "loss": 1.283270477102353,
      "accuracy": 0.5107913669064749,
      "f1": 0.27130688339952536
    },
    {
      "epoch": 41,
      "loss": 1.2642636803480296,
      "accuracy": 0.513189448441247,
      "f1": 0.27111110202031596
    },
    {
      "epoch": 42,
      "loss": 1.24731561426933,
      "accuracy": 0.5083932853717026,
      "f1": 0.2737908278793363
    },
    {
      "epoch": 43,
      "loss": 1.231215306199514,
      "accuracy": 0.5107913669064749,
      "f1": 0.2843967605223174
    },
    {
      "epoch": 44,
      "loss": 1.2201131742734175,
      "accuracy": 0.5107913669064749,
      "f1": 0.2750028223277745
    },
    {
      "epoch": 45,
      "loss": 1.205599124615009,
      "accuracy": 0.5203836930455635,
      "f1": 0.2880305420217236
    },
    {
      "epoch": 46,
      "loss": 1.1867609711793752,
      "accuracy": 0.5059952038369304,
      "f1": 0.27414688633023754
    },
    {
      "epoch": 47,
      "loss": 1.1744225426362112,
      "accuracy": 0.5203836930455635,
      "f1": 0.28037283885159003
    },
    {
      "epoch": 48,
      "loss": 1.1600538962162459,
      "accuracy": 0.5251798561151079,
      "f1": 0.2919863510012539
    },
    {
      "epoch": 49,
      "loss": 1.150160510952656,
      "accuracy": 0.5107913669064749,
      "f1": 0.2759425181343812
    },
    {
      "epoch": 50,
      "loss": 1.1298609043543155,
      "accuracy": 0.5299760191846523,
      "f1": 0.29067776630718795
    },
    {
      "epoch": 51,
      "loss": 1.1192247695647752,
      "accuracy": 0.5155875299760192,
      "f1": 0.2794826453047738
    },
    {
      "epoch": 52,
      "loss": 1.1029646385174532,
      "accuracy": 0.5227817745803357,
      "f1": 0.3218498286758544
    },
    {
      "epoch": 53,
      "loss": 1.089661819430498,
      "accuracy": 0.5203836930455635,
      "f1": 0.30981962258786255
    },
    {
      "epoch": 54,
      "loss": 1.080012219456526,
      "accuracy": 0.5203836930455635,
      "f1": 0.3182891900158992
    },
    {
      "epoch": 55,
      "loss": 1.0630211681127548,
      "accuracy": 0.5299760191846523,
      "f1": 0.3289519605574218
    },
    {
      "epoch": 56,
      "loss": 1.051268349473293,
      "accuracy": 0.5203836930455635,
      "f1": 0.31860519077551436
    },
    {
      "epoch": 57,
      "loss": 1.0403791253383343,
      "accuracy": 0.5251798561151079,
      "f1": 0.32918898314400474
    },
    {
      "epoch": 58,
      "loss": 1.0260855486759772,
      "accuracy": 0.5347721822541966,
      "f1": 0.32967203907911435
    },
    {
      "epoch": 59,
      "loss": 1.0197640451101155,
      "accuracy": 0.5275779376498801,
      "f1": 0.3202176973416422
    },
    {
      "epoch": 60,
      "loss": 1.0035710609876192,
      "accuracy": 0.5299760191846523,
      "f1": 0.3298888318814858
    },
    {
      "epoch": 61,
      "loss": 0.9889605847688822,
      "accuracy": 0.539568345323741,
      "f1": 0.343989313530711
    },
    {
      "epoch": 62,
      "loss": 0.9813489925402862,
      "accuracy": 0.5323741007194245,
      "f1": 0.34009066671355426
    },
    {
      "epoch": 63,
      "loss": 0.9694105638907506,
      "accuracy": 0.539568345323741,
      "f1": 0.34321444020853353
    },
    {
      "epoch": 64,
      "loss": 0.9568206209402818,
      "accuracy": 0.5347721822541966,
      "f1": 0.3308411178111147
    },
    {
      "epoch": 65,
      "loss": 0.9436187939001963,
      "accuracy": 0.5227817745803357,
      "f1": 0.3197815244116779
    },
    {
      "epoch": 66,
      "loss": 0.9337403625249863,
      "accuracy": 0.5371702637889688,
      "f1": 0.33349152170333934
    },
    {
      "epoch": 67,
      "loss": 0.9222655720435656,
      "accuracy": 0.5347721822541966,
      "f1": 0.3236312855123603
    },
    {
      "epoch": 68,
      "loss": 0.9083601385354996,
      "accuracy": 0.5299760191846523,
      "f1": 0.33615180817401075
    },
    {
      "epoch": 69,
      "loss": 0.8974852619262842,
      "accuracy": 0.5227817745803357,
      "f1": 0.31709667522415125
    },
    {
      "epoch": 70,
      "loss": 0.8917801580750025,
      "accuracy": 0.5371702637889688,
      "f1": 0.33128368038698414
    },
    {
      "epoch": 71,
      "loss": 0.8767325173203762,
      "accuracy": 0.5323741007194245,
      "f1": 0.32577023302328867
    },
    {
      "epoch": 72,
      "loss": 0.8667234411606421,
      "accuracy": 0.5227817745803357,
      "f1": 0.3173319979439301
    },
    {
      "epoch": 73,
      "loss": 0.8533889903472021,
      "accuracy": 0.5251798561151079,
      "f1": 0.3293118897078397
    },
    {
      "epoch": 74,
      "loss": 0.8491499601648405,
      "accuracy": 0.5251798561151079,
      "f1": 0.3362994352129599
    },
    {
      "epoch": 75,
      "loss": 0.8328773436638025,
      "accuracy": 0.5275779376498801,
      "f1": 0.3259327489198721
    },
    {
      "epoch": 76,
      "loss": 0.8259049631082095,
      "accuracy": 0.5275779376498801,
      "f1": 0.32962710532981004
    },
    {
      "epoch": 77,
      "loss": 0.8159296890864005,
      "accuracy": 0.5323741007194245,
      "f1": 0.3286932350848101
    },
    {
      "epoch": 78,
      "loss": 0.8026733249425888,
      "accuracy": 0.5275779376498801,
      "f1": 0.32387739688208894
    },
    {
      "epoch": 79,
      "loss": 0.7922408672479483,
      "accuracy": 0.5323741007194245,
      "f1": 0.32673877876653584
    },
    {
      "epoch": 80,
      "loss": 0.7811327106677569,
      "accuracy": 0.5371702637889688,
      "f1": 0.33990777959098484
    },
    {
      "epoch": 81,
      "loss": 0.7750152578720679,
      "accuracy": 0.5443645083932853,
      "f1": 0.3352414034673311
    },
    {
      "epoch": 82,
      "loss": 0.7637203198212844,
      "accuracy": 0.5323741007194245,
      "f1": 0.33659892618408466
    },
    {
      "epoch": 83,
      "loss": 0.7536407141731336,
      "accuracy": 0.5347721822541966,
      "f1": 0.3307747968543401
    },
    {
      "epoch": 84,
      "loss": 0.743337003657451,
      "accuracy": 0.5323741007194245,
      "f1": 0.3399271118555088
    },
    {
      "epoch": 85,
      "loss": 0.7323189297547708,
      "accuracy": 0.5299760191846523,
      "f1": 0.3304234947332405
    },
    {
      "epoch": 86,
      "loss": 0.723621629178524,
      "accuracy": 0.5275779376498801,
      "f1": 0.3319997831372814
    },
    {
      "epoch": 87,
      "loss": 0.7164892399540315,
      "accuracy": 0.5347721822541966,
      "f1": 0.3365872107253286
    },
    {
      "epoch": 88,
      "loss": 0.7042632870949231,
      "accuracy": 0.5371702637889688,
      "f1": 0.33750919166068233
    },
    {
      "epoch": 89,
      "loss": 0.6948235510633542,
      "accuracy": 0.5227817745803357,
      "f1": 0.3278982173666515
    },
    {
      "epoch": 90,
      "loss": 0.6897780276261843,
      "accuracy": 0.5419664268585132,
      "f1": 0.34453635747964617
    },
    {
      "epoch": 91,
      "loss": 0.6769497537842164,
      "accuracy": 0.539568345323741,
      "f1": 0.33450224127225237
    },
    {
      "epoch": 92,
      "loss": 0.6664192521801362,
      "accuracy": 0.5155875299760192,
      "f1": 0.3235398113730949
    },
    {
      "epoch": 93,
      "loss": 0.6601696209265635,
      "accuracy": 0.5299760191846523,
      "f1": 0.32655329161459623
    },
    {
      "epoch": 94,
      "loss": 0.6504273592279508,
      "accuracy": 0.5323741007194245,
      "f1": 0.3343359137836782
    },
    {
      "epoch": 95,
      "loss": 0.6435420209398637,
      "accuracy": 0.5299760191846523,
      "f1": 0.33360395659863357
    },
    {
      "epoch": 96,
      "loss": 0.6333523169159889,
      "accuracy": 0.5371702637889688,
      "f1": 0.339253763986531
    },
    {
      "epoch": 97,
      "loss": 0.6245348476446592,
      "accuracy": 0.5299760191846523,
      "f1": 0.3346098698681622
    },
    {
      "epoch": 98,
      "loss": 0.6152573531636825,
      "accuracy": 0.5371702637889688,
      "f1": 0.33780310748324505
    },
    {
      "epoch": 99,
      "loss": 0.608441059405987,
      "accuracy": 0.539568345323741,
      "f1": 0.3361039326087389
    },
    {
      "epoch": 100,
      "loss": 0.60027592170697,
      "accuracy": 0.5323741007194245,
      "f1": 0.33900139938830703
    },
    {
      "epoch": 101,
      "loss": 0.5927118326608951,
      "accuracy": 0.5371702637889688,
      "f1": 0.3417489710675638
    },
    {
      "epoch": 102,
      "loss": 0.5814166504603165,
      "accuracy": 0.5371702637889688,
      "f1": 0.33934191291429416
    },
    {
      "epoch": 103,
      "loss": 0.5762975800495881,
      "accuracy": 0.539568345323741,
      "f1": 0.3577369955897941
    },
    {
      "epoch": 104,
      "loss": 0.5645287099939126,
      "accuracy": 0.5443645083932853,
      "f1": 0.3393415562061608
    },
    {
      "epoch": 105,
      "loss": 0.5566250389585128,
      "accuracy": 0.5275779376498801,
      "f1": 0.3322568136029981
    },
    {
      "epoch": 106,
      "loss": 0.5471619230050307,
      "accuracy": 0.5323741007194245,
      "f1": 0.33490485499556955
    },
    {
      "epoch": 107,
      "loss": 0.5417519208903496,
      "accuracy": 0.5347721822541966,
      "f1": 0.3385983137522261
    },
    {
      "epoch": 108,
      "loss": 0.5352139501617506,
      "accuracy": 0.5347721822541966,
      "f1": 0.34838356616025146
    },
    {
      "epoch": 109,
      "loss": 0.524506362584921,
      "accuracy": 0.5323741007194245,
      "f1": 0.3471352567601136
    },
    {
      "epoch": 110,
      "loss": 0.521014273739778,
      "accuracy": 0.5371702637889688,
      "f1": 0.3442452856211782
    },
    {
      "epoch": 111,
      "loss": 0.5122305974364281,
      "accuracy": 0.5275779376498801,
      "f1": 0.3434208061216938
    },
    {
      "epoch": 112,
      "loss": 0.5055704999428529,
      "accuracy": 0.5323741007194245,
      "f1": 0.3536035462774658
    },
    {
      "epoch": 113,
      "loss": 0.49596147353832537,
      "accuracy": 0.5275779376498801,
      "f1": 0.35055644440224276
    },
    {
      "epoch": 114,
      "loss": 0.4901267158297392,
      "accuracy": 0.5419664268585132,
      "f1": 0.3543891153347758
    },
    {
      "epoch": 115,
      "loss": 0.48128941712471157,
      "accuracy": 0.5371702637889688,
      "f1": 0.3566733128761036
    },
    {
      "epoch": 116,
      "loss": 0.47319421802575773,
      "accuracy": 0.5275779376498801,
      "f1": 0.3448942297048263
    },
    {
      "epoch": 117,
      "loss": 0.4716529708642226,
      "accuracy": 0.5347721822541966,
      "f1": 0.35136124472380914
    },
    {
      "epoch": 118,
      "loss": 0.4639143015329654,
      "accuracy": 0.539568345323741,
      "f1": 0.3572679128723836
    },
    {
      "epoch": 119,
      "loss": 0.4544464670694791,
      "accuracy": 0.5323741007194245,
      "f1": 0.34881770621522357
    },
    {
      "epoch": 120,
      "loss": 0.44841641560196877,
      "accuracy": 0.5299760191846523,
      "f1": 0.3502805146096898
    },
    {
      "epoch": 121,
      "loss": 0.4400685945382485,
      "accuracy": 0.5419664268585132,
      "f1": 0.3559364812321798
    },
    {
      "epoch": 122,
      "loss": 0.43124311331372994,
      "accuracy": 0.5323741007194245,
      "f1": 0.35145104203324984
    },
    {
      "epoch": 123,
      "loss": 0.43009998162205404,
      "accuracy": 0.5299760191846523,
      "f1": 0.3485540114731972
    },
    {
      "epoch": 124,
      "loss": 0.41973233681458694,
      "accuracy": 0.5323741007194245,
      "f1": 0.34907788135191853
    },
    {
      "epoch": 125,
      "loss": 0.41509777766007644,
      "accuracy": 0.539568345323741,
      "f1": 0.35585308887769346
    },
    {
      "epoch": 126,
      "loss": 0.4064725511349164,
      "accuracy": 0.5275779376498801,
      "f1": 0.3436264352469699
    },
    {
      "epoch": 127,
      "loss": 0.40079399943351746,
      "accuracy": 0.5323741007194245,
      "f1": 0.3468245612559563
    },
    {
      "epoch": 128,
      "loss": 0.3936090927857619,
      "accuracy": 0.5323741007194245,
      "f1": 0.34368346305187203
    },
    {
      "epoch": 129,
      "loss": 0.38812913487736994,
      "accuracy": 0.5155875299760192,
      "f1": 0.3408547348630631
    },
    {
      "epoch": 130,
      "loss": 0.37908498083169645,
      "accuracy": 0.5227817745803357,
      "f1": 0.34474493097955194
    },
    {
      "epoch": 131,
      "loss": 0.37357822318489736,
      "accuracy": 0.5347721822541966,
      "f1": 0.3388401675006853
    },
    {
      "epoch": 132,
      "loss": 0.3675376990666756,
      "accuracy": 0.5299760191846523,
      "f1": 0.35364539203616807
    },
    {
      "epoch": 133,
      "loss": 0.36225954443216324,
      "accuracy": 0.5251798561151079,
      "f1": 0.3440099477365193
    },
    {
      "epoch": 134,
      "loss": 0.3557385469858463,
      "accuracy": 0.5323741007194245,
      "f1": 0.35238716772867285
    },
    {
      "epoch": 135,
      "loss": 0.35055610824089783,
      "accuracy": 0.5299760191846523,
      "f1": 0.34323005936106105
    },
    {
      "epoch": 136,
      "loss": 0.34356117707032424,
      "accuracy": 0.5275779376498801,
      "f1": 0.33777033229200987
    },
    {
      "epoch": 137,
      "loss": 0.3388611181424214,
      "accuracy": 0.5227817745803357,
      "f1": 0.3363390088676339
    },
    {
      "epoch": 138,
      "loss": 0.3351074778116666,
      "accuracy": 0.5251798561151079,
      "f1": 0.3472145900735242
    },
    {
      "epoch": 139,
      "loss": 0.32894665232071507,
      "accuracy": 0.5299760191846523,
      "f1": 0.3377872575189304
    },
    {
      "epoch": 140,
      "loss": 0.3207503964121525,
      "accuracy": 0.5275779376498801,
      "f1": 0.340598622702026
    },
    {
      "epoch": 141,
      "loss": 0.3179361198384028,
      "accuracy": 0.5179856115107914,
      "f1": 0.3325861054980293
    },
    {
      "epoch": 142,
      "loss": 0.311349732371477,
      "accuracy": 0.5299760191846523,
      "f1": 0.3376697041278791
    },
    {
      "epoch": 143,
      "loss": 0.3051509117850891,
      "accuracy": 0.5275779376498801,
      "f1": 0.3303462775329968
    },
    {
      "epoch": 144,
      "loss": 0.30235102887337023,
      "accuracy": 0.5179856115107914,
      "f1": 0.3315456689983859
    },
    {
      "epoch": 145,
      "loss": 0.2971517945138308,
      "accuracy": 0.5299760191846523,
      "f1": 0.3520278782083673
    },
    {
      "epoch": 146,
      "loss": 0.2904711468861653,
      "accuracy": 0.5203836930455635,
      "f1": 0.33701915352195394
    },
    {
      "epoch": 147,
      "loss": 0.28443068351883155,
      "accuracy": 0.5227817745803357,
      "f1": 0.3319495292366869
    },
    {
      "epoch": 148,
      "loss": 0.28060319260335886,
      "accuracy": 0.5227817745803357,
      "f1": 0.3285171751243326
    },
    {
      "epoch": 149,
      "loss": 0.27400730922818184,
      "accuracy": 0.5155875299760192,
      "f1": 0.3267242024582058
    },
    {
      "epoch": 150,
      "loss": 0.26960753477536714,
      "accuracy": 0.5227817745803357,
      "f1": 0.32779348033131794
    }
  ]
}