{
  "model": "DEP-GCN",
  "source": "subsentence",
  "label_type": "subcode",
  "seed": 97859,
  "input_file": "filtered_dependency_graphs",
  "class_names": [
    "AcknowledgeError",
    "Alignment",
    "Appreciation/Gratitude",
    "Approval/Reinforcement",
    "ApprovalofDecision/Reinforcement",
    "Diagnostics",
    "Drugs",
    "EconomicStability",
    "EncourageQuestions",
    "ExploreOptions",
    "ExpressConcern/unease",
    "Generalinformation",
    "HealthCareAccessAndQuality",
    "Instruction",
    "MakeDecision",
    "NeighborhoodAndBuiltEnvironment",
    "PositiveRemarks",
    "Prognosis",
    "Reassurance",
    "Sadness/fear",
    "SchedulingAppt",
    "SeekingApproval",
    "ShareOptions",
    "SummarizeConfirmUnderstanding",
    "Symptoms",
    "activeParticipation/involvement",
    "build trust",
    "carecoordination",
    "checkingUnderstanding/clarification",
    "connection",
    "expressOpinions",
    "inviteCollaboration",
    "maintainCommunication",
    "salutation",
    "signoff",
    "statePreferences"
  ],
  "metrics": [
    {
      "epoch": 1,
      "loss": 3.4106827676296234,
      "accuracy": 0.17493472584856398,
      "f1": 0.018498019185639158
    },
    {
      "epoch": 2,
      "loss": 3.078788682818413,
      "accuracy": 0.17493472584856398,
      "f1": 0.01566840464361237
    },
    {
      "epoch": 3,
      "loss": 2.831021179755529,
      "accuracy": 0.2506527415143603,
      "f1": 0.049759295599703074
    },
    {
      "epoch": 4,
      "loss": 2.6451250116030374,
      "accuracy": 0.31592689295039167,
      "f1": 0.08149596001663155
    },
    {
      "epoch": 5,
      "loss": 2.495172987381617,
      "accuracy": 0.31070496083550914,
      "f1": 0.09135451642598959
    },
    {
      "epoch": 6,
      "loss": 2.3776571452617645,
      "accuracy": 0.36553524804177545,
      "f1": 0.13556057364037227
    },
    {
      "epoch": 7,
      "loss": 2.2819187765320144,
      "accuracy": 0.402088772845953,
      "f1": 0.1510696631519207
    },
    {
      "epoch": 8,
      "loss": 2.1984364837408066,
      "accuracy": 0.402088772845953,
      "f1": 0.15533614359098744
    },
    {
      "epoch": 9,
      "loss": 2.1278089905778566,
      "accuracy": 0.4255874673629243,
      "f1": 0.17314407797077164
    },
    {
      "epoch": 10,
      "loss": 2.0622500429550805,
      "accuracy": 0.4255874673629243,
      "f1": 0.17730946566445943
    },
    {
      "epoch": 11,
      "loss": 2.0004987542827926,
      "accuracy": 0.43342036553524804,
      "f1": 0.18080417799989348
    },
    {
      "epoch": 12,
      "loss": 1.9494742055733998,
      "accuracy": 0.4595300261096606,
      "f1": 0.19250638905658618
    },
    {
      "epoch": 13,
      "loss": 1.8982786561052005,
      "accuracy": 0.4490861618798956,
      "f1": 0.19020641457699708
    },
    {
      "epoch": 14,
      "loss": 1.8495257422327995,
      "accuracy": 0.4725848563968668,
      "f1": 0.19660169978240888
    },
    {
      "epoch": 15,
      "loss": 1.8098618562022846,
      "accuracy": 0.46475195822454307,
      "f1": 0.19571940156066808
    },
    {
      "epoch": 16,
      "loss": 1.7690667882561684,
      "accuracy": 0.4751958224543081,
      "f1": 0.1974325495859364
    },
    {
      "epoch": 17,
      "loss": 1.7308609833319981,
      "accuracy": 0.4856396866840731,
      "f1": 0.223503004258467
    },
    {
      "epoch": 18,
      "loss": 1.700793206691742,
      "accuracy": 0.4725848563968668,
      "f1": 0.19841220609962215
    },
    {
      "epoch": 19,
      "loss": 1.6665132120251656,
      "accuracy": 0.5065274151436031,
      "f1": 0.23721160525197701
    },
    {
      "epoch": 20,
      "loss": 1.6399656633536022,
      "accuracy": 0.4934725848563969,
      "f1": 0.22681851092789534
    },
    {
      "epoch": 21,
      "loss": 1.6093014205495517,
      "accuracy": 0.5143603133159269,
      "f1": 0.24029102248316878
    },
    {
      "epoch": 22,
      "loss": 1.5864558319250743,
      "accuracy": 0.5013054830287206,
      "f1": 0.2367943515820288
    },
    {
      "epoch": 23,
      "loss": 1.5612033332387607,
      "accuracy": 0.5195822454308094,
      "f1": 0.24266506986758327
    },
    {
      "epoch": 24,
      "loss": 1.5330328171451886,
      "accuracy": 0.5169712793733682,
      "f1": 0.2501258765192602
    },
    {
      "epoch": 25,
      "loss": 1.5165295178691547,
      "accuracy": 0.5169712793733682,
      "f1": 0.2498720894216112
    },
    {
      "epoch": 26,
      "loss": 1.4909927422801654,
      "accuracy": 0.5300261096605744,
      "f1": 0.25085214319966764
    },
    {
      "epoch": 27,
      "loss": 1.4686519019305706,
      "accuracy": 0.5378590078328982,
      "f1": 0.25584273555927634
    },
    {
      "epoch": 28,
      "loss": 1.4483265740176041,
      "accuracy": 0.5274151436031331,
      "f1": 0.2481355632701668
    },
    {
      "epoch": 29,
      "loss": 1.4286750641961892,
      "accuracy": 0.5352480417754569,
      "f1": 0.25406501238130424
    },
    {
      "epoch": 30,
      "loss": 1.4066394654413064,
      "accuracy": 0.5274151436031331,
      "f1": 0.25318832578819267
    },
    {
      "epoch": 31,
      "loss": 1.3857530454794567,
      "accuracy": 0.5326370757180157,
      "f1": 0.25827966548885284
    },
    {
      "epoch": 32,
      "loss": 1.371549302091201,
      "accuracy": 0.5378590078328982,
      "f1": 0.2562684826161126
    },
    {
      "epoch": 33,
      "loss": 1.3509166166186333,
      "accuracy": 0.5404699738903395,
      "f1": 0.25931132547876196
    },
    {
      "epoch": 34,
      "loss": 1.329990999152263,
      "accuracy": 0.5378590078328982,
      "f1": 0.26253834926923586
    },
    {
      "epoch": 35,
      "loss": 1.3186381856600444,
      "accuracy": 0.5509138381201044,
      "f1": 0.2753283760843521
    },
    {
      "epoch": 36,
      "loss": 1.2994384442766507,
      "accuracy": 0.5404699738903395,
      "f1": 0.25810034423326117
    },
    {
      "epoch": 37,
      "loss": 1.2873667292296886,
      "accuracy": 0.5352480417754569,
      "f1": 0.2552058154736896
    },
    {
      "epoch": 38,
      "loss": 1.2641998107234638,
      "accuracy": 0.5378590078328982,
      "f1": 0.2609952169681373
    },
    {
      "epoch": 39,
      "loss": 1.2520358848075073,
      "accuracy": 0.5352480417754569,
      "f1": 0.25644135295125237
    },
    {
      "epoch": 40,
      "loss": 1.238207700351874,
      "accuracy": 0.5535248041775457,
      "f1": 0.2678500809511738
    },
    {
      "epoch": 41,
      "loss": 1.223716429124276,
      "accuracy": 0.5509138381201044,
      "f1": 0.2673197721755469
    },
    {
      "epoch": 42,
      "loss": 1.2083722439905007,
      "accuracy": 0.5430809399477807,
      "f1": 0.2702593214048685
    },
    {
      "epoch": 43,
      "loss": 1.1913367261489232,
      "accuracy": 0.5378590078328982,
      "f1": 0.2603107640665376
    },
    {
      "epoch": 44,
      "loss": 1.174248820791642,
      "accuracy": 0.5483028720626631,
      "f1": 0.2659196696471692
    },
    {
      "epoch": 45,
      "loss": 1.1595561330517132,
      "accuracy": 0.5613577023498695,
      "f1": 0.2726789650386947
    },
    {
      "epoch": 46,
      "loss": 1.1485075702269871,
      "accuracy": 0.5404699738903395,
      "f1": 0.2726266889269769
    },
    {
      "epoch": 47,
      "loss": 1.1357618607580662,
      "accuracy": 0.5483028720626631,
      "f1": 0.28148529136787814
    },
    {
      "epoch": 48,
      "loss": 1.1210981880625088,
      "accuracy": 0.5378590078328982,
      "f1": 0.26395335984344376
    },
    {
      "epoch": 49,
      "loss": 1.1066289717952411,
      "accuracy": 0.5483028720626631,
      "f1": 0.27425825442892765
    },
    {
      "epoch": 50,
      "loss": 1.09162895505627,
      "accuracy": 0.5456919060052219,
      "f1": 0.2782065094438527
    },
    {
      "epoch": 51,
      "loss": 1.079952199012041,
      "accuracy": 0.5509138381201044,
      "f1": 0.2822209111238305
    },
    {
      "epoch": 52,
      "loss": 1.0707002840936184,
      "accuracy": 0.5483028720626631,
      "f1": 0.27489171158445164
    },
    {
      "epoch": 53,
      "loss": 1.0561780147254467,
      "accuracy": 0.5483028720626631,
      "f1": 0.28603542611395805
    },
    {
      "epoch": 54,
      "loss": 1.0452793116370838,
      "accuracy": 0.5404699738903395,
      "f1": 0.2714424080696762
    },
    {
      "epoch": 55,
      "loss": 1.0296342596411705,
      "accuracy": 0.5456919060052219,
      "f1": 0.27894651770555473
    },
    {
      "epoch": 56,
      "loss": 1.0210049661497276,
      "accuracy": 0.5404699738903395,
      "f1": 0.2688834300195226
    },
    {
      "epoch": 57,
      "loss": 1.0070834370950859,
      "accuracy": 0.5509138381201044,
      "f1": 0.28383743359189334
    },
    {
      "epoch": 58,
      "loss": 0.993045466641585,
      "accuracy": 0.5430809399477807,
      "f1": 0.2776543796664985
    },
    {
      "epoch": 59,
      "loss": 0.9825482269128164,
      "accuracy": 0.5509138381201044,
      "f1": 0.2959891538576431
    },
    {
      "epoch": 60,
      "loss": 0.9771655617902676,
      "accuracy": 0.5326370757180157,
      "f1": 0.2746335154486311
    },
    {
      "epoch": 61,
      "loss": 0.9610914091269175,
      "accuracy": 0.5483028720626631,
      "f1": 0.2799886464537027
    },
    {
      "epoch": 62,
      "loss": 0.9511986660460631,
      "accuracy": 0.566579634464752,
      "f1": 0.30577306400069204
    },
    {
      "epoch": 63,
      "loss": 0.9360398774345716,
      "accuracy": 0.5587467362924282,
      "f1": 0.30448695351063604
    },
    {
      "epoch": 64,
      "loss": 0.9256550048788389,
      "accuracy": 0.5483028720626631,
      "f1": 0.3041632383221439
    },
    {
      "epoch": 65,
      "loss": 0.9170791258414587,
      "accuracy": 0.5509138381201044,
      "f1": 0.3036322170653829
    },
    {
      "epoch": 66,
      "loss": 0.9064481370151043,
      "accuracy": 0.5456919060052219,
      "f1": 0.3022566738351903
    },
    {
      "epoch": 67,
      "loss": 0.8929617765049139,
      "accuracy": 0.566579634464752,
      "f1": 0.30879533225044203
    },
    {
      "epoch": 68,
      "loss": 0.8842701974014441,
      "accuracy": 0.5535248041775457,
      "f1": 0.29485781473941347
    },
    {
      "epoch": 69,
      "loss": 0.872872855514288,
      "accuracy": 0.5326370757180157,
      "f1": 0.2940648192575622
    },
    {
      "epoch": 70,
      "loss": 0.8587194556991259,
      "accuracy": 0.5483028720626631,
      "f1": 0.29853015014441214
    },
    {
      "epoch": 71,
      "loss": 0.8550910701354345,
      "accuracy": 0.5483028720626631,
      "f1": 0.29512476266636534
    },
    {
      "epoch": 72,
      "loss": 0.8410635863741239,
      "accuracy": 0.5535248041775457,
      "f1": 0.301372839561505
    },
    {
      "epoch": 73,
      "loss": 0.8275148688505093,
      "accuracy": 0.5456919060052219,
      "f1": 0.2980075618652865
    },
    {
      "epoch": 74,
      "loss": 0.8195941473046938,
      "accuracy": 0.5378590078328982,
      "f1": 0.27848616102489404
    },
    {
      "epoch": 75,
      "loss": 0.813425195713838,
      "accuracy": 0.5378590078328982,
      "f1": 0.287765123431235
    },
    {
      "epoch": 76,
      "loss": 0.8008031683663527,
      "accuracy": 0.5509138381201044,
      "f1": 0.3022914133791853
    },
    {
      "epoch": 77,
      "loss": 0.7915140284846226,
      "accuracy": 0.5430809399477807,
      "f1": 0.29026273458520235
    },
    {
      "epoch": 78,
      "loss": 0.7811285282174746,
      "accuracy": 0.5535248041775457,
      "f1": 0.28528381351046694
    },
    {
      "epoch": 79,
      "loss": 0.7725642416626215,
      "accuracy": 0.5430809399477807,
      "f1": 0.296173158561896
    },
    {
      "epoch": 80,
      "loss": 0.7623239432772001,
      "accuracy": 0.5509138381201044,
      "f1": 0.2965371396053872
    },
    {
      "epoch": 81,
      "loss": 0.7517839421828588,
      "accuracy": 0.5587467362924282,
      "f1": 0.2938428714918121
    },
    {
      "epoch": 82,
      "loss": 0.7467673396070799,
      "accuracy": 0.5378590078328982,
      "f1": 0.30891439425616235
    },
    {
      "epoch": 83,
      "loss": 0.7342715760072073,
      "accuracy": 0.5378590078328982,
      "f1": 0.30690774220627276
    },
    {
      "epoch": 84,
      "loss": 0.7310846038162708,
      "accuracy": 0.5430809399477807,
      "f1": 0.2899879019397446
    },
    {
      "epoch": 85,
      "loss": 0.7154622909923395,
      "accuracy": 0.5509138381201044,
      "f1": 0.31528062389104994
    },
    {
      "epoch": 86,
      "loss": 0.706392572571834,
      "accuracy": 0.5352480417754569,
      "f1": 0.2915640290916264
    },
    {
      "epoch": 87,
      "loss": 0.699055519575874,
      "accuracy": 0.5352480417754569,
      "f1": 0.2737874258978461
    },
    {
      "epoch": 88,
      "loss": 0.6900190692394972,
      "accuracy": 0.5352480417754569,
      "f1": 0.2924893846602718
    },
    {
      "epoch": 89,
      "loss": 0.6825444443772236,
      "accuracy": 0.5404699738903395,
      "f1": 0.310573861214391
    },
    {
      "epoch": 90,
      "loss": 0.6748352491607269,
      "accuracy": 0.5483028720626631,
      "f1": 0.29277382273025826
    },
    {
      "epoch": 91,
      "loss": 0.6631616620967785,
      "accuracy": 0.5378590078328982,
      "f1": 0.27506398681239097
    },
    {
      "epoch": 92,
      "loss": 0.6554901199415326,
      "accuracy": 0.5404699738903395,
      "f1": 0.3041214619693434
    },
    {
      "epoch": 93,
      "loss": 0.6460399515926838,
      "accuracy": 0.5483028720626631,
      "f1": 0.2916474670452489
    },
    {
      "epoch": 94,
      "loss": 0.6404370920111736,
      "accuracy": 0.5483028720626631,
      "f1": 0.2931897186318999
    },
    {
      "epoch": 95,
      "loss": 0.6326651331037283,
      "accuracy": 0.5404699738903395,
      "f1": 0.3094552771752672
    },
    {
      "epoch": 96,
      "loss": 0.6255739188442627,
      "accuracy": 0.5352480417754569,
      "f1": 0.3024260699040002
    },
    {
      "epoch": 97,
      "loss": 0.6137379116068283,
      "accuracy": 0.5430809399477807,
      "f1": 0.31170418647885656
    },
    {
      "epoch": 98,
      "loss": 0.6115944851189852,
      "accuracy": 0.5378590078328982,
      "f1": 0.28060738453576245
    },
    {
      "epoch": 99,
      "loss": 0.6065054262677828,
      "accuracy": 0.5404699738903395,
      "f1": 0.2899615309948669
    },
    {
      "epoch": 100,
      "loss": 0.5930360816419125,
      "accuracy": 0.556135770234987,
      "f1": 0.3000756350002076
    },
    {
      "epoch": 101,
      "loss": 0.5826528382798036,
      "accuracy": 0.5378590078328982,
      "f1": 0.27311962449952454
    },
    {
      "epoch": 102,
      "loss": 0.5739506340275208,
      "accuracy": 0.5430809399477807,
      "f1": 0.3054211113283811
    },
    {
      "epoch": 103,
      "loss": 0.5685392860323191,
      "accuracy": 0.5404699738903395,
      "f1": 0.292471495229888
    },
    {
      "epoch": 104,
      "loss": 0.5621519386768341,
      "accuracy": 0.5430809399477807,
      "f1": 0.31050859952588616
    },
    {
      "epoch": 105,
      "loss": 0.5531930861373743,
      "accuracy": 0.5326370757180157,
      "f1": 0.2913292727773299
    },
    {
      "epoch": 106,
      "loss": 0.5452521350234747,
      "accuracy": 0.5483028720626631,
      "f1": 0.3079027729538072
    },
    {
      "epoch": 107,
      "loss": 0.5432085686673721,
      "accuracy": 0.5430809399477807,
      "f1": 0.30623913548770554
    },
    {
      "epoch": 108,
      "loss": 0.5291931908577681,
      "accuracy": 0.5378590078328982,
      "f1": 0.306543396405838
    },
    {
      "epoch": 109,
      "loss": 0.525777326275905,
      "accuracy": 0.5326370757180157,
      "f1": 0.3012388660994668
    },
    {
      "epoch": 110,
      "loss": 0.5190945683668057,
      "accuracy": 0.5509138381201044,
      "f1": 0.3077599639527423
    },
    {
      "epoch": 111,
      "loss": 0.5097837833066782,
      "accuracy": 0.5378590078328982,
      "f1": 0.29582355122094495
    },
    {
      "epoch": 112,
      "loss": 0.505214619760712,
      "accuracy": 0.5300261096605744,
      "f1": 0.31555973945510396
    },
    {
      "epoch": 113,
      "loss": 0.4984946462015311,
      "accuracy": 0.5430809399477807,
      "f1": 0.31549642170442505
    },
    {
      "epoch": 114,
      "loss": 0.4889833678801854,
      "accuracy": 0.5352480417754569,
      "f1": 0.30960697435606555
    },
    {
      "epoch": 115,
      "loss": 0.48467674385756254,
      "accuracy": 0.5248041775456919,
      "f1": 0.2855950087542415
    },
    {
      "epoch": 116,
      "loss": 0.4806225107361873,
      "accuracy": 0.5326370757180157,
      "f1": 0.3039773815185014
    },
    {
      "epoch": 117,
      "loss": 0.4688942426194747,
      "accuracy": 0.5300261096605744,
      "f1": 0.3019066582920449
    },
    {
      "epoch": 118,
      "loss": 0.4607306042065223,
      "accuracy": 0.5326370757180157,
      "f1": 0.2953124544644447
    },
    {
      "epoch": 119,
      "loss": 0.4578909824291865,
      "accuracy": 0.5248041775456919,
      "f1": 0.2817077278937008
    },
    {
      "epoch": 120,
      "loss": 0.45003461341063183,
      "accuracy": 0.5326370757180157,
      "f1": 0.2980945352943544
    },
    {
      "epoch": 121,
      "loss": 0.44330715636412305,
      "accuracy": 0.5378590078328982,
      "f1": 0.3200075645024591
    },
    {
      "epoch": 122,
      "loss": 0.4393000528216362,
      "accuracy": 0.5221932114882507,
      "f1": 0.30426066281077735
    },
    {
      "epoch": 123,
      "loss": 0.43392429562906426,
      "accuracy": 0.5300261096605744,
      "f1": 0.31536183695908715
    },
    {
      "epoch": 124,
      "loss": 0.4244869099929929,
      "accuracy": 0.5430809399477807,
      "f1": 0.3251805992384976
    },
    {
      "epoch": 125,
      "loss": 0.42210444683829945,
      "accuracy": 0.5326370757180157,
      "f1": 0.31605718692548357
    },
    {
      "epoch": 126,
      "loss": 0.4122472858677308,
      "accuracy": 0.5326370757180157,
      "f1": 0.33343902795050423
    },
    {
      "epoch": 127,
      "loss": 0.4116387078538537,
      "accuracy": 0.5352480417754569,
      "f1": 0.31674198728817254
    },
    {
      "epoch": 128,
      "loss": 0.4042273896435897,
      "accuracy": 0.5326370757180157,
      "f1": 0.30585749973187953
    },
    {
      "epoch": 129,
      "loss": 0.3980079395696521,
      "accuracy": 0.5169712793733682,
      "f1": 0.2758948242902254
    },
    {
      "epoch": 130,
      "loss": 0.38884279907991487,
      "accuracy": 0.5352480417754569,
      "f1": 0.28780007050349404
    },
    {
      "epoch": 131,
      "loss": 0.3887394902606805,
      "accuracy": 0.5404699738903395,
      "f1": 0.3427787708670409
    },
    {
      "epoch": 132,
      "loss": 0.38047143816947937,
      "accuracy": 0.5274151436031331,
      "f1": 0.3282915475369378
    },
    {
      "epoch": 133,
      "loss": 0.37385268074770767,
      "accuracy": 0.5248041775456919,
      "f1": 0.29792294154005716
    },
    {
      "epoch": 134,
      "loss": 0.36869672561685246,
      "accuracy": 0.5274151436031331,
      "f1": 0.3131625468835914
    },
    {
      "epoch": 135,
      "loss": 0.3630265450725953,
      "accuracy": 0.5404699738903395,
      "f1": 0.30250587843527565
    },
    {
      "epoch": 136,
      "loss": 0.357823910502096,
      "accuracy": 0.5195822454308094,
      "f1": 0.30270025032338194
    },
    {
      "epoch": 137,
      "loss": 0.35319929135342437,
      "accuracy": 0.5326370757180157,
      "f1": 0.3105936117280972
    },
    {
      "epoch": 138,
      "loss": 0.3483956642448902,
      "accuracy": 0.5274151436031331,
      "f1": 0.3084124910353742
    },
    {
      "epoch": 139,
      "loss": 0.3421257088581721,
      "accuracy": 0.5221932114882507,
      "f1": 0.31561936735726864
    },
    {
      "epoch": 140,
      "loss": 0.33582222896317643,
      "accuracy": 0.5195822454308094,
      "f1": 0.3106895110746768
    },
    {
      "epoch": 141,
      "loss": 0.32925535179674625,
      "accuracy": 0.5248041775456919,
      "f1": 0.3253293160258653
    },
    {
      "epoch": 142,
      "loss": 0.3305451547106107,
      "accuracy": 0.5326370757180157,
      "f1": 0.3175460583724404
    },
    {
      "epoch": 143,
      "loss": 0.3247821629047394,
      "accuracy": 0.5300261096605744,
      "f1": 0.3152457351580112
    },
    {
      "epoch": 144,
      "loss": 0.3181216698139906,
      "accuracy": 0.5221932114882507,
      "f1": 0.315115358253108
    },
    {
      "epoch": 145,
      "loss": 0.3134583430364728,
      "accuracy": 0.5248041775456919,
      "f1": 0.3080749748213863
    },
    {
      "epoch": 146,
      "loss": 0.3111230827247103,
      "accuracy": 0.5274151436031331,
      "f1": 0.3169763436597276
    },
    {
      "epoch": 147,
      "loss": 0.3043399353822072,
      "accuracy": 0.5404699738903395,
      "f1": 0.3268571521181689
    },
    {
      "epoch": 148,
      "loss": 0.2984375696008404,
      "accuracy": 0.5274151436031331,
      "f1": 0.3285784727666145
    },
    {
      "epoch": 149,
      "loss": 0.2929699799666802,
      "accuracy": 0.5352480417754569,
      "f1": 0.32015635680175614
    },
    {
      "epoch": 150,
      "loss": 0.292931563531359,
      "accuracy": 0.5274151436031331,
      "f1": 0.3180982258641633
    },
    {
      "epoch": 151,
      "loss": 0.2869392333862682,
      "accuracy": 0.5065274151436031,
      "f1": 0.3111410821971429
    },
    {
      "epoch": 152,
      "loss": 0.286490395044287,
      "accuracy": 0.5117493472584856,
      "f1": 0.3103674898318913
    },
    {
      "epoch": 153,
      "loss": 0.2768230400979519,
      "accuracy": 0.5248041775456919,
      "f1": 0.30231167725366664
    },
    {
      "epoch": 154,
      "loss": 0.2728073336184025,
      "accuracy": 0.5248041775456919,
      "f1": 0.32838164021989774
    },
    {
      "epoch": 155,
      "loss": 0.26519607907782,
      "accuracy": 0.5169712793733682,
      "f1": 0.312638539927839
    },
    {
      "epoch": 156,
      "loss": 0.26397649105638266,
      "accuracy": 0.5274151436031331,
      "f1": 0.3179981532056378
    },
    {
      "epoch": 157,
      "loss": 0.2603303926686446,
      "accuracy": 0.5274151436031331,
      "f1": 0.301615145191194
    },
    {
      "epoch": 158,
      "loss": 0.25701911840587854,
      "accuracy": 0.5300261096605744,
      "f1": 0.31993052092102187
    },
    {
      "epoch": 159,
      "loss": 0.2524633413801591,
      "accuracy": 0.5195822454308094,
      "f1": 0.3174782731976662
    },
    {
      "epoch": 160,
      "loss": 0.24765464663505554,
      "accuracy": 0.5221932114882507,
      "f1": 0.318319453341217
    },
    {
      "epoch": 161,
      "loss": 0.2452835189178586,
      "accuracy": 0.5143603133159269,
      "f1": 0.3112150596375652
    },
    {
      "epoch": 162,
      "loss": 0.24358128181969127,
      "accuracy": 0.5195822454308094,
      "f1": 0.32437525569886305
    },
    {
      "epoch": 163,
      "loss": 0.2359515642747283,
      "accuracy": 0.5248041775456919,
      "f1": 0.33399635032602853
    },
    {
      "epoch": 164,
      "loss": 0.23567692268018922,
      "accuracy": 0.5300261096605744,
      "f1": 0.33909325008052976
    },
    {
      "epoch": 165,
      "loss": 0.2297345957097908,
      "accuracy": 0.5143603133159269,
      "f1": 0.3189599924858157
    },
    {
      "epoch": 166,
      "loss": 0.22515985975041986,
      "accuracy": 0.5274151436031331,
      "f1": 0.3181985519999277
    },
    {
      "epoch": 167,
      "loss": 0.22322181550165018,
      "accuracy": 0.5378590078328982,
      "f1": 0.3308391545966327
    },
    {
      "epoch": 168,
      "loss": 0.2195641417056322,
      "accuracy": 0.5274151436031331,
      "f1": 0.31936746553536083
    },
    {
      "epoch": 169,
      "loss": 0.21766022220253944,
      "accuracy": 0.5195822454308094,
      "f1": 0.3169658213639746
    },
    {
      "epoch": 170,
      "loss": 0.21326516723881164,
      "accuracy": 0.5169712793733682,
      "f1": 0.31430855541055785
    },
    {
      "epoch": 171,
      "loss": 0.20730421878397465,
      "accuracy": 0.5221932114882507,
      "f1": 0.31579429273675885
    },
    {
      "epoch": 172,
      "loss": 0.20552774518728256,
      "accuracy": 0.5143603133159269,
      "f1": 0.3134410334150603
    },
    {
      "epoch": 173,
      "loss": 0.201655731536448,
      "accuracy": 0.5117493472584856,
      "f1": 0.31256055084191975
    },
    {
      "epoch": 174,
      "loss": 0.20223736312861243,
      "accuracy": 0.5169712793733682,
      "f1": 0.31425635760725307
    },
    {
      "epoch": 175,
      "loss": 0.19752706152697405,
      "accuracy": 0.5195822454308094,
      "f1": 0.3170019442358237
    },
    {
      "epoch": 176,
      "loss": 0.191114774129043,
      "accuracy": 0.5221932114882507,
      "f1": 0.3163604816668993
    },
    {
      "epoch": 177,
      "loss": 0.18848011270165443,
      "accuracy": 0.5195822454308094,
      "f1": 0.3188322860634024
    },
    {
      "epoch": 178,
      "loss": 0.18832342062766352,
      "accuracy": 0.5169712793733682,
      "f1": 0.3183978873727468
    },
    {
      "epoch": 179,
      "loss": 0.18150782973195115,
      "accuracy": 0.5195822454308094,
      "f1": 0.3293130863142034
    },
    {
      "epoch": 180,
      "loss": 0.17858500390624008,
      "accuracy": 0.5221932114882507,
      "f1": 0.3170582632981959
    },
    {
      "epoch": 181,
      "loss": 0.17662533993522325,
      "accuracy": 0.5195822454308094,
      "f1": 0.31431135960989354
    },
    {
      "epoch": 182,
      "loss": 0.17310333903878927,
      "accuracy": 0.5274151436031331,
      "f1": 0.3235364928012316
    },
    {
      "epoch": 183,
      "loss": 0.17145697555194298,
      "accuracy": 0.5248041775456919,
      "f1": 0.32098126973535734
    },
    {
      "epoch": 184,
      "loss": 0.16825457693388066,
      "accuracy": 0.5169712793733682,
      "f1": 0.31388760837926094
    },
    {
      "epoch": 185,
      "loss": 0.16839738857621947,
      "accuracy": 0.5221932114882507,
      "f1": 0.31774157613380605
    },
    {
      "epoch": 186,
      "loss": 0.16266021489476165,
      "accuracy": 0.5326370757180157,
      "f1": 0.32163930330039303
    },
    {
      "epoch": 187,
      "loss": 0.15947633624697724,
      "accuracy": 0.5248041775456919,
      "f1": 0.31861741570825786
    },
    {
      "epoch": 188,
      "loss": 0.15733089965457717,
      "accuracy": 0.5274151436031331,
      "f1": 0.32081761247633467
    },
    {
      "epoch": 189,
      "loss": 0.1554204821586609,
      "accuracy": 0.5352480417754569,
      "f1": 0.34297336531361716
    },
    {
      "epoch": 190,
      "loss": 0.15091107257952294,
      "accuracy": 0.5169712793733682,
      "f1": 0.32558454387070296
    },
    {
      "epoch": 191,
      "loss": 0.1535154152661562,
      "accuracy": 0.5221932114882507,
      "f1": 0.32395463257661783
    },
    {
      "epoch": 192,
      "loss": 0.14893995691090822,
      "accuracy": 0.5248041775456919,
      "f1": 0.33631771042550834
    },
    {
      "epoch": 193,
      "loss": 0.14558058977127075,
      "accuracy": 0.5326370757180157,
      "f1": 0.3212716866656654
    },
    {
      "epoch": 194,
      "loss": 0.14353723948200545,
      "accuracy": 0.5221932114882507,
      "f1": 0.31743384654279705
    },
    {
      "epoch": 195,
      "loss": 0.1419026150057713,
      "accuracy": 0.5300261096605744,
      "f1": 0.33932264453032296
    },
    {
      "epoch": 196,
      "loss": 0.13760512756804624,
      "accuracy": 0.5091383812010444,
      "f1": 0.319676498892411
    },
    {
      "epoch": 197,
      "loss": 0.13623758032917976,
      "accuracy": 0.5117493472584856,
      "f1": 0.3302284294161584
    },
    {
      "epoch": 198,
      "loss": 0.1324758989891658,
      "accuracy": 0.5195822454308094,
      "f1": 0.3338944709618626
    },
    {
      "epoch": 199,
      "loss": 0.13398564544816813,
      "accuracy": 0.5117493472584856,
      "f1": 0.3127374156317989
    },
    {
      "epoch": 200,
      "loss": 0.12896949580560127,
      "accuracy": 0.5248041775456919,
      "f1": 0.31734698757859703
    },
    {
      "epoch": 201,
      "loss": 0.12747861778674027,
      "accuracy": 0.5326370757180157,
      "f1": 0.34291906079430423
    },
    {
      "epoch": 202,
      "loss": 0.12646569622059664,
      "accuracy": 0.5300261096605744,
      "f1": 0.3353756850127086
    },
    {
      "epoch": 203,
      "loss": 0.12418508040718734,
      "accuracy": 0.5195822454308094,
      "f1": 0.32373469611426364
    },
    {
      "epoch": 204,
      "loss": 0.12072763056494296,
      "accuracy": 0.5169712793733682,
      "f1": 0.31353706993794206
    },
    {
      "epoch": 205,
      "loss": 0.11860623816028237,
      "accuracy": 0.5221932114882507,
      "f1": 0.32409659274465324
    },
    {
      "epoch": 206,
      "loss": 0.11646101530641317,
      "accuracy": 0.5274151436031331,
      "f1": 0.32104227684670966
    },
    {
      "epoch": 207,
      "loss": 0.11711863148957491,
      "accuracy": 0.5248041775456919,
      "f1": 0.3162385821113553
    },
    {
      "epoch": 208,
      "loss": 0.11304993531666696,
      "accuracy": 0.5274151436031331,
      "f1": 0.32023528482067654
    },
    {
      "epoch": 209,
      "loss": 0.11045152135193348,
      "accuracy": 0.5248041775456919,
      "f1": 0.3380424295058442
    },
    {
      "epoch": 210,
      "loss": 0.11009662062861025,
      "accuracy": 0.5378590078328982,
      "f1": 0.3343542270012858
    },
    {
      "epoch": 211,
      "loss": 0.10961817073014875,
      "accuracy": 0.5300261096605744,
      "f1": 0.3241936060783068
    },
    {
      "epoch": 212,
      "loss": 0.10517504361147682,
      "accuracy": 0.5274151436031331,
      "f1": 0.3488617962553642
    },
    {
      "epoch": 213,
      "loss": 0.10503657759788136,
      "accuracy": 0.5300261096605744,
      "f1": 0.3401792493164657
    },
    {
      "epoch": 214,
      "loss": 0.10501236018414299,
      "accuracy": 0.5326370757180157,
      "f1": 0.3251278865090302
    },
    {
      "epoch": 215,
      "loss": 0.10335036561203499,
      "accuracy": 0.5143603133159269,
      "f1": 0.3125001865235692
    },
    {
      "epoch": 216,
      "loss": 0.09866973664611578,
      "accuracy": 0.5274151436031331,
      "f1": 0.34828152194279804
    },
    {
      "epoch": 217,
      "loss": 0.09821447699020307,
      "accuracy": 0.5378590078328982,
      "f1": 0.3357930931761941
    },
    {
      "epoch": 218,
      "loss": 0.09895807380477588,
      "accuracy": 0.5169712793733682,
      "f1": 0.3140643565237927
    },
    {
      "epoch": 219,
      "loss": 0.0952469006491204,
      "accuracy": 0.5195822454308094,
      "f1": 0.31505026217703613
    },
    {
      "epoch": 220,
      "loss": 0.0925670856765161,
      "accuracy": 0.5300261096605744,
      "f1": 0.3488432480451147
    },
    {
      "epoch": 221,
      "loss": 0.09106012790774305,
      "accuracy": 0.5221932114882507,
      "f1": 0.31574591384987927
    },
    {
      "epoch": 222,
      "loss": 0.08951302532417078,
      "accuracy": 0.5221932114882507,
      "f1": 0.31712439447449114
    },
    {
      "epoch": 223,
      "loss": 0.09146521015403171,
      "accuracy": 0.5195822454308094,
      "f1": 0.327605678719092
    },
    {
      "epoch": 224,
      "loss": 0.0880679461794595,
      "accuracy": 0.5300261096605744,
      "f1": 0.3411420531844178
    },
    {
      "epoch": 225,
      "loss": 0.08543416143705447,
      "accuracy": 0.5195822454308094,
      "f1": 0.31885167157257016
    },
    {
      "epoch": 226,
      "loss": 0.0848369481197248,
      "accuracy": 0.5274151436031331,
      "f1": 0.3455565110240129
    },
    {
      "epoch": 227,
      "loss": 0.08195261455451448,
      "accuracy": 0.5221932114882507,
      "f1": 0.32515229519210925
    },
    {
      "epoch": 228,
      "loss": 0.08407385204918683,
      "accuracy": 0.5221932114882507,
      "f1": 0.3237512717727943
    },
    {
      "epoch": 229,
      "loss": 0.08186368644237518,
      "accuracy": 0.5430809399477807,
      "f1": 0.3360318490219586
    },
    {
      "epoch": 230,
      "loss": 0.08001497201621532,
      "accuracy": 0.5221932114882507,
      "f1": 0.3355244511101414
    },
    {
      "epoch": 231,
      "loss": 0.07825384009629488,
      "accuracy": 0.5248041775456919,
      "f1": 0.32572902392094083
    },
    {
      "epoch": 232,
      "loss": 0.07619253072577219,
      "accuracy": 0.5248041775456919,
      "f1": 0.32966323265721914
    },
    {
      "epoch": 233,
      "loss": 0.0761951906606555,
      "accuracy": 0.5195822454308094,
      "f1": 0.3251624832392227
    },
    {
      "epoch": 234,
      "loss": 0.07564398429046075,
      "accuracy": 0.5248041775456919,
      "f1": 0.32682388172642873
    },
    {
      "epoch": 235,
      "loss": 0.07761754227491717,
      "accuracy": 0.5274151436031331,
      "f1": 0.35867893882318125
    },
    {
      "epoch": 236,
      "loss": 0.07124313673314948,
      "accuracy": 0.5221932114882507,
      "f1": 0.3346697901694116
    },
    {
      "epoch": 237,
      "loss": 0.07424226597261925,
      "accuracy": 0.5326370757180157,
      "f1": 0.35054522990324183
    },
    {
      "epoch": 238,
      "loss": 0.0697151510976255,
      "accuracy": 0.5300261096605744,
      "f1": 0.34113607994479334
    },
    {
      "epoch": 239,
      "loss": 0.07254597125574946,
      "accuracy": 0.5300261096605744,
      "f1": 0.3418764555874825
    },
    {
      "epoch": 240,
      "loss": 0.06788034089064847,
      "accuracy": 0.5248041775456919,
      "f1": 0.32607967345887323
    },
    {
      "epoch": 241,
      "loss": 0.06838680144088964,
      "accuracy": 0.5195822454308094,
      "f1": 0.3442520754268489
    },
    {
      "epoch": 242,
      "loss": 0.06589768559206277,
      "accuracy": 0.5326370757180157,
      "f1": 0.3533180221885768
    },
    {
      "epoch": 243,
      "loss": 0.06599939715427657,
      "accuracy": 0.5274151436031331,
      "f1": 0.3396849873173142
    },
    {
      "epoch": 244,
      "loss": 0.06433325827432175,
      "accuracy": 0.5221932114882507,
      "f1": 0.3191311124589739
    },
    {
      "epoch": 245,
      "loss": 0.06325944842925917,
      "accuracy": 0.5248041775456919,
      "f1": 0.3469467446233245
    },
    {
      "epoch": 246,
      "loss": 0.06197746990559002,
      "accuracy": 0.5169712793733682,
      "f1": 0.3377006540756564
    },
    {
      "epoch": 247,
      "loss": 0.06128416156085829,
      "accuracy": 0.5248041775456919,
      "f1": 0.35829783534357906
    },
    {
      "epoch": 248,
      "loss": 0.06308993495379885,
      "accuracy": 0.5326370757180157,
      "f1": 0.35394432872395687
    },
    {
      "epoch": 249,
      "loss": 0.05982465052511543,
      "accuracy": 0.5221932114882507,
      "f1": 0.3559585829415767
    },
    {
      "epoch": 250,
      "loss": 0.059020288133372865,
      "accuracy": 0.5326370757180157,
      "f1": 0.3515921194709717
    },
    {
      "epoch": 251,
      "loss": 0.05846143218999108,
      "accuracy": 0.5221932114882507,
      "f1": 0.33694786658054265
    },
    {
      "epoch": 252,
      "loss": 0.05525935623639574,
      "accuracy": 0.5195822454308094,
      "f1": 0.33445318012930025
    },
    {
      "epoch": 253,
      "loss": 0.05849786700370411,
      "accuracy": 0.5274151436031331,
      "f1": 0.34466121867928
    },
    {
      "epoch": 254,
      "loss": 0.056620552126939096,
      "accuracy": 0.5274151436031331,
      "f1": 0.34978011175513096
    },
    {
      "epoch": 255,
      "loss": 0.05566732620354742,
      "accuracy": 0.5326370757180157,
      "f1": 0.3511521153330974
    },
    {
      "epoch": 256,
      "loss": 0.05481232279756417,
      "accuracy": 0.5248041775456919,
      "f1": 0.3604998133986335
    },
    {
      "epoch": 257,
      "loss": 0.05622871429659426,
      "accuracy": 0.5248041775456919,
      "f1": 0.3352647847536305
    },
    {
      "epoch": 258,
      "loss": 0.05624997134630879,
      "accuracy": 0.5274151436031331,
      "f1": 0.3573795091268192
    },
    {
      "epoch": 259,
      "loss": 0.052284596914735935,
      "accuracy": 0.5274151436031331,
      "f1": 0.3579990864269415
    },
    {
      "epoch": 260,
      "loss": 0.051336731490058206,
      "accuracy": 0.5274151436031331,
      "f1": 0.34943325534187547
    },
    {
      "epoch": 261,
      "loss": 0.04967828552859525,
      "accuracy": 0.5221932114882507,
      "f1": 0.3429782327024286
    },
    {
      "epoch": 262,
      "loss": 0.04994513435910145,
      "accuracy": 0.5274151436031331,
      "f1": 0.3576851463906876
    },
    {
      "epoch": 263,
      "loss": 0.04873249881590406,
      "accuracy": 0.5248041775456919,
      "f1": 0.3483714100519909
    },
    {
      "epoch": 264,
      "loss": 0.0512528372152398,
      "accuracy": 0.5221932114882507,
      "f1": 0.34707153599021
    },
    {
      "epoch": 265,
      "loss": 0.04801925229063878,
      "accuracy": 0.5221932114882507,
      "f1": 0.3458742282646077
    },
    {
      "epoch": 266,
      "loss": 0.04860495290874193,
      "accuracy": 0.5169712793733682,
      "f1": 0.34122005311153414
    },
    {
      "epoch": 267,
      "loss": 0.04755810834467411,
      "accuracy": 0.5195822454308094,
      "f1": 0.3452042414648228
    },
    {
      "epoch": 268,
      "loss": 0.046784021697628,
      "accuracy": 0.5169712793733682,
      "f1": 0.32201110882056616
    },
    {
      "epoch": 269,
      "loss": 0.049454844750774406,
      "accuracy": 0.5169712793733682,
      "f1": 0.34200403455165457
    },
    {
      "epoch": 270,
      "loss": 0.04468491165122638,
      "accuracy": 0.5169712793733682,
      "f1": 0.34276612884706553
    },
    {
      "epoch": 271,
      "loss": 0.04539336508605629,
      "accuracy": 0.5195822454308094,
      "f1": 0.3412765101990795
    },
    {
      "epoch": 272,
      "loss": 0.04395712283439934,
      "accuracy": 0.5274151436031331,
      "f1": 0.3501537627991458
    },
    {
      "epoch": 273,
      "loss": 0.043958280817605555,
      "accuracy": 0.5221932114882507,
      "f1": 0.34614562082876277
    },
    {
      "epoch": 274,
      "loss": 0.04345532722072676,
      "accuracy": 0.5169712793733682,
      "f1": 0.35139795687494196
    },
    {
      "epoch": 275,
      "loss": 0.043276521804121636,
      "accuracy": 0.5221932114882507,
      "f1": 0.35524110283731125
    },
    {
      "epoch": 276,
      "loss": 0.042054546725315355,
      "accuracy": 0.5195822454308094,
      "f1": 0.33963275983098884
    },
    {
      "epoch": 277,
      "loss": 0.041992754636642836,
      "accuracy": 0.5274151436031331,
      "f1": 0.35991234831747076
    },
    {
      "epoch": 278,
      "loss": 0.039808799823125206,
      "accuracy": 0.5248041775456919,
      "f1": 0.3463964294150401
    },
    {
      "epoch": 279,
      "loss": 0.03997902160820862,
      "accuracy": 0.5195822454308094,
      "f1": 0.3377585462931702
    },
    {
      "epoch": 280,
      "loss": 0.03980595067453881,
      "accuracy": 0.5248041775456919,
      "f1": 0.34608500352367194
    },
    {
      "epoch": 281,
      "loss": 0.03857685443169127,
      "accuracy": 0.5221932114882507,
      "f1": 0.34394734500244745
    },
    {
      "epoch": 282,
      "loss": 0.04268746947248777,
      "accuracy": 0.5248041775456919,
      "f1": 0.34967408862076654
    },
    {
      "epoch": 283,
      "loss": 0.03955163509817794,
      "accuracy": 0.5248041775456919,
      "f1": 0.3488959912100543
    },
    {
      "epoch": 284,
      "loss": 0.03774429205805063,
      "accuracy": 0.5300261096605744,
      "f1": 0.3594524057501068
    },
    {
      "epoch": 285,
      "loss": 0.037961624698558204,
      "accuracy": 0.5274151436031331,
      "f1": 0.34923758957189616
    },
    {
      "epoch": 286,
      "loss": 0.037856601954748235,
      "accuracy": 0.5169712793733682,
      "f1": 0.33998488539987526
    },
    {
      "epoch": 287,
      "loss": 0.037876600942884885,
      "accuracy": 0.5274151436031331,
      "f1": 0.3583228352126578
    },
    {
      "epoch": 288,
      "loss": 0.03521747136255726,
      "accuracy": 0.5248041775456919,
      "f1": 0.35815555166252355
    },
    {
      "epoch": 289,
      "loss": 0.03809451793010036,
      "accuracy": 0.5221932114882507,
      "f1": 0.34430788981620386
    },
    {
      "epoch": 290,
      "loss": 0.03550000042499354,
      "accuracy": 0.5221932114882507,
      "f1": 0.33547786086488146
    },
    {
      "epoch": 291,
      "loss": 0.035507070346890636,
      "accuracy": 0.5274151436031331,
      "f1": 0.36019782528507555
    },
    {
      "epoch": 292,
      "loss": 0.03525235548537845,
      "accuracy": 0.5221932114882507,
      "f1": 0.34890268536822866
    },
    {
      "epoch": 293,
      "loss": 0.0355363039416261,
      "accuracy": 0.5248041775456919,
      "f1": 0.34855910301341547
    },
    {
      "epoch": 294,
      "loss": 0.03591978462645784,
      "accuracy": 0.5195822454308094,
      "f1": 0.3170577045698234
    },
    {
      "epoch": 295,
      "loss": 0.03346350996677453,
      "accuracy": 0.5248041775456919,
      "f1": 0.3462324555644224
    },
    {
      "epoch": 296,
      "loss": 0.03326417284552008,
      "accuracy": 0.5195822454308094,
      "f1": 0.34174720486118504
    },
    {
      "epoch": 297,
      "loss": 0.03767988599914437,
      "accuracy": 0.5221932114882507,
      "f1": 0.34764956557220084
    },
    {
      "epoch": 298,
      "loss": 0.032169420698968075,
      "accuracy": 0.5169712793733682,
      "f1": 0.3506102357935502
    },
    {
      "epoch": 299,
      "loss": 0.03232608659891412,
      "accuracy": 0.5195822454308094,
      "f1": 0.3452751654130161
    },
    {
      "epoch": 300,
      "loss": 0.03312177649543931,
      "accuracy": 0.5221932114882507,
      "f1": 0.34818855880929483
    },
    {
      "epoch": 301,
      "loss": 0.03219032155660292,
      "accuracy": 0.5248041775456919,
      "f1": 0.34763083162884445
    },
    {
      "epoch": 302,
      "loss": 0.03196678295110663,
      "accuracy": 0.5221932114882507,
      "f1": 0.342494493324873
    },
    {
      "epoch": 303,
      "loss": 0.033317676143875964,
      "accuracy": 0.5248041775456919,
      "f1": 0.3467218566483369
    },
    {
      "epoch": 304,
      "loss": 0.03195539598042766,
      "accuracy": 0.5274151436031331,
      "f1": 0.34969803176175646
    },
    {
      "epoch": 305,
      "loss": 0.03065286665999641,
      "accuracy": 0.5169712793733682,
      "f1": 0.3479649241379098
    },
    {
      "epoch": 306,
      "loss": 0.031156333338003606,
      "accuracy": 0.5169712793733682,
      "f1": 0.3432520698774323
    },
    {
      "epoch": 307,
      "loss": 0.030984073819126934,
      "accuracy": 0.5195822454308094,
      "f1": 0.3426667983455966
    },
    {
      "epoch": 308,
      "loss": 0.03248679251798118,
      "accuracy": 0.5195822454308094,
      "f1": 0.35193748175439105
    },
    {
      "epoch": 309,
      "loss": 0.029814193937151384,
      "accuracy": 0.5248041775456919,
      "f1": 0.348840446000838
    },
    {
      "epoch": 310,
      "loss": 0.03148906247224659,
      "accuracy": 0.5248041775456919,
      "f1": 0.34562812298121287
    },
    {
      "epoch": 311,
      "loss": 0.03003260415668289,
      "accuracy": 0.5221932114882507,
      "f1": 0.33849144412563986
    },
    {
      "epoch": 312,
      "loss": 0.029376352943169575,
      "accuracy": 0.5169712793733682,
      "f1": 0.3421158540701231
    },
    {
      "epoch": 313,
      "loss": 0.030174022579255205,
      "accuracy": 0.5248041775456919,
      "f1": 0.3475632519254296
    },
    {
      "epoch": 314,
      "loss": 0.027617865164453786,
      "accuracy": 0.5274151436031331,
      "f1": 0.35046664465511584
    },
    {
      "epoch": 315,
      "loss": 0.02752695232629776,
      "accuracy": 0.5274151436031331,
      "f1": 0.34865107020451636
    },
    {
      "epoch": 316,
      "loss": 0.029138730470246326,
      "accuracy": 0.5248041775456919,
      "f1": 0.34578386583931736
    },
    {
      "epoch": 317,
      "loss": 0.02766150513586278,
      "accuracy": 0.5248041775456919,
      "f1": 0.34758640956589515
    },
    {
      "epoch": 318,
      "loss": 0.028271296536937978,
      "accuracy": 0.5274151436031331,
      "f1": 0.3482757648168289
    },
    {
      "epoch": 319,
      "loss": 0.03005616491039594,
      "accuracy": 0.5248041775456919,
      "f1": 0.34755732513131016
    },
    {
      "epoch": 320,
      "loss": 0.026395057211630046,
      "accuracy": 0.5221932114882507,
      "f1": 0.34725189717018545
    },
    {
      "epoch": 321,
      "loss": 0.02701424985813598,
      "accuracy": 0.5221932114882507,
      "f1": 0.34423308482745807
    },
    {
      "epoch": 322,
      "loss": 0.027113742505510647,
      "accuracy": 0.5221932114882507,
      "f1": 0.3454710226005202
    },
    {
      "epoch": 323,
      "loss": 0.027602949499851093,
      "accuracy": 0.5221932114882507,
      "f1": 0.3370052127029983
    },
    {
      "epoch": 324,
      "loss": 0.026861547676768776,
      "accuracy": 0.5169712793733682,
      "f1": 0.3411944475559086
    },
    {
      "epoch": 325,
      "loss": 0.026235118236703176,
      "accuracy": 0.5169712793733682,
      "f1": 0.34461410371685397
    },
    {
      "epoch": 326,
      "loss": 0.025761961510094505,
      "accuracy": 0.5143603133159269,
      "f1": 0.33988916047739576
    },
    {
      "epoch": 327,
      "loss": 0.028522267976465326,
      "accuracy": 0.5221932114882507,
      "f1": 0.3457061215054303
    },
    {
      "epoch": 328,
      "loss": 0.029936765669845045,
      "accuracy": 0.5195822454308094,
      "f1": 0.3439684646158077
    },
    {
      "epoch": 329,
      "loss": 0.024425962124951184,
      "accuracy": 0.5195822454308094,
      "f1": 0.3446781572224361
    },
    {
      "epoch": 330,
      "loss": 0.02553534857967558,
      "accuracy": 0.5248041775456919,
      "f1": 0.34669758357657005
    },
    {
      "epoch": 331,
      "loss": 0.025349370980014403,
      "accuracy": 0.5300261096605744,
      "f1": 0.352142643676362
    },
    {
      "epoch": 332,
      "loss": 0.024614299579601113,
      "accuracy": 0.5248041775456919,
      "f1": 0.34665946656140445
    },
    {
      "epoch": 333,
      "loss": 0.025430942322903622,
      "accuracy": 0.5221932114882507,
      "f1": 0.34392500716427127
    },
    {
      "epoch": 334,
      "loss": 0.025749944732524455,
      "accuracy": 0.5248041775456919,
      "f1": 0.34660957877772813
    },
    {
      "epoch": 335,
      "loss": 0.026851786630383383,
      "accuracy": 0.5221932114882507,
      "f1": 0.34351493308188785
    },
    {
      "epoch": 336,
      "loss": 0.029856345160321023,
      "accuracy": 0.5248041775456919,
      "f1": 0.34704322810565985
    },
    {
      "epoch": 337,
      "loss": 0.025175871948401134,
      "accuracy": 0.5221932114882507,
      "f1": 0.34574244771188783
    },
    {
      "epoch": 338,
      "loss": 0.023143390416710947,
      "accuracy": 0.5169712793733682,
      "f1": 0.3432793533546898
    },
    {
      "epoch": 339,
      "loss": 0.023487936152378097,
      "accuracy": 0.5195822454308094,
      "f1": 0.3439632773756855
    },
    {
      "epoch": 340,
      "loss": 0.02679320320021361,
      "accuracy": 0.5248041775456919,
      "f1": 0.3455392919004427
    },
    {
      "epoch": 341,
      "loss": 0.0262836164329201,
      "accuracy": 0.5195822454308094,
      "f1": 0.34307057406687547
    },
    {
      "epoch": 342,
      "loss": 0.024766129645286128,
      "accuracy": 0.5248041775456919,
      "f1": 0.3477839108829203
    },
    {
      "epoch": 343,
      "loss": 0.02154606638941914,
      "accuracy": 0.5195822454308094,
      "f1": 0.3431434569724816
    },
    {
      "epoch": 344,
      "loss": 0.02446330838332263,
      "accuracy": 0.5221932114882507,
      "f1": 0.34610888998351613
    },
    {
      "epoch": 345,
      "loss": 0.02241639939408439,
      "accuracy": 0.5221932114882507,
      "f1": 0.3420845498521322
    },
    {
      "epoch": 346,
      "loss": 0.024133276000308495,
      "accuracy": 0.5221932114882507,
      "f1": 0.3461412956996452
    },
    {
      "epoch": 347,
      "loss": 0.024088470488398645,
      "accuracy": 0.5195822454308094,
      "f1": 0.3451077344406942
    },
    {
      "epoch": 348,
      "loss": 0.02374318309011869,
      "accuracy": 0.5248041775456919,
      "f1": 0.34653417345851595
    },
    {
      "epoch": 349,
      "loss": 0.025206846456664305,
      "accuracy": 0.5221932114882507,
      "f1": 0.34320595027735157
    },
    {
      "epoch": 350,
      "loss": 0.022721518743007135,
      "accuracy": 0.5195822454308094,
      "f1": 0.34299123427152894
    },
    {
      "epoch": 351,
      "loss": 0.023623446895120043,
      "accuracy": 0.5195822454308094,
      "f1": 0.34204568382482087
    },
    {
      "epoch": 352,
      "loss": 0.02202041941927746,
      "accuracy": 0.5274151436031331,
      "f1": 0.3497129312154573
    },
    {
      "epoch": 353,
      "loss": 0.02198830955118562,
      "accuracy": 0.5221932114882507,
      "f1": 0.3450130758192164
    },
    {
      "epoch": 354,
      "loss": 0.02133120090002194,
      "accuracy": 0.5143603133159269,
      "f1": 0.33870923060687363
    },
    {
      "epoch": 355,
      "loss": 0.021903032010110717,
      "accuracy": 0.5274151436031331,
      "f1": 0.34789623786106033
    },
    {
      "epoch": 356,
      "loss": 0.023145415014975395,
      "accuracy": 0.5221932114882507,
      "f1": 0.3451355057868036
    },
    {
      "epoch": 357,
      "loss": 0.022206097142770886,
      "accuracy": 0.5169712793733682,
      "f1": 0.3410394650027711
    },
    {
      "epoch": 358,
      "loss": 0.023383944004308432,
      "accuracy": 0.5221932114882507,
      "f1": 0.34514822796645644
    },
    {
      "epoch": 359,
      "loss": 0.01904589500433455,
      "accuracy": 0.5143603133159269,
      "f1": 0.34146476463437553
    },
    {
      "epoch": 360,
      "loss": 0.02089044817451698,
      "accuracy": 0.5143603133159269,
      "f1": 0.3382045582794748
    },
    {
      "epoch": 361,
      "loss": 0.021846420476019073,
      "accuracy": 0.5195822454308094,
      "f1": 0.344745742574536
    },
    {
      "epoch": 362,
      "loss": 0.020105807096115313,
      "accuracy": 0.5195822454308094,
      "f1": 0.3437444554723797
    },
    {
      "epoch": 363,
      "loss": 0.021231469329601776,
      "accuracy": 0.5221932114882507,
      "f1": 0.3452590547093313
    },
    {
      "epoch": 364,
      "loss": 0.019842194946249947,
      "accuracy": 0.5195822454308094,
      "f1": 0.34364773719630665
    },
    {
      "epoch": 365,
      "loss": 0.023457818645207833,
      "accuracy": 0.5169712793733682,
      "f1": 0.3423041153206028
    },
    {
      "epoch": 366,
      "loss": 0.021141292731044814,
      "accuracy": 0.5221932114882507,
      "f1": 0.3448676356986955
    },
    {
      "epoch": 367,
      "loss": 0.02089912407488252,
      "accuracy": 0.5221932114882507,
      "f1": 0.3458707317448151
    },
    {
      "epoch": 368,
      "loss": 0.02038705522136297,
      "accuracy": 0.5274151436031331,
      "f1": 0.3496498388078392
    },
    {
      "epoch": 369,
      "loss": 0.022733582047900807,
      "accuracy": 0.5221932114882507,
      "f1": 0.3454987371444865
    },
    {
      "epoch": 370,
      "loss": 0.019770367818030838,
      "accuracy": 0.5169712793733682,
      "f1": 0.3431074556504639
    },
    {
      "epoch": 371,
      "loss": 0.021705521969124675,
      "accuracy": 0.5221932114882507,
      "f1": 0.3467567892542317
    },
    {
      "epoch": 372,
      "loss": 0.019632913633055676,
      "accuracy": 0.5169712793733682,
      "f1": 0.34284880466853096
    },
    {
      "epoch": 373,
      "loss": 0.018997857900103554,
      "accuracy": 0.5195822454308094,
      "f1": 0.3448149196405112
    },
    {
      "epoch": 374,
      "loss": 0.018913163240843762,
      "accuracy": 0.5169712793733682,
      "f1": 0.3407713124952676
    },
    {
      "epoch": 375,
      "loss": 0.018855800221596535,
      "accuracy": 0.5143603133159269,
      "f1": 0.34072488038164955
    },
    {
      "epoch": 376,
      "loss": 0.0212495877785841,
      "accuracy": 0.5195822454308094,
      "f1": 0.34312279353633035
    },
    {
      "epoch": 377,
      "loss": 0.019563405915202264,
      "accuracy": 0.5221932114882507,
      "f1": 0.345431192084114
    },
    {
      "epoch": 378,
      "loss": 0.019685787784207303,
      "accuracy": 0.5195822454308094,
      "f1": 0.3431496675174307
    },
    {
      "epoch": 379,
      "loss": 0.019440843190144125,
      "accuracy": 0.5221932114882507,
      "f1": 0.34709068921792646
    },
    {
      "epoch": 380,
      "loss": 0.018556479539256543,
      "accuracy": 0.5117493472584856,
      "f1": 0.3375409943359826
    },
    {
      "epoch": 381,
      "loss": 0.020101364687434398,
      "accuracy": 0.5195822454308094,
      "f1": 0.3444187585397746
    },
    {
      "epoch": 382,
      "loss": 0.01955437782453373,
      "accuracy": 0.5221932114882507,
      "f1": 0.3449598371585704
    },
    {
      "epoch": 383,
      "loss": 0.018653438412002288,
      "accuracy": 0.5195822454308094,
      "f1": 0.3424352835169421
    },
    {
      "epoch": 384,
      "loss": 0.01934769390694176,
      "accuracy": 0.5195822454308094,
      "f1": 0.3435059429467631
    },
    {
      "epoch": 385,
      "loss": 0.020248928432314035,
      "accuracy": 0.5221932114882507,
      "f1": 0.34695909779168016
    },
    {
      "epoch": 386,
      "loss": 0.017953971638538253,
      "accuracy": 0.5169712793733682,
      "f1": 0.34258056379793733
    },
    {
      "epoch": 387,
      "loss": 0.02174859325653718,
      "accuracy": 0.5195822454308094,
      "f1": 0.3453837440260024
    },
    {
      "epoch": 388,
      "loss": 0.01947297674875396,
      "accuracy": 0.5195822454308094,
      "f1": 0.3451053197021652
    },
    {
      "epoch": 389,
      "loss": 0.018041853021713905,
      "accuracy": 0.5248041775456919,
      "f1": 0.3466849586834183
    },
    {
      "epoch": 390,
      "loss": 0.01954640601858652,
      "accuracy": 0.5221932114882507,
      "f1": 0.3443577907585085
    },
    {
      "epoch": 391,
      "loss": 0.01873436663299799,
      "accuracy": 0.5195822454308094,
      "f1": 0.344902868393255
    },
    {
      "epoch": 392,
      "loss": 0.01878863596842469,
      "accuracy": 0.5169712793733682,
      "f1": 0.34179518039031165
    },
    {
      "epoch": 393,
      "loss": 0.021205462340731174,
      "accuracy": 0.5274151436031331,
      "f1": 0.34880740706304847
    },
    {
      "epoch": 394,
      "loss": 0.0190617071542268,
      "accuracy": 0.5169712793733682,
      "f1": 0.3426720929378616
    },
    {
      "epoch": 395,
      "loss": 0.017210860940394923,
      "accuracy": 0.5195822454308094,
      "f1": 0.34255826621480845
    },
    {
      "epoch": 396,
      "loss": 0.019121416233247146,
      "accuracy": 0.5195822454308094,
      "f1": 0.34426182405752936
    },
    {
      "epoch": 397,
      "loss": 0.01845052864518948,
      "accuracy": 0.5221932114882507,
      "f1": 0.3469784651370148
    },
    {
      "epoch": 398,
      "loss": 0.022249460758757778,
      "accuracy": 0.5195822454308094,
      "f1": 0.3434408616482599
    },
    {
      "epoch": 399,
      "loss": 0.019372572666422155,
      "accuracy": 0.5195822454308094,
      "f1": 0.34294764280468304
    },
    {
      "epoch": 400,
      "loss": 0.020092499083451305,
      "accuracy": 0.5221932114882507,
      "f1": 0.3453964853231481
    },
    {
      "epoch": 401,
      "loss": 0.017546557666112978,
      "accuracy": 0.5169712793733682,
      "f1": 0.34230688956959154
    },
    {
      "epoch": 402,
      "loss": 0.016282825934467837,
      "accuracy": 0.5169712793733682,
      "f1": 0.34223105772616436
    },
    {
      "epoch": 403,
      "loss": 0.016497178308782168,
      "accuracy": 0.5248041775456919,
      "f1": 0.34750894668554044
    },
    {
      "epoch": 404,
      "loss": 0.018112578933748107,
      "accuracy": 0.5169712793733682,
      "f1": 0.3406210858500528
    },
    {
      "epoch": 405,
      "loss": 0.01718920535737804,
      "accuracy": 0.5195822454308094,
      "f1": 0.34343416881212263
    },
    {
      "epoch": 406,
      "loss": 0.01822116666880902,
      "accuracy": 0.5143603133159269,
      "f1": 0.34121948504857214
    },
    {
      "epoch": 407,
      "loss": 0.01802188161915789,
      "accuracy": 0.5143603133159269,
      "f1": 0.34091314898679065
    },
    {
      "epoch": 408,
      "loss": 0.01749742143632223,
      "accuracy": 0.5195822454308094,
      "f1": 0.3454763524946338
    },
    {
      "epoch": 409,
      "loss": 0.016268257012901206,
      "accuracy": 0.5169712793733682,
      "f1": 0.34084764409944057
    },
    {
      "epoch": 410,
      "loss": 0.02424051186244469,
      "accuracy": 0.5169712793733682,
      "f1": 0.3418639081323728
    },
    {
      "epoch": 411,
      "loss": 0.018509492646747578,
      "accuracy": 0.5169712793733682,
      "f1": 0.34191262314272075
    },
    {
      "epoch": 412,
      "loss": 0.01771121755882632,
      "accuracy": 0.5169712793733682,
      "f1": 0.3432935165851062
    },
    {
      "epoch": 413,
      "loss": 0.019221747725775156,
      "accuracy": 0.5195822454308094,
      "f1": 0.3437295466343705
    },
    {
      "epoch": 414,
      "loss": 0.022496895626924623,
      "accuracy": 0.5169712793733682,
      "f1": 0.34195752659096845
    },
    {
      "epoch": 415,
      "loss": 0.02073717548046261,
      "accuracy": 0.5169712793733682,
      "f1": 0.3428951580157207
    },
    {
      "epoch": 416,
      "loss": 0.0158609419449931,
      "accuracy": 0.5221932114882507,
      "f1": 0.34593012495471553
    },
    {
      "epoch": 417,
      "loss": 0.017801988375140354,
      "accuracy": 0.5169712793733682,
      "f1": 0.34405036303836806
    },
    {
      "epoch": 418,
      "loss": 0.01705942071566824,
      "accuracy": 0.5221932114882507,
      "f1": 0.34606641744524264
    },
    {
      "epoch": 419,
      "loss": 0.016245590401619363,
      "accuracy": 0.5169712793733682,
      "f1": 0.3421843358029366
    },
    {
      "epoch": 420,
      "loss": 0.019399461947614327,
      "accuracy": 0.5143603133159269,
      "f1": 0.34034614898480303
    },
    {
      "epoch": 421,
      "loss": 0.021474427686674364,
      "accuracy": 0.5195822454308094,
      "f1": 0.3457321045270166
    },
    {
      "epoch": 422,
      "loss": 0.019605747622942243,
      "accuracy": 0.5143603133159269,
      "f1": 0.3390844655708752
    },
    {
      "epoch": 423,
      "loss": 0.017889564699241117,
      "accuracy": 0.5169712793733682,
      "f1": 0.3421906436752378
    },
    {
      "epoch": 424,
      "loss": 0.017862995494700346,
      "accuracy": 0.5195822454308094,
      "f1": 0.3444669511681001
    },
    {
      "epoch": 425,
      "loss": 0.016515901651776705,
      "accuracy": 0.5195822454308094,
      "f1": 0.34316736317430285
    },
    {
      "epoch": 426,
      "loss": 0.016583708760056954,
      "accuracy": 0.5195822454308094,
      "f1": 0.345393532568324
    },
    {
      "epoch": 427,
      "loss": 0.019000227318125933,
      "accuracy": 0.5221932114882507,
      "f1": 0.3456104604947545
    },
    {
      "epoch": 428,
      "loss": 0.021870408420606207,
      "accuracy": 0.5195822454308094,
      "f1": 0.3450262311197902
    },
    {
      "epoch": 429,
      "loss": 0.02253857558389427,
      "accuracy": 0.5169712793733682,
      "f1": 0.3418427458293142
    },
    {
      "epoch": 430,
      "loss": 0.01597877432019838,
      "accuracy": 0.5221932114882507,
      "f1": 0.34519716462702366
    },
    {
      "epoch": 431,
      "loss": 0.0150224049721146,
      "accuracy": 0.5143603133159269,
      "f1": 0.339994426692085
    },
    {
      "epoch": 432,
      "loss": 0.017543284930676844,
      "accuracy": 0.5169712793733682,
      "f1": 0.34224394094451954
    },
    {
      "epoch": 433,
      "loss": 0.016105909882753622,
      "accuracy": 0.5169712793733682,
      "f1": 0.34083854895430066
    },
    {
      "epoch": 434,
      "loss": 0.01623536705301376,
      "accuracy": 0.5169712793733682,
      "f1": 0.3420734357586593
    },
    {
      "epoch": 435,
      "loss": 0.017374517723510507,
      "accuracy": 0.5248041775456919,
      "f1": 0.3467889201153918
    },
    {
      "epoch": 436,
      "loss": 0.016464230296454236,
      "accuracy": 0.5221932114882507,
      "f1": 0.3438911941468521
    },
    {
      "epoch": 437,
      "loss": 0.015731053943454754,
      "accuracy": 0.5169712793733682,
      "f1": 0.34237150625796825
    },
    {
      "epoch": 438,
      "loss": 0.01823359556874493,
      "accuracy": 0.5169712793733682,
      "f1": 0.3425142375340602
    },
    {
      "epoch": 439,
      "loss": 0.020424317323583335,
      "accuracy": 0.5221932114882507,
      "f1": 0.3464557191890509
    },
    {
      "epoch": 440,
      "loss": 0.018924865861966584,
      "accuracy": 0.5169712793733682,
      "f1": 0.343803207422558
    },
    {
      "epoch": 441,
      "loss": 0.016167385578834608,
      "accuracy": 0.5195822454308094,
      "f1": 0.3450440403224198
    },
    {
      "epoch": 442,
      "loss": 0.016288688755594194,
      "accuracy": 0.5143603133159269,
      "f1": 0.34217540026175675
    },
    {
      "epoch": 443,
      "loss": 0.016977224161867827,
      "accuracy": 0.5169712793733682,
      "f1": 0.34221700790859105
    },
    {
      "epoch": 444,
      "loss": 0.01702380130882375,
      "accuracy": 0.5169712793733682,
      "f1": 0.342533164869227
    },
    {
      "epoch": 445,
      "loss": 0.018672716406096395,
      "accuracy": 0.5169712793733682,
      "f1": 0.34431113062233054
    },
    {
      "epoch": 446,
      "loss": 0.016957180710354198,
      "accuracy": 0.5143603133159269,
      "f1": 0.3422714447056924
    },
    {
      "epoch": 447,
      "loss": 0.015991615364328027,
      "accuracy": 0.5143603133159269,
      "f1": 0.3408332376090664
    },
    {
      "epoch": 448,
      "loss": 0.017883439201492973,
      "accuracy": 0.5221932114882507,
      "f1": 0.34645921910828165
    },
    {
      "epoch": 449,
      "loss": 0.015034383888026545,
      "accuracy": 0.5169712793733682,
      "f1": 0.34321048113171765
    },
    {
      "epoch": 450,
      "loss": 0.014824699632299598,
      "accuracy": 0.5221932114882507,
      "f1": 0.346801086346283
    },
    {
      "epoch": 451,
      "loss": 0.015787562120143168,
      "accuracy": 0.5221932114882507,
      "f1": 0.3453500743746154
    },
    {
      "epoch": 452,
      "loss": 0.016424948051280808,
      "accuracy": 0.5195822454308094,
      "f1": 0.3446221082514387
    },
    {
      "epoch": 453,
      "loss": 0.01937097852351144,
      "accuracy": 0.5143603133159269,
      "f1": 0.3415810383795404
    },
    {
      "epoch": 454,
      "loss": 0.01699136999862579,
      "accuracy": 0.5248041775456919,
      "f1": 0.348330522522308
    },
    {
      "epoch": 455,
      "loss": 0.015893477058853023,
      "accuracy": 0.5195822454308094,
      "f1": 0.34350167011575816
    },
    {
      "epoch": 456,
      "loss": 0.015299099208884096,
      "accuracy": 0.5195822454308094,
      "f1": 0.34312749544980603
    },
    {
      "epoch": 457,
      "loss": 0.016658263930973288,
      "accuracy": 0.5195822454308094,
      "f1": 0.3452713197856302
    },
    {
      "epoch": 458,
      "loss": 0.015462194797388898,
      "accuracy": 0.5143603133159269,
      "f1": 0.3419465333459366
    },
    {
      "epoch": 459,
      "loss": 0.016950165132584516,
      "accuracy": 0.5169712793733682,
      "f1": 0.34248344503706785
    },
    {
      "epoch": 460,
      "loss": 0.016558744537178427,
      "accuracy": 0.5143603133159269,
      "f1": 0.34245754506076853
    },
    {
      "epoch": 461,
      "loss": 0.01638609111250844,
      "accuracy": 0.5169712793733682,
      "f1": 0.3434925589838237
    },
    {
      "epoch": 462,
      "loss": 0.014420252232715333,
      "accuracy": 0.5195822454308094,
      "f1": 0.3445901857601147
    },
    {
      "epoch": 463,
      "loss": 0.01845860014873324,
      "accuracy": 0.5195822454308094,
      "f1": 0.3445401396698239
    },
    {
      "epoch": 464,
      "loss": 0.017155797897430602,
      "accuracy": 0.5169712793733682,
      "f1": 0.34272455536098567
    },
    {
      "epoch": 465,
      "loss": 0.01896178352762945,
      "accuracy": 0.5143603133159269,
      "f1": 0.3425983350813297
    },
    {
      "epoch": 466,
      "loss": 0.015802938056973897,
      "accuracy": 0.5221932114882507,
      "f1": 0.34664416790858243
    },
    {
      "epoch": 467,
      "loss": 0.015268268914951477,
      "accuracy": 0.5195822454308094,
      "f1": 0.3437080625739698
    },
    {
      "epoch": 468,
      "loss": 0.015053053562345061,
      "accuracy": 0.5195822454308094,
      "f1": 0.3439010061676422
    },
    {
      "epoch": 469,
      "loss": 0.01634210974346691,
      "accuracy": 0.5169712793733682,
      "f1": 0.34301102816781687
    },
    {
      "epoch": 470,
      "loss": 0.015947358396563988,
      "accuracy": 0.5143603133159269,
      "f1": 0.3419563494560125
    },
    {
      "epoch": 471,
      "loss": 0.017930334171978757,
      "accuracy": 0.5221932114882507,
      "f1": 0.3471181409270703
    },
    {
      "epoch": 472,
      "loss": 0.014745762572905127,
      "accuracy": 0.5195822454308094,
      "f1": 0.3441628560637975
    },
    {
      "epoch": 473,
      "loss": 0.015458348825632129,
      "accuracy": 0.5169712793733682,
      "f1": 0.34276153357966554
    },
    {
      "epoch": 474,
      "loss": 0.01865730752858023,
      "accuracy": 0.5143603133159269,
      "f1": 0.3410887051474609
    },
    {
      "epoch": 475,
      "loss": 0.016856541743133373,
      "accuracy": 0.5169712793733682,
      "f1": 0.34260623458426714
    },
    {
      "epoch": 476,
      "loss": 0.015414911653351737,
      "accuracy": 0.5195822454308094,
      "f1": 0.34388419027868505
    },
    {
      "epoch": 477,
      "loss": 0.016282768391344387,
      "accuracy": 0.5169712793733682,
      "f1": 0.34297571517497843
    },
    {
      "epoch": 478,
      "loss": 0.01465273485033928,
      "accuracy": 0.5221932114882507,
      "f1": 0.3456272227516477
    },
    {
      "epoch": 479,
      "loss": 0.0161518334352877,
      "accuracy": 0.5221932114882507,
      "f1": 0.34531305850797406
    },
    {
      "epoch": 480,
      "loss": 0.01684827140949589,
      "accuracy": 0.5195822454308094,
      "f1": 0.3441418990325462
    },
    {
      "epoch": 481,
      "loss": 0.015506117179029388,
      "accuracy": 0.5169712793733682,
      "f1": 0.34415068958594336
    },
    {
      "epoch": 482,
      "loss": 0.015436493870462678,
      "accuracy": 0.5221932114882507,
      "f1": 0.3466223151222985
    },
    {
      "epoch": 483,
      "loss": 0.01424481638969155,
      "accuracy": 0.5169712793733682,
      "f1": 0.3427178339672438
    },
    {
      "epoch": 484,
      "loss": 0.015141270007006824,
      "accuracy": 0.5169712793733682,
      "f1": 0.34159227013053567
    },
    {
      "epoch": 485,
      "loss": 0.016403729938853456,
      "accuracy": 0.5195822454308094,
      "f1": 0.3460304483781129
    },
    {
      "epoch": 486,
      "loss": 0.01662906782803475,
      "accuracy": 0.5169712793733682,
      "f1": 0.34463293521492666
    },
    {
      "epoch": 487,
      "loss": 0.015298635519381302,
      "accuracy": 0.5195822454308094,
      "f1": 0.3427995815207825
    },
    {
      "epoch": 488,
      "loss": 0.016047165293760674,
      "accuracy": 0.5169712793733682,
      "f1": 0.3431719897058563
    },
    {
      "epoch": 489,
      "loss": 0.0173617018663208,
      "accuracy": 0.5195822454308094,
      "f1": 0.3453029899066672
    },
    {
      "epoch": 490,
      "loss": 0.014894205445064776,
      "accuracy": 0.5169712793733682,
      "f1": 0.34388017848532954
    },
    {
      "epoch": 491,
      "loss": 0.014059213133198986,
      "accuracy": 0.5117493472584856,
      "f1": 0.34020595068035225
    },
    {
      "epoch": 492,
      "loss": 0.015667526895413175,
      "accuracy": 0.5195822454308094,
      "f1": 0.3449179341273196
    },
    {
      "epoch": 493,
      "loss": 0.014474310778799312,
      "accuracy": 0.5248041775456919,
      "f1": 0.34734371529730934
    },
    {
      "epoch": 494,
      "loss": 0.01836191398372951,
      "accuracy": 0.5169712793733682,
      "f1": 0.3424610035239456
    },
    {
      "epoch": 495,
      "loss": 0.015822472054423997,
      "accuracy": 0.5195822454308094,
      "f1": 0.3443053922300952
    },
    {
      "epoch": 496,
      "loss": 0.017279237761007,
      "accuracy": 0.5143603133159269,
      "f1": 0.3422462093668645
    },
    {
      "epoch": 497,
      "loss": 0.015944841904759716,
      "accuracy": 0.5169712793733682,
      "f1": 0.3446432952931757
    },
    {
      "epoch": 498,
      "loss": 0.015841598645541428,
      "accuracy": 0.5169712793733682,
      "f1": 0.3433151405501385
    },
    {
      "epoch": 499,
      "loss": 0.014664156051973501,
      "accuracy": 0.5195822454308094,
      "f1": 0.3449026926886013
    },
    {
      "epoch": 500,
      "loss": 0.016390985752271565,
      "accuracy": 0.5169712793733682,
      "f1": 0.3437050812448498
    }
  ]
}