[
  {
    "id": null,
    "text": "You should be all set.",
    "true_label": "Alignment",
    "true_codebook": "Alignment",
    "pred_label": "maintainCommunication",
    "pred_codebook": "Maintain_communication",
    "correct": false
  },
  {
    "id": null,
    "text": "Prescription has been sent in.",
    "true_label": "maintainCommunication",
    "true_codebook": "Maintain_communication",
    "pred_label": "Diagnostics",
    "pred_codebook": "Diagnostics",
    "correct": false
  },
  {
    "id": null,
    "text": "All set for MM/DD/YYYY",
    "true_label": "SchedulingAppt",
    "true_codebook": "Scheduling_appt",
    "pred_label": "SchedulingAppt",
    "pred_codebook": "Scheduling_appt",
    "correct": true
  },
  {
    "id": null,
    "text": "ar Sincerely,",
    "true_label": "signoff",
    "true_codebook": "signoff",
    "pred_label": "signoff",
    "pred_codebook": "signoff",
    "correct": true
  },
  {
    "id": null,
    "text": "24 hours to fill?",
    "true_label": "HealthCareAccessAndQuality",
    "true_codebook": "Health_care_access_and_quality",
    "pred_label": "SchedulingAppt",
    "pred_codebook": "Scheduling_appt",
    "correct": false
  },
  {
    "id": null,
    "text": "it is elevated.",
    "true_label": "Diagnostics",
    "true_codebook": "Diagnostics",
    "pred_label": "Diagnostics",
    "pred_codebook": "Diagnostics",
    "correct": true
  },
  {
    "id": null,
    "text": "Cool",
    "true_label": "Alignment",
    "true_codebook": "Alignment",
    "pred_label": "salutation",
    "pred_codebook": "salutation",
    "correct": false
  },
  {
    "id": null,
    "text": "Thanks Person2",
    "true_label": "signoff",
    "true_codebook": "signoff",
    "pred_label": "signoff",
    "pred_codebook": "signoff",
    "correct": true
  },
  {
    "id": null,
    "text": "old Org1 is closed for the time being",
    "true_label": "HealthCareAccessAndQuality",
    "true_codebook": "Health_care_access_and_quality",
    "pred_label": "HealthCareAccessAndQuality",
    "pred_codebook": "Health_care_access_and_quality",
    "correct": true
  },
  {
    "id": null,
    "text": "The fax number in Dr Person5's office is XXX-XXX-XXXX.",
    "true_label": "Generalinformation",
    "true_codebook": "General_information",
    "pred_label": "Generalinformation",
    "pred_codebook": "General_information",
    "correct": true
  },
  {
    "id": null,
    "text": "Lots of words for a MM/DD/YYYY morning,",
    "true_label": "connection",
    "true_codebook": "Connection",
    "pred_label": "Diagnostics",
    "pred_codebook": "Diagnostics",
    "correct": false
  },
  {
    "id": null,
    "text": "You would have to get a disk from the image library with the PET images on them.",
    "true_label": "Instruction",
    "true_codebook": "instruction",
    "pred_label": "Instruction",
    "pred_codebook": "instruction",
    "correct": true
  },
  {
    "id": null,
    "text": "to go other yale clinic to do",
    "true_label": "HealthCareAccessAndQuality",
    "true_codebook": "Health_care_access_and_quality",
    "pred_label": "HealthCareAccessAndQuality",
    "pred_codebook": "Health_care_access_and_quality",
    "correct": true
  },
  {
    "id": null,
    "text": "Once MM/DD/YYYY e CT neck is completed",
    "true_label": "Diagnostics",
    "true_codebook": "Diagnostics",
    "pred_label": "Diagnostics",
    "pred_codebook": "Diagnostics",
    "correct": true
  },
  {
    "id": null,
    "text": "Hopefully you got the report by now.",
    "true_label": "expressOpinions",
    "true_codebook": "express_opinions",
    "pred_label": "activeParticipation/involvement",
    "pred_codebook": "active_participation_/involvement",
    "correct": false
  },
  {
    "id": null,
    "text": "my glucose remains",
    "true_label": "Symptoms",
    "true_codebook": "Symptoms",
    "pred_label": "expressOpinions",
    "pred_codebook": "express_opinions",
    "correct": false
  },
  {
    "id": null,
    "text": "a pen are circle the redness - watch for the redness to spread",
    "true_label": "Instruction",
    "true_codebook": "instruction",
    "pred_label": "Generalinformation",
    "pred_codebook": "General_information",
    "correct": false
  },
  {
    "id": null,
    "text": "Ok,",
    "true_label": "Alignment",
    "true_codebook": "Alignment",
    "pred_label": "Alignment",
    "pred_codebook": "Alignment",
    "correct": true
  },
  {
    "id": null,
    "text": "Good Morning my friends,",
    "true_label": "salutation",
    "true_codebook": "salutation",
    "pred_label": "connection",
    "pred_codebook": "Connection",
    "correct": false
  },
  {
    "id": null,
    "text": "Hope all is well with you and your family",
    "true_label": "connection",
    "true_codebook": "Connection",
    "pred_label": "connection",
    "pred_codebook": "Connection",
    "correct": true
  },
  {
    "id": null,
    "text": "Kind regards,",
    "true_label": "signoff",
    "true_codebook": "signoff",
    "pred_label": "signoff",
    "pred_codebook": "signoff",
    "correct": true
  },
  {
    "id": null,
    "text": "See you MM/DD/YYYY.",
    "true_label": "connection",
    "true_codebook": "Connection",
    "pred_label": "connection",
    "pred_codebook": "Connection",
    "correct": true
  },
  {
    "id": null,
    "text": "to MM/DD/YYYY at 1:00 PM.",
    "true_label": "SchedulingAppt",
    "true_codebook": "Scheduling_appt",
    "pred_label": "SchedulingAppt",
    "pred_codebook": "Scheduling_appt",
    "correct": true
  },
  {
    "id": null,
    "text": "I'd love to see you in person.",
    "true_label": "connection",
    "true_codebook": "Connection",
    "pred_label": "connection",
    "pred_codebook": "Connection",
    "correct": true
  },
  {
    "id": null,
    "text": "I keep you posted",
    "true_label": "activeParticipation/involvement",
    "true_codebook": "active_participation_/involvement",
    "pred_label": "Generalinformation",
    "pred_codebook": "General_information",
    "correct": false
  },
  {
    "id": null,
    "text": "I will try calling too looking for advice.",
    "true_label": "activeParticipation/involvement",
    "true_codebook": "active_participation_/involvement",
    "pred_label": "activeParticipation/involvement",
    "pred_codebook": "active_participation_/involvement",
    "correct": true
  },
  {
    "id": null,
    "text": "Thanks,",
    "true_label": "signoff",
    "true_codebook": "signoff",
    "pred_label": "signoff",
    "pred_codebook": "signoff",
    "correct": true
  },
  {
    "id": null,
    "text": "Thanks much.",
    "true_label": "signoff",
    "true_codebook": "signoff",
    "pred_label": "signoff",
    "pred_codebook": "signoff",
    "correct": true
  },
  {
    "id": null,
    "text": "Would love to get back on to the Eliquis if I can",
    "true_label": "statePreferences",
    "true_codebook": "state_preferences",
    "pred_label": "statePreferences",
    "pred_codebook": "state_preferences",
    "correct": true
  },
  {
    "id": null,
    "text": "Thank you,",
    "true_label": "signoff",
    "true_codebook": "signoff",
    "pred_label": "signoff",
    "pred_codebook": "signoff",
    "correct": true
  },
  {
    "id": null,
    "text": "Same to you and your beautiful family",
    "true_label": "connection",
    "true_codebook": "Connection",
    "pred_label": "connection",
    "pred_codebook": "Connection",
    "correct": true
  },
  {
    "id": null,
    "text": "a meeting at 4:30 she had",
    "true_label": "carecoordination",
    "true_codebook": "Care_Coordination",
    "pred_label": "carecoordination",
    "pred_codebook": "Care_Coordination",
    "correct": true
  },
  {
    "id": null,
    "text": "it was given for treating anxiety?",
    "true_label": "Drugs",
    "true_codebook": "Drugs",
    "pred_label": "Drugs",
    "pred_codebook": "Drugs",
    "correct": true
  },
  {
    "id": null,
    "text": "This test usually takes MM/DD/YYYY to get",
    "true_label": "SchedulingAppt",
    "true_codebook": "Scheduling_appt",
    "pred_label": "Diagnostics",
    "pred_codebook": "Diagnostics",
    "correct": false
  },
  {
    "id": null,
    "text": "Should I start Ibrance tonight?",
    "true_label": "SeekingApproval",
    "true_codebook": "Seeking_Approval",
    "pred_label": "SeekingApproval",
    "pred_codebook": "Seeking_Approval",
    "correct": true
  },
  {
    "id": null,
    "text": "Greetings,",
    "true_label": "salutation",
    "true_codebook": "salutation",
    "pred_label": "salutation",
    "pred_codebook": "salutation",
    "correct": true
  },
  {
    "id": null,
    "text": "That may sound stupid but the pain makes",
    "true_label": "ExpressConcern/unease",
    "true_codebook": "Express_concern/unease",
    "pred_label": "Generalinformation",
    "pred_codebook": "General_information",
    "correct": false
  },
  {
    "id": null,
    "text": "Yes,",
    "true_label": "Alignment",
    "true_codebook": "Alignment",
    "pred_label": "Alignment",
    "pred_codebook": "Alignment",
    "correct": true
  },
  {
    "id": null,
    "text": "I sent a message to the doctors that read",
    "true_label": "Diagnostics",
    "true_codebook": "Diagnostics",
    "pred_label": "activeParticipation/involvement",
    "pred_codebook": "active_participation_/involvement",
    "correct": false
  },
  {
    "id": null,
    "text": "Thank you,",
    "true_label": "signoff",
    "true_codebook": "signoff",
    "pred_label": "signoff",
    "pred_codebook": "signoff",
    "correct": true
  },
  {
    "id": null,
    "text": "Please send to Dr. Person2,",
    "true_label": "Instruction",
    "true_codebook": "instruction",
    "pred_label": "activeParticipation/involvement",
    "pred_codebook": "active_participation_/involvement",
    "correct": false
  },
  {
    "id": null,
    "text": "it on my MyChart.",
    "true_label": "Generalinformation",
    "true_codebook": "General_information",
    "pred_label": "Drugs",
    "pred_codebook": "Drugs",
    "correct": false
  },
  {
    "id": null,
    "text": "Hi Person1 we have no information.",
    "true_label": "Generalinformation",
    "true_codebook": "General_information",
    "pred_label": "Generalinformation",
    "pred_codebook": "General_information",
    "correct": true
  },
  {
    "id": null,
    "text": "The therapist will set up your calendar for appointments.",
    "true_label": "SchedulingAppt",
    "true_codebook": "Scheduling_appt",
    "pred_label": "SchedulingAppt",
    "pred_codebook": "Scheduling_appt",
    "correct": true
  },
  {
    "id": null,
    "text": "should I take more than one due to probably ending up missing two doses because Org takes",
    "true_label": "SeekingApproval",
    "true_codebook": "Seeking_Approval",
    "pred_label": "Drugs",
    "pred_codebook": "Drugs",
    "correct": false
  },
  {
    "id": null,
    "text": "Hello,",
    "true_label": "salutation",
    "true_codebook": "salutation",
    "pred_label": "salutation",
    "pred_codebook": "salutation",
    "correct": true
  },
  {
    "id": null,
    "text": "The CBC was done with a manual diff so sometimes that takes",
    "true_label": "Diagnostics",
    "true_codebook": "Diagnostics",
    "pred_label": "carecoordination",
    "pred_codebook": "Care_Coordination",
    "correct": false
  },
  {
    "id": null,
    "text": "to check in with Dr. Person1.",
    "true_label": "carecoordination",
    "true_codebook": "Care_Coordination",
    "pred_label": "activeParticipation/involvement",
    "pred_codebook": "active_participation_/involvement",
    "correct": false
  },
  {
    "id": null,
    "text": "Thanks,",
    "true_label": "signoff",
    "true_codebook": "signoff",
    "pred_label": "signoff",
    "pred_codebook": "signoff",
    "correct": true
  },
  {
    "id": null,
    "text": "a DPT would like to attend MM/DD/YYYY meeting along with my wife and me",
    "true_label": "statePreferences",
    "true_codebook": "state_preferences",
    "pred_label": "activeParticipation/involvement",
    "pred_codebook": "active_participation_/involvement",
    "correct": false
  },
  {
    "id": null,
    "text": "Good morning,",
    "true_label": "salutation",
    "true_codebook": "salutation",
    "pred_label": "salutation",
    "pred_codebook": "salutation",
    "correct": true
  },
  {
    "id": null,
    "text": "last cat scan was MM/DD/YYYY.",
    "true_label": "Diagnostics",
    "true_codebook": "Diagnostics",
    "pred_label": "Diagnostics",
    "pred_codebook": "Diagnostics",
    "correct": true
  },
  {
    "id": null,
    "text": "Are you having any problems urinating?",
    "true_label": "Symptoms",
    "true_codebook": "Symptoms",
    "pred_label": "Symptoms",
    "pred_codebook": "Symptoms",
    "correct": true
  },
  {
    "id": null,
    "text": "Thank you.",
    "true_label": "signoff",
    "true_codebook": "signoff",
    "pred_label": "signoff",
    "pred_codebook": "signoff",
    "correct": true
  },
  {
    "id": null,
    "text": "Ok.",
    "true_label": "Alignment",
    "true_codebook": "Alignment",
    "pred_label": "Alignment",
    "pred_codebook": "Alignment",
    "correct": true
  },
  {
    "id": null,
    "text": "Thanks so much.",
    "true_label": "signoff",
    "true_codebook": "signoff",
    "pred_label": "signoff",
    "pred_codebook": "signoff",
    "correct": true
  },
  {
    "id": null,
    "text": "Thank you,",
    "true_label": "signoff",
    "true_codebook": "signoff",
    "pred_label": "signoff",
    "pred_codebook": "signoff",
    "correct": true
  },
  {
    "id": null,
    "text": "Could you please provide the other pages?",
    "true_label": "Generalinformation",
    "true_codebook": "General_information",
    "pred_label": "activeParticipation/involvement",
    "pred_codebook": "active_participation_/involvement",
    "correct": false
  },
  {
    "id": null,
    "text": "Hi ,",
    "true_label": "salutation",
    "true_codebook": "salutation",
    "pred_label": "salutation",
    "pred_codebook": "salutation",
    "correct": true
  },
  {
    "id": null,
    "text": "The reasons listed don't make any sense,",
    "true_label": "expressOpinions",
    "true_codebook": "express_opinions",
    "pred_label": "Generalinformation",
    "pred_codebook": "General_information",
    "correct": false
  },
  {
    "id": null,
    "text": "Yes but in a diminished capacity.",
    "true_label": "HealthCareAccessAndQuality",
    "true_codebook": "Health_care_access_and_quality",
    "pred_label": "expressOpinions",
    "pred_codebook": "express_opinions",
    "correct": false
  },
  {
    "id": null,
    "text": "we will call to schedule a follow up.",
    "true_label": "maintainCommunication",
    "true_codebook": "Maintain_communication",
    "pred_label": "SchedulingAppt",
    "pred_codebook": "Scheduling_appt",
    "correct": false
  },
  {
    "id": null,
    "text": "I scheduled for MM/DD/YYYY at 7:45 as a telehealth.",
    "true_label": "SchedulingAppt",
    "true_codebook": "Scheduling_appt",
    "pred_label": "SchedulingAppt",
    "pred_codebook": "Scheduling_appt",
    "correct": true
  },
  {
    "id": null,
    "text": "Is the year loaded in is that why",
    "true_label": "activeParticipation/involvement",
    "true_codebook": "active_participation_/involvement",
    "pred_label": "Diagnostics",
    "pred_codebook": "Diagnostics",
    "correct": false
  },
  {
    "id": null,
    "text": "However dental work won commence until MM/DD/YYYY.",
    "true_label": "carecoordination",
    "true_codebook": "Care_Coordination",
    "pred_label": "carecoordination",
    "pred_codebook": "Care_Coordination",
    "correct": true
  },
  {
    "id": null,
    "text": "My left hip and tail",
    "true_label": "Symptoms",
    "true_codebook": "Symptoms",
    "pred_label": "Generalinformation",
    "pred_codebook": "General_information",
    "correct": false
  },
  {
    "id": null,
    "text": "It has been going on for about 4 days now.",
    "true_label": "Symptoms",
    "true_codebook": "Symptoms",
    "pred_label": "Drugs",
    "pred_codebook": "Drugs",
    "correct": false
  },
  {
    "id": null,
    "text": "We do recommend getting it",
    "true_label": "Approval/Reinforcement",
    "true_codebook": "Approval/Reinforcement",
    "pred_label": "Approval/Reinforcement",
    "pred_codebook": "Approval/Reinforcement",
    "correct": true
  },
  {
    "id": null,
    "text": "Was not yet contacted for a genetic testing appointment",
    "true_label": "SchedulingAppt",
    "true_codebook": "Scheduling_appt",
    "pred_label": "carecoordination",
    "pred_codebook": "Care_Coordination",
    "correct": false
  },
  {
    "id": null,
    "text": "Their number is XXX-XXX-XXXX.",
    "true_label": "Generalinformation",
    "true_codebook": "General_information",
    "pred_label": "Generalinformation",
    "pred_codebook": "General_information",
    "correct": true
  },
  {
    "id": null,
    "text": "well please hold and call",
    "true_label": "Instruction",
    "true_codebook": "instruction",
    "pred_label": "Instruction",
    "pred_codebook": "instruction",
    "correct": true
  },
  {
    "id": null,
    "text": "Thanks,",
    "true_label": "signoff",
    "true_codebook": "signoff",
    "pred_label": "signoff",
    "pred_codebook": "signoff",
    "correct": true
  },
  {
    "id": null,
    "text": "From MM/DD/YYYY and now",
    "true_label": "Diagnostics",
    "true_codebook": "Diagnostics",
    "pred_label": "Diagnostics",
    "pred_codebook": "Diagnostics",
    "correct": true
  },
  {
    "id": null,
    "text": "the vaccine for whooping cough (tdap) but you will have to do that at your PCP or local",
    "true_label": "HealthCareAccessAndQuality",
    "true_codebook": "Health_care_access_and_quality",
    "pred_label": "checkingUnderstanding/clarification",
    "pred_codebook": "checking_understanding/clarification",
    "correct": false
  },
  {
    "id": null,
    "text": "its job at stopping this stuff from occurring?",
    "true_label": "expressOpinions",
    "true_codebook": "express_opinions",
    "pred_label": "activeParticipation/involvement",
    "pred_codebook": "active_participation_/involvement",
    "correct": false
  },
  {
    "id": null,
    "text": "I also think she put",
    "true_label": "Diagnostics",
    "true_codebook": "Diagnostics",
    "pred_label": "maintainCommunication",
    "pred_codebook": "Maintain_communication",
    "correct": false
  },
  {
    "id": null,
    "text": "Should I start my Ibrance today?",
    "true_label": "SeekingApproval",
    "true_codebook": "Seeking_Approval",
    "pred_label": "SeekingApproval",
    "pred_codebook": "Seeking_Approval",
    "correct": true
  },
  {
    "id": null,
    "text": "Thanks,",
    "true_label": "signoff",
    "true_codebook": "signoff",
    "pred_label": "signoff",
    "pred_codebook": "signoff",
    "correct": true
  },
  {
    "id": null,
    "text": "He is having an MRI Today at Org2.",
    "true_label": "Diagnostics",
    "true_codebook": "Diagnostics",
    "pred_label": "HealthCareAccessAndQuality",
    "pred_codebook": "Health_care_access_and_quality",
    "correct": false
  },
  {
    "id": null,
    "text": "Thanks so much.",
    "true_label": "signoff",
    "true_codebook": "signoff",
    "pred_label": "signoff",
    "pred_codebook": "signoff",
    "correct": true
  },
  {
    "id": null,
    "text": "Hi,",
    "true_label": "salutation",
    "true_codebook": "salutation",
    "pred_label": "salutation",
    "pred_codebook": "salutation",
    "correct": true
  },
  {
    "id": null,
    "text": "All better,",
    "true_label": "Symptoms",
    "true_codebook": "Symptoms",
    "pred_label": "connection",
    "pred_codebook": "Connection",
    "correct": false
  },
  {
    "id": null,
    "text": "Regards,",
    "true_label": "signoff",
    "true_codebook": "signoff",
    "pred_label": "signoff",
    "pred_codebook": "signoff",
    "correct": true
  },
  {
    "id": null,
    "text": "when you send",
    "true_label": "HealthCareAccessAndQuality",
    "true_codebook": "Health_care_access_and_quality",
    "pred_label": "maintainCommunication",
    "pred_codebook": "Maintain_communication",
    "correct": false
  },
  {
    "id": null,
    "text": "I would like to see someone about having that possible surgery since it is",
    "true_label": "ApprovalofDecision/Reinforcement",
    "true_codebook": "Approval/Reinforcement",
    "pred_label": "activeParticipation/involvement",
    "pred_codebook": "active_participation_/involvement",
    "correct": false
  },
  {
    "id": null,
    "text": "I was happy to see that this was trending",
    "true_label": "Diagnostics",
    "true_codebook": "Diagnostics",
    "pred_label": "connection",
    "pred_codebook": "Connection",
    "correct": false
  },
  {
    "id": null,
    "text": "Could you please get labs around MM/DD/YYYY?",
    "true_label": "SchedulingAppt",
    "true_codebook": "Scheduling_appt",
    "pred_label": "activeParticipation/involvement",
    "pred_codebook": "active_participation_/involvement",
    "correct": false
  },
  {
    "id": null,
    "text": "just know you are",
    "true_label": "Reassurance",
    "true_codebook": "Reassurance",
    "pred_label": "connection",
    "pred_codebook": "Connection",
    "correct": false
  },
  {
    "id": null,
    "text": "they have already left for the day I will keep",
    "true_label": "Generalinformation",
    "true_codebook": "General_information",
    "pred_label": "Generalinformation",
    "pred_codebook": "General_information",
    "correct": true
  },
  {
    "id": null,
    "text": "Person2 once again is in pain from the gall bladder drain that is sitting",
    "true_label": "Symptoms",
    "true_codebook": "Symptoms",
    "pred_label": "Symptoms",
    "pred_codebook": "Symptoms",
    "correct": true
  },
  {
    "id": null,
    "text": "TOTAL (POST DIAGNOSIS) (BH GH LMW YH) resulted",
    "true_label": "Diagnostics",
    "true_codebook": "Diagnostics",
    "pred_label": "Diagnostics",
    "pred_codebook": "Diagnostics",
    "correct": true
  },
  {
    "id": null,
    "text": "Is that a concern for this medication,",
    "true_label": "ExpressConcern/unease",
    "true_codebook": "Express_concern/unease",
    "pred_label": "activeParticipation/involvement",
    "pred_codebook": "active_participation_/involvement",
    "correct": false
  },
  {
    "id": null,
    "text": "evolution in the 2 newly spot nodal issues,",
    "true_label": "Symptoms",
    "true_codebook": "Symptoms",
    "pred_label": "Drugs",
    "pred_codebook": "Drugs",
    "correct": false
  },
  {
    "id": null,
    "text": "blood drawn on MM/DD/YYYY this week.",
    "true_label": "activeParticipation/involvement",
    "true_codebook": "active_participation_/involvement",
    "pred_label": "Symptoms",
    "pred_codebook": "Symptoms",
    "correct": false
  },
  {
    "id": null,
    "text": "right under my right breast to my right side.",
    "true_label": "Symptoms",
    "true_codebook": "Symptoms",
    "pred_label": "Generalinformation",
    "pred_codebook": "General_information",
    "correct": false
  },
  {
    "id": null,
    "text": "contacted your office for my xeralto to be refiled",
    "true_label": "Drugs",
    "true_codebook": "Drugs",
    "pred_label": "Drugs",
    "pred_codebook": "Drugs",
    "correct": true
  },
  {
    "id": null,
    "text": "I also feel a little tingling in my upper arm at times.",
    "true_label": "Symptoms",
    "true_codebook": "Symptoms",
    "pred_label": "Symptoms",
    "pred_codebook": "Symptoms",
    "correct": true
  },
  {
    "id": null,
    "text": "Thank you,",
    "true_label": "signoff",
    "true_codebook": "signoff",
    "pred_label": "signoff",
    "pred_codebook": "signoff",
    "correct": true
  },
  {
    "id": null,
    "text": "Thank You Person2",
    "true_label": "signoff",
    "true_codebook": "signoff",
    "pred_label": "signoff",
    "pred_codebook": "signoff",
    "correct": true
  },
  {
    "id": null,
    "text": "Thank you,",
    "true_label": "signoff",
    "true_codebook": "signoff",
    "pred_label": "signoff",
    "pred_codebook": "signoff",
    "correct": true
  },
  {
    "id": null,
    "text": "Thanks ,",
    "true_label": "signoff",
    "true_codebook": "signoff",
    "pred_label": "signoff",
    "pred_codebook": "signoff",
    "correct": true
  },
  {
    "id": null,
    "text": "we were wondering about the additional benefits of these two medications,",
    "true_label": "statePreferences",
    "true_codebook": "state_preferences",
    "pred_label": "Drugs",
    "pred_codebook": "Drugs",
    "correct": false
  },
  {
    "id": null,
    "text": "you can wait until MM/DD/YYYY,",
    "true_label": "MakeDecision",
    "true_codebook": "Making_decision_together",
    "pred_label": "SchedulingAppt",
    "pred_codebook": "Scheduling_appt",
    "correct": false
  },
  {
    "id": null,
    "text": "a very good marker for you.",
    "true_label": "Diagnostics",
    "true_codebook": "Diagnostics",
    "pred_label": "Diagnostics",
    "pred_codebook": "Diagnostics",
    "correct": true
  },
  {
    "id": null,
    "text": "Thank you,",
    "true_label": "signoff",
    "true_codebook": "signoff",
    "pred_label": "signoff",
    "pred_codebook": "signoff",
    "correct": true
  },
  {
    "id": null,
    "text": "that is",
    "true_label": "signoff",
    "true_codebook": "signoff",
    "pred_label": "HealthCareAccessAndQuality",
    "pred_codebook": "Health_care_access_and_quality",
    "correct": false
  },
  {
    "id": null,
    "text": "I faxed the paperwork,",
    "true_label": "carecoordination",
    "true_codebook": "Care_Coordination",
    "pred_label": "Generalinformation",
    "pred_codebook": "General_information",
    "correct": false
  },
  {
    "id": null,
    "text": "Thanks again,",
    "true_label": "signoff",
    "true_codebook": "signoff",
    "pred_label": "signoff",
    "pred_codebook": "signoff",
    "correct": true
  },
  {
    "id": null,
    "text": "Sincerely,",
    "true_label": "signoff",
    "true_codebook": "signoff",
    "pred_label": "signoff",
    "pred_codebook": "signoff",
    "correct": true
  },
  {
    "id": null,
    "text": "When would you recommend I get",
    "true_label": "ExploreOptions",
    "true_codebook": "Explore_options",
    "pred_label": "ExploreOptions",
    "pred_codebook": "Explore_options",
    "correct": true
  },
  {
    "id": null,
    "text": "Have a great weekend.",
    "true_label": "connection",
    "true_codebook": "Connection",
    "pred_label": "connection",
    "pred_codebook": "Connection",
    "correct": true
  },
  {
    "id": null,
    "text": "Thanks so much.",
    "true_label": "signoff",
    "true_codebook": "signoff",
    "pred_label": "signoff",
    "pred_codebook": "signoff",
    "correct": true
  },
  {
    "id": null,
    "text": "Thanks so much!",
    "true_label": "signoff",
    "true_codebook": "signoff",
    "pred_label": "signoff",
    "pred_codebook": "signoff",
    "correct": true
  },
  {
    "id": null,
    "text": "Thanks",
    "true_label": "signoff",
    "true_codebook": "signoff",
    "pred_label": "signoff",
    "pred_codebook": "signoff",
    "correct": true
  },
  {
    "id": null,
    "text": "Please then call our office or mychart",
    "true_label": "Instruction",
    "true_codebook": "instruction",
    "pred_label": "Instruction",
    "pred_codebook": "instruction",
    "correct": true
  },
  {
    "id": null,
    "text": "Am seeing Dr. Person2 on MM/DD/YYYY next week for a follow up so will discuss the surgical option with him then.",
    "true_label": "carecoordination",
    "true_codebook": "Care_Coordination",
    "pred_label": "SchedulingAppt",
    "pred_codebook": "Scheduling_appt",
    "correct": false
  },
  {
    "id": null,
    "text": "Good morning,",
    "true_label": "salutation",
    "true_codebook": "salutation",
    "pred_label": "salutation",
    "pred_codebook": "salutation",
    "correct": true
  },
  {
    "id": null,
    "text": "Thank you,",
    "true_label": "signoff",
    "true_codebook": "signoff",
    "pred_label": "signoff",
    "pred_codebook": "signoff",
    "correct": true
  },
  {
    "id": null,
    "text": "Your last injection was",
    "true_label": "Drugs",
    "true_codebook": "Drugs",
    "pred_label": "Diagnostics",
    "pred_codebook": "Diagnostics",
    "correct": false
  },
  {
    "id": null,
    "text": "my refill to Org,",
    "true_label": "HealthCareAccessAndQuality",
    "true_codebook": "Health_care_access_and_quality",
    "pred_label": "Drugs",
    "pred_codebook": "Drugs",
    "correct": false
  },
  {
    "id": null,
    "text": "but MM/DD/YYYY had to go MM/DD/YYYY.",
    "true_label": "Drugs",
    "true_codebook": "Drugs",
    "pred_label": "Diagnostics",
    "pred_codebook": "Diagnostics",
    "correct": false
  },
  {
    "id": null,
    "text": "Good pick up!",
    "true_label": "PositiveRemarks",
    "true_codebook": "Positive_Remarks/Reward",
    "pred_label": "signoff",
    "pred_codebook": "signoff",
    "correct": false
  },
  {
    "id": null,
    "text": "Thanks,",
    "true_label": "signoff",
    "true_codebook": "signoff",
    "pred_label": "signoff",
    "pred_codebook": "signoff",
    "correct": true
  },
  {
    "id": null,
    "text": "My dad rash has diminished substantially since starting the Gabapentin.",
    "true_label": "Symptoms",
    "true_codebook": "Symptoms",
    "pred_label": "Symptoms",
    "pred_codebook": "Symptoms",
    "correct": true
  },
  {
    "id": null,
    "text": "I don begin until MM/DD/YYYY.",
    "true_label": "SchedulingAppt",
    "true_codebook": "Scheduling_appt",
    "pred_label": "Diagnostics",
    "pred_codebook": "Diagnostics",
    "correct": false
  },
  {
    "id": null,
    "text": "I hope this helps",
    "true_label": "connection",
    "true_codebook": "Connection",
    "pred_label": "connection",
    "pred_codebook": "Connection",
    "correct": true
  },
  {
    "id": null,
    "text": "I would like to have an IV Port installed",
    "true_label": "statePreferences",
    "true_codebook": "state_preferences",
    "pred_label": "ExploreOptions",
    "pred_codebook": "Explore_options",
    "correct": false
  },
  {
    "id": null,
    "text": "because of today weather I had to cancel an appointment at the Org2 dental clinic and it been rescheduled",
    "true_label": "HealthCareAccessAndQuality",
    "true_codebook": "Health_care_access_and_quality",
    "pred_label": "activeParticipation/involvement",
    "pred_codebook": "active_participation_/involvement",
    "correct": false
  },
  {
    "id": null,
    "text": "Thank you,",
    "true_label": "signoff",
    "true_codebook": "signoff",
    "pred_label": "signoff",
    "pred_codebook": "signoff",
    "correct": true
  },
  {
    "id": null,
    "text": "a conflict;",
    "true_label": "SchedulingAppt",
    "true_codebook": "Scheduling_appt",
    "pred_label": "HealthCareAccessAndQuality",
    "pred_codebook": "Health_care_access_and_quality",
    "correct": false
  },
  {
    "id": null,
    "text": "from someone in the next week.",
    "true_label": "maintainCommunication",
    "true_codebook": "Maintain_communication",
    "pred_label": "SchedulingAppt",
    "pred_codebook": "Scheduling_appt",
    "correct": false
  },
  {
    "id": null,
    "text": "the Inpatient GI Team.",
    "true_label": "Instruction",
    "true_codebook": "instruction",
    "pred_label": "carecoordination",
    "pred_codebook": "Care_Coordination",
    "correct": false
  },
  {
    "id": null,
    "text": "I will check back with Person1 early MM/DD/YYYY and will let",
    "true_label": "activeParticipation/involvement",
    "true_codebook": "active_participation_/involvement",
    "pred_label": "Generalinformation",
    "pred_codebook": "General_information",
    "correct": false
  },
  {
    "id": null,
    "text": "I was wondering if Dr. Person1 could refill",
    "true_label": "Drugs",
    "true_codebook": "Drugs",
    "pred_label": "Drugs",
    "pred_codebook": "Drugs",
    "correct": true
  },
  {
    "id": null,
    "text": "Best to you Person1",
    "true_label": "connection",
    "true_codebook": "Connection",
    "pred_label": "connection",
    "pred_codebook": "Connection",
    "correct": true
  },
  {
    "id": null,
    "text": "First in am or last appointment",
    "true_label": "statePreferences",
    "true_codebook": "state_preferences",
    "pred_label": "SchedulingAppt",
    "pred_codebook": "Scheduling_appt",
    "correct": false
  },
  {
    "id": null,
    "text": "Dr Person1 i had blood drawn at Org2.",
    "true_label": "Diagnostics",
    "true_codebook": "Diagnostics",
    "pred_label": "Diagnostics",
    "pred_codebook": "Diagnostics",
    "correct": true
  },
  {
    "id": null,
    "text": "I have just received a new medication that you appear",
    "true_label": "Drugs",
    "true_codebook": "Drugs",
    "pred_label": "activeParticipation/involvement",
    "pred_codebook": "active_participation_/involvement",
    "correct": false
  },
  {
    "id": null,
    "text": "Or no need for an office visit?",
    "true_label": "ExploreOptions",
    "true_codebook": "Explore_options",
    "pred_label": "HealthCareAccessAndQuality",
    "pred_codebook": "Health_care_access_and_quality",
    "correct": false
  },
  {
    "id": null,
    "text": "after the first week in MM/DD/YYYY when I get",
    "true_label": "Generalinformation",
    "true_codebook": "General_information",
    "pred_label": "SchedulingAppt",
    "pred_codebook": "Scheduling_appt",
    "correct": false
  },
  {
    "id": null,
    "text": "to show you my finger nails",
    "true_label": "activeParticipation/involvement",
    "true_codebook": "active_participation_/involvement",
    "pred_label": "connection",
    "pred_codebook": "Connection",
    "correct": false
  },
  {
    "id": null,
    "text": "any issues with it like rashes or diarrhea",
    "true_label": "maintainCommunication",
    "true_codebook": "Maintain_communication",
    "pred_label": "Symptoms",
    "pred_codebook": "Symptoms",
    "correct": false
  },
  {
    "id": null,
    "text": "a script for that ?",
    "true_label": "Drugs",
    "true_codebook": "Drugs",
    "pred_label": "activeParticipation/involvement",
    "pred_codebook": "active_participation_/involvement",
    "correct": false
  },
  {
    "id": null,
    "text": "I will ask our secretary to schedule but if MM/DD/YYYY is",
    "true_label": "SchedulingAppt",
    "true_codebook": "Scheduling_appt",
    "pred_label": "SchedulingAppt",
    "pred_codebook": "Scheduling_appt",
    "correct": true
  },
  {
    "id": null,
    "text": "So he is happy with that.",
    "true_label": "Alignment",
    "true_codebook": "Alignment",
    "pred_label": "connection",
    "pred_codebook": "Connection",
    "correct": false
  },
  {
    "id": null,
    "text": "I am at Org2 and they are only doing psa and metobolic",
    "true_label": "Diagnostics",
    "true_codebook": "Diagnostics",
    "pred_label": "Drugs",
    "pred_codebook": "Drugs",
    "correct": false
  },
  {
    "id": null,
    "text": "Are you able to help with this only I haven had",
    "true_label": "activeParticipation/involvement",
    "true_codebook": "active_participation_/involvement",
    "pred_label": "HealthCareAccessAndQuality",
    "pred_codebook": "Health_care_access_and_quality",
    "correct": false
  },
  {
    "id": null,
    "text": "Regards,",
    "true_label": "signoff",
    "true_codebook": "signoff",
    "pred_label": "signoff",
    "pred_codebook": "signoff",
    "correct": true
  },
  {
    "id": null,
    "text": "you but I am still not understanding",
    "true_label": "Diagnostics",
    "true_codebook": "Diagnostics",
    "pred_label": "activeParticipation/involvement",
    "pred_codebook": "active_participation_/involvement",
    "correct": false
  },
  {
    "id": null,
    "text": "Please keep me informed.",
    "true_label": "activeParticipation/involvement",
    "true_codebook": "active_participation_/involvement",
    "pred_label": "activeParticipation/involvement",
    "pred_codebook": "active_participation_/involvement",
    "correct": true
  },
  {
    "id": null,
    "text": "so please also ask",
    "true_label": "Instruction",
    "true_codebook": "instruction",
    "pred_label": "ExpressConcern/unease",
    "pred_codebook": "Express_concern/unease",
    "correct": false
  },
  {
    "id": null,
    "text": "I would like to schedule a virtual call with you to-discuss",
    "true_label": "SchedulingAppt",
    "true_codebook": "Scheduling_appt",
    "pred_label": "carecoordination",
    "pred_codebook": "Care_Coordination",
    "correct": false
  },
  {
    "id": null,
    "text": "Ok ok",
    "true_label": "connection",
    "true_codebook": "Connection",
    "pred_label": "Alignment",
    "pred_codebook": "Alignment",
    "correct": false
  },
  {
    "id": null,
    "text": "Thanks,",
    "true_label": "signoff",
    "true_codebook": "signoff",
    "pred_label": "signoff",
    "pred_codebook": "signoff",
    "correct": true
  },
  {
    "id": null,
    "text": "I had two this year (both Person2) one in MM/DD/YYYY and the other",
    "true_label": "Drugs",
    "true_codebook": "Drugs",
    "pred_label": "Drugs",
    "pred_codebook": "Drugs",
    "correct": true
  },
  {
    "id": null,
    "text": "out to our office!",
    "true_label": "Instruction",
    "true_codebook": "instruction",
    "pred_label": "connection",
    "pred_codebook": "Connection",
    "correct": false
  },
  {
    "id": null,
    "text": "I have not rec'd email message from blood testing lab,",
    "true_label": "Diagnostics",
    "true_codebook": "Diagnostics",
    "pred_label": "activeParticipation/involvement",
    "pred_codebook": "active_participation_/involvement",
    "correct": false
  },
  {
    "id": null,
    "text": "Person1 rec'd a notice MM/DD/YYYY (MM/DD/YYYY,",
    "true_label": "Generalinformation",
    "true_codebook": "General_information",
    "pred_label": "carecoordination",
    "pred_codebook": "Care_Coordination",
    "correct": false
  },
  {
    "id": null,
    "text": "it's just something that makes",
    "true_label": "Alignment",
    "true_codebook": "Alignment",
    "pred_label": "build trust",
    "pred_codebook": "build_trust",
    "correct": false
  },
  {
    "id": null,
    "text": "Hope all is well with you and your family",
    "true_label": "connection",
    "true_codebook": "Connection",
    "pred_label": "connection",
    "pred_codebook": "Connection",
    "correct": true
  },
  {
    "id": null,
    "text": "Good afternoon,",
    "true_label": "salutation",
    "true_codebook": "salutation",
    "pred_label": "salutation",
    "pred_codebook": "salutation",
    "correct": true
  },
  {
    "id": null,
    "text": "I need an appointment with breast center to get",
    "true_label": "SchedulingAppt",
    "true_codebook": "Scheduling_appt",
    "pred_label": "carecoordination",
    "pred_codebook": "Care_Coordination",
    "correct": false
  },
  {
    "id": null,
    "text": "Much appreciated!",
    "true_label": "Appreciation/Gratitude",
    "true_codebook": "Appreciation/gratitude",
    "pred_label": "Appreciation/Gratitude",
    "pred_codebook": "Appreciation/gratitude",
    "correct": true
  },
  {
    "id": null,
    "text": "by Dr. Person2 with the labs on MM/DD/YYYY.",
    "true_label": "carecoordination",
    "true_codebook": "Care_Coordination",
    "pred_label": "carecoordination",
    "pred_codebook": "Care_Coordination",
    "correct": true
  },
  {
    "id": null,
    "text": "Otherwise the scheduling team does not know you need",
    "true_label": "checkingUnderstanding/clarification",
    "true_codebook": "checking_understanding/clarification",
    "pred_label": "SchedulingAppt",
    "pred_codebook": "Scheduling_appt",
    "correct": false
  },
  {
    "id": null,
    "text": "Person1 had had lower back pain for 2 months and he did",
    "true_label": "Symptoms",
    "true_codebook": "Symptoms",
    "pred_label": "Symptoms",
    "pred_codebook": "Symptoms",
    "correct": true
  },
  {
    "id": null,
    "text": "Oh ok !",
    "true_label": "Alignment",
    "true_codebook": "Alignment",
    "pred_label": "Alignment",
    "pred_codebook": "Alignment",
    "correct": true
  },
  {
    "id": null,
    "text": "Let me know",
    "true_label": "maintainCommunication",
    "true_codebook": "Maintain_communication",
    "pred_label": "activeParticipation/involvement",
    "pred_codebook": "active_participation_/involvement",
    "correct": false
  },
  {
    "id": null,
    "text": "it has not helped.",
    "true_label": "Drugs",
    "true_codebook": "Drugs",
    "pred_label": "Drugs",
    "pred_codebook": "Drugs",
    "correct": true
  },
  {
    "id": null,
    "text": "for a conversation with the Medical Director of Org9 to explain the need for the rehab stay.",
    "true_label": "statePreferences",
    "true_codebook": "state_preferences",
    "pred_label": "HealthCareAccessAndQuality",
    "pred_codebook": "Health_care_access_and_quality",
    "correct": false
  },
  {
    "id": null,
    "text": "Thanks again,",
    "true_label": "signoff",
    "true_codebook": "signoff",
    "pred_label": "signoff",
    "pred_codebook": "signoff",
    "correct": true
  },
  {
    "id": null,
    "text": "Did you just cancel the ct scan I scheduled",
    "true_label": "HealthCareAccessAndQuality",
    "true_codebook": "Health_care_access_and_quality",
    "pred_label": "Diagnostics",
    "pred_codebook": "Diagnostics",
    "correct": false
  },
  {
    "id": null,
    "text": "Good morning,",
    "true_label": "salutation",
    "true_codebook": "salutation",
    "pred_label": "salutation",
    "pred_codebook": "salutation",
    "correct": true
  },
  {
    "id": null,
    "text": "Thank you and happy new year",
    "true_label": "connection",
    "true_codebook": "Connection",
    "pred_label": "connection",
    "pred_codebook": "Connection",
    "correct": true
  },
  {
    "id": null,
    "text": "I'll drop it off tomorrow.",
    "true_label": "Generalinformation",
    "true_codebook": "General_information",
    "pred_label": "Generalinformation",
    "pred_codebook": "General_information",
    "correct": true
  },
  {
    "id": null,
    "text": "Wasn sure if I was meant",
    "true_label": "expressOpinions",
    "true_codebook": "express_opinions",
    "pred_label": "Drugs",
    "pred_codebook": "Drugs",
    "correct": false
  },
  {
    "id": null,
    "text": "Also we can hold off on starting the Ibrance a few days but if you can get",
    "true_label": "Drugs",
    "true_codebook": "Drugs",
    "pred_label": "Instruction",
    "pred_codebook": "instruction",
    "correct": false
  },
  {
    "id": null,
    "text": "I apologize for the confusion.",
    "true_label": "AcknowledgeError",
    "true_codebook": "Acknowledge_Error",
    "pred_label": "AcknowledgeError",
    "pred_codebook": "Acknowledge_Error",
    "correct": true
  },
  {
    "id": null,
    "text": "then will decide on what next steps will be.",
    "true_label": "carecoordination",
    "true_codebook": "Care_Coordination",
    "pred_label": "activeParticipation/involvement",
    "pred_codebook": "active_participation_/involvement",
    "correct": false
  },
  {
    "id": null,
    "text": "how he does-- keep",
    "true_label": "maintainCommunication",
    "true_codebook": "Maintain_communication",
    "pred_label": "Symptoms",
    "pred_codebook": "Symptoms",
    "correct": false
  },
  {
    "id": null,
    "text": "They are for the attention of Dr. Person3,",
    "true_label": "carecoordination",
    "true_codebook": "Care_Coordination",
    "pred_label": "Generalinformation",
    "pred_codebook": "General_information",
    "correct": false
  },
  {
    "id": null,
    "text": "Hard to shed a few pounds (around 190) and I guess",
    "true_label": "HealthCareAccessAndQuality",
    "true_codebook": "Health_care_access_and_quality",
    "pred_label": "expressOpinions",
    "pred_codebook": "express_opinions",
    "correct": false
  },
  {
    "id": null,
    "text": "Thanks Person1 Can I get a losartan refill?",
    "true_label": "Drugs",
    "true_codebook": "Drugs",
    "pred_label": "Drugs",
    "pred_codebook": "Drugs",
    "correct": true
  },
  {
    "id": null,
    "text": "you posted",
    "true_label": "maintainCommunication",
    "true_codebook": "Maintain_communication",
    "pred_label": "Alignment",
    "pred_codebook": "Alignment",
    "correct": false
  },
  {
    "id": null,
    "text": "with about the approval for the tramadol.",
    "true_label": "HealthCareAccessAndQuality",
    "true_codebook": "Health_care_access_and_quality",
    "pred_label": "activeParticipation/involvement",
    "pred_codebook": "active_participation_/involvement",
    "correct": false
  },
  {
    "id": null,
    "text": "Thanks!",
    "true_label": "signoff",
    "true_codebook": "signoff",
    "pred_label": "Appreciation/Gratitude",
    "pred_codebook": "Appreciation/gratitude",
    "correct": false
  },
  {
    "id": null,
    "text": "Hope you are doing",
    "true_label": "connection",
    "true_codebook": "Connection",
    "pred_label": "Reassurance",
    "pred_codebook": "Reassurance",
    "correct": false
  },
  {
    "id": null,
    "text": "the home adjustments to his bathroom to support",
    "true_label": "NeighborhoodAndBuiltEnvironment",
    "true_codebook": "Neighborhood_and_built_environment",
    "pred_label": "carecoordination",
    "pred_codebook": "Care_Coordination",
    "correct": false
  },
  {
    "id": null,
    "text": "Don't you ever apologize!",
    "true_label": "build trust",
    "true_codebook": "build_trust",
    "pred_label": "signoff",
    "pred_codebook": "signoff",
    "correct": false
  },
  {
    "id": null,
    "text": "Ok,",
    "true_label": "Alignment",
    "true_codebook": "Alignment",
    "pred_label": "Alignment",
    "pred_codebook": "Alignment",
    "correct": true
  },
  {
    "id": null,
    "text": "I await your message about the bone scan on MM/DD/YYYY.",
    "true_label": "activeParticipation/involvement",
    "true_codebook": "active_participation_/involvement",
    "pred_label": "SchedulingAppt",
    "pred_codebook": "Scheduling_appt",
    "correct": false
  },
  {
    "id": null,
    "text": "Hi,",
    "true_label": "salutation",
    "true_codebook": "salutation",
    "pred_label": "salutation",
    "pred_codebook": "salutation",
    "correct": true
  },
  {
    "id": null,
    "text": "We might just have to change the dose of the injection.",
    "true_label": "maintainCommunication",
    "true_codebook": "Maintain_communication",
    "pred_label": "ExploreOptions",
    "pred_codebook": "Explore_options",
    "correct": false
  },
  {
    "id": null,
    "text": "Hi Person1 hope you well!",
    "true_label": "connection",
    "true_codebook": "Connection",
    "pred_label": "connection",
    "pred_codebook": "Connection",
    "correct": true
  },
  {
    "id": null,
    "text": "Sorry He does not remove ports.",
    "true_label": "Generalinformation",
    "true_codebook": "General_information",
    "pred_label": "Generalinformation",
    "pred_codebook": "General_information",
    "correct": true
  },
  {
    "id": null,
    "text": "a prescription for trazodone from Org2 oncology,",
    "true_label": "Drugs",
    "true_codebook": "Drugs",
    "pred_label": "Drugs",
    "pred_codebook": "Drugs",
    "correct": true
  },
  {
    "id": null,
    "text": "Hi Person1 your PCP should be following this so I would check",
    "true_label": "checkingUnderstanding/clarification",
    "true_codebook": "checking_understanding/clarification",
    "pred_label": "activeParticipation/involvement",
    "pred_codebook": "active_participation_/involvement",
    "correct": false
  },
  {
    "id": null,
    "text": "Is that a third test?",
    "true_label": "Diagnostics",
    "true_codebook": "Diagnostics",
    "pred_label": "Diagnostics",
    "pred_codebook": "Diagnostics",
    "correct": true
  },
  {
    "id": null,
    "text": "Sorry to hear this is happening.",
    "true_label": "Sadness/fear",
    "true_codebook": "Sadness/fear",
    "pred_label": "Sadness/fear",
    "pred_codebook": "Sadness/fear",
    "correct": true
  },
  {
    "id": null,
    "text": "Maybe see you next week when I come",
    "true_label": "connection",
    "true_codebook": "Connection",
    "pred_label": "statePreferences",
    "pred_codebook": "state_preferences",
    "correct": false
  },
  {
    "id": null,
    "text": "the CEA (just another marker in this situation) to the CA27.29 and agree",
    "true_label": "Diagnostics",
    "true_codebook": "Diagnostics",
    "pred_label": "Diagnostics",
    "pred_codebook": "Diagnostics",
    "correct": true
  },
  {
    "id": null,
    "text": "Ill be there.",
    "true_label": "activeParticipation/involvement",
    "true_codebook": "active_participation_/involvement",
    "pred_label": "Diagnostics",
    "pred_codebook": "Diagnostics",
    "correct": false
  },
  {
    "id": null,
    "text": "He has significantly decreased his clinic time with his promotion.",
    "true_label": "HealthCareAccessAndQuality",
    "true_codebook": "Health_care_access_and_quality",
    "pred_label": "Drugs",
    "pred_codebook": "Drugs",
    "correct": false
  },
  {
    "id": null,
    "text": "The PT referral was placed Thanks Person2",
    "true_label": "maintainCommunication",
    "true_codebook": "Maintain_communication",
    "pred_label": "maintainCommunication",
    "pred_codebook": "Maintain_communication",
    "correct": true
  },
  {
    "id": null,
    "text": "The good doctor is swamped in a emails and she wants",
    "true_label": "Generalinformation",
    "true_codebook": "General_information",
    "pred_label": "carecoordination",
    "pred_codebook": "Care_Coordination",
    "correct": false
  },
  {
    "id": null,
    "text": "She instructed me to check with you.",
    "true_label": "carecoordination",
    "true_codebook": "Care_Coordination",
    "pred_label": "activeParticipation/involvement",
    "pred_codebook": "active_participation_/involvement",
    "correct": false
  },
  {
    "id": null,
    "text": "The covid pandemic has created a huge backup.",
    "true_label": "Generalinformation",
    "true_codebook": "General_information",
    "pred_label": "Diagnostics",
    "pred_codebook": "Diagnostics",
    "correct": false
  },
  {
    "id": null,
    "text": "that my PSA was elevated",
    "true_label": "Diagnostics",
    "true_codebook": "Diagnostics",
    "pred_label": "Diagnostics",
    "pred_codebook": "Diagnostics",
    "correct": true
  },
  {
    "id": null,
    "text": "and I will call to schedule my appointment.",
    "true_label": "SchedulingAppt",
    "true_codebook": "Scheduling_appt",
    "pred_label": "SchedulingAppt",
    "pred_codebook": "Scheduling_appt",
    "correct": true
  },
  {
    "id": null,
    "text": "Will I be doing bloodwork before my appointment next MM/DD/YYYY?",
    "true_label": "Diagnostics",
    "true_codebook": "Diagnostics",
    "pred_label": "SchedulingAppt",
    "pred_codebook": "Scheduling_appt",
    "correct": false
  },
  {
    "id": null,
    "text": "Yes I just need to know when you stopped",
    "true_label": "EconomicStability",
    "true_codebook": "Economic_stability",
    "pred_label": "activeParticipation/involvement",
    "pred_codebook": "active_participation_/involvement",
    "correct": false
  },
  {
    "id": null,
    "text": "Good evening,",
    "true_label": "salutation",
    "true_codebook": "salutation",
    "pred_label": "salutation",
    "pred_codebook": "salutation",
    "correct": true
  },
  {
    "id": null,
    "text": "Can you tell me how to get her records over to your facility and recommend",
    "true_label": "HealthCareAccessAndQuality",
    "true_codebook": "Health_care_access_and_quality",
    "pred_label": "activeParticipation/involvement",
    "pred_codebook": "active_participation_/involvement",
    "correct": false
  },
  {
    "id": null,
    "text": "Here is the fax number;",
    "true_label": "Generalinformation",
    "true_codebook": "General_information",
    "pred_label": "Generalinformation",
    "pred_codebook": "General_information",
    "correct": true
  },
  {
    "id": null,
    "text": "I plan to bring several Covid tests.",
    "true_label": "activeParticipation/involvement",
    "true_codebook": "active_participation_/involvement",
    "pred_label": "activeParticipation/involvement",
    "pred_codebook": "active_participation_/involvement",
    "correct": true
  },
  {
    "id": null,
    "text": "I can send her a message as well.",
    "true_label": "carecoordination",
    "true_codebook": "Care_Coordination",
    "pred_label": "Generalinformation",
    "pred_codebook": "General_information",
    "correct": false
  },
  {
    "id": null,
    "text": "I need to inform you that on MM/DD/YYYY I started",
    "true_label": "carecoordination",
    "true_codebook": "Care_Coordination",
    "pred_label": "activeParticipation/involvement",
    "pred_codebook": "active_participation_/involvement",
    "correct": false
  },
  {
    "id": null,
    "text": "Please let me know",
    "true_label": "activeParticipation/involvement",
    "true_codebook": "active_participation_/involvement",
    "pred_label": "activeParticipation/involvement",
    "pred_codebook": "active_participation_/involvement",
    "correct": true
  },
  {
    "id": null,
    "text": "you can pass by the FMLA in NP4 and drop",
    "true_label": "EconomicStability",
    "true_codebook": "Economic_stability",
    "pred_label": "checkingUnderstanding/clarification",
    "pred_codebook": "checking_understanding/clarification",
    "correct": false
  },
  {
    "id": null,
    "text": "Script will be sent over to the pharmacy tomorrow.",
    "true_label": "Drugs",
    "true_codebook": "Drugs",
    "pred_label": "Drugs",
    "pred_codebook": "Drugs",
    "correct": true
  },
  {
    "id": null,
    "text": "Many thanks!",
    "true_label": "signoff",
    "true_codebook": "signoff",
    "pred_label": "signoff",
    "pred_codebook": "signoff",
    "correct": true
  },
  {
    "id": null,
    "text": "home he didn feel good yesterday and today we had",
    "true_label": "Symptoms",
    "true_codebook": "Symptoms",
    "pred_label": "Diagnostics",
    "pred_codebook": "Diagnostics",
    "correct": false
  },
  {
    "id": null,
    "text": "Greetings,",
    "true_label": "salutation",
    "true_codebook": "salutation",
    "pred_label": "salutation",
    "pred_codebook": "salutation",
    "correct": true
  },
  {
    "id": null,
    "text": "Yes.",
    "true_label": "Alignment",
    "true_codebook": "Alignment",
    "pred_label": "Alignment",
    "pred_codebook": "Alignment",
    "correct": true
  },
  {
    "id": null,
    "text": "MM/DD/YYYY I'm supposed to start my next round of Ibrance??",
    "true_label": "Drugs",
    "true_codebook": "Drugs",
    "pred_label": "activeParticipation/involvement",
    "pred_codebook": "active_participation_/involvement",
    "correct": false
  },
  {
    "id": null,
    "text": "Thank you Person3",
    "true_label": "signoff",
    "true_codebook": "signoff",
    "pred_label": "signoff",
    "pred_codebook": "signoff",
    "correct": true
  },
  {
    "id": null,
    "text": "Try to have a good evening.",
    "true_label": "connection",
    "true_codebook": "Connection",
    "pred_label": "connection",
    "pred_codebook": "Connection",
    "correct": true
  },
  {
    "id": null,
    "text": "I will enter one now.",
    "true_label": "Diagnostics",
    "true_codebook": "Diagnostics",
    "pred_label": "Generalinformation",
    "pred_codebook": "General_information",
    "correct": false
  },
  {
    "id": null,
    "text": "New pics three hours later",
    "true_label": "Generalinformation",
    "true_codebook": "General_information",
    "pred_label": "Diagnostics",
    "pred_codebook": "Diagnostics",
    "correct": false
  },
  {
    "id": null,
    "text": "Do you have the psa level",
    "true_label": "Diagnostics",
    "true_codebook": "Diagnostics",
    "pred_label": "Diagnostics",
    "pred_codebook": "Diagnostics",
    "correct": true
  },
  {
    "id": null,
    "text": "him the following week.",
    "true_label": "carecoordination",
    "true_codebook": "Care_Coordination",
    "pred_label": "maintainCommunication",
    "pred_codebook": "Maintain_communication",
    "correct": false
  },
  {
    "id": null,
    "text": "Re Eliquis: MM/DD/YYYY two 5mg tabs morning and night",
    "true_label": "Drugs",
    "true_codebook": "Drugs",
    "pred_label": "Drugs",
    "pred_codebook": "Drugs",
    "correct": true
  },
  {
    "id": null,
    "text": "Thanks,",
    "true_label": "signoff",
    "true_codebook": "signoff",
    "pred_label": "signoff",
    "pred_codebook": "signoff",
    "correct": true
  },
  {
    "id": null,
    "text": "I can make any time available",
    "true_label": "statePreferences",
    "true_codebook": "state_preferences",
    "pred_label": "carecoordination",
    "pred_codebook": "Care_Coordination",
    "correct": false
  },
  {
    "id": null,
    "text": "same day delivery if needed",
    "true_label": "Generalinformation",
    "true_codebook": "General_information",
    "pred_label": "Drugs",
    "pred_codebook": "Drugs",
    "correct": false
  },
  {
    "id": null,
    "text": "I see on mychart that I still scheduled",
    "true_label": "SchedulingAppt",
    "true_codebook": "Scheduling_appt",
    "pred_label": "Generalinformation",
    "pred_codebook": "General_information",
    "correct": false
  },
  {
    "id": null,
    "text": "I still have the surgical drain in place,",
    "true_label": "Generalinformation",
    "true_codebook": "General_information",
    "pred_label": "carecoordination",
    "pred_codebook": "Care_Coordination",
    "correct": false
  },
  {
    "id": null,
    "text": "to come in next for a check up?",
    "true_label": "SchedulingAppt",
    "true_codebook": "Scheduling_appt",
    "pred_label": "activeParticipation/involvement",
    "pred_codebook": "active_participation_/involvement",
    "correct": false
  },
  {
    "id": null,
    "text": "I had blood work done yesterday as part of my visit.",
    "true_label": "Diagnostics",
    "true_codebook": "Diagnostics",
    "pred_label": "Diagnostics",
    "pred_codebook": "Diagnostics",
    "correct": true
  },
  {
    "id": null,
    "text": "I going to clean it with peroxide and see",
    "true_label": "Drugs",
    "true_codebook": "Drugs",
    "pred_label": "Instruction",
    "pred_codebook": "instruction",
    "correct": false
  },
  {
    "id": null,
    "text": "I have a very important appointment with my VA oral surgeon on the same date.",
    "true_label": "carecoordination",
    "true_codebook": "Care_Coordination",
    "pred_label": "SchedulingAppt",
    "pred_codebook": "Scheduling_appt",
    "correct": false
  },
  {
    "id": null,
    "text": "the zofran last time - it was just ordered on MM/DD/YYYY with eleven refills so you should just be",
    "true_label": "Drugs",
    "true_codebook": "Drugs",
    "pred_label": "Drugs",
    "pred_codebook": "Drugs",
    "correct": true
  },
  {
    "id": null,
    "text": "blood drawn on MM/DD/YYYY this week.",
    "true_label": "activeParticipation/involvement",
    "true_codebook": "active_participation_/involvement",
    "pred_label": "Symptoms",
    "pred_codebook": "Symptoms",
    "correct": false
  },
  {
    "id": null,
    "text": "still scheduled for 230",
    "true_label": "SchedulingAppt",
    "true_codebook": "Scheduling_appt",
    "pred_label": "Diagnostics",
    "pred_codebook": "Diagnostics",
    "correct": false
  },
  {
    "id": null,
    "text": "the ok to remove",
    "true_label": "carecoordination",
    "true_codebook": "Care_Coordination",
    "pred_label": "ApprovalofDecision/Reinforcement",
    "pred_codebook": "Approval/Reinforcement",
    "correct": false
  },
  {
    "id": null,
    "text": "My stomach is a mass of hematoma now as a result of the self injecting and this seems",
    "true_label": "Symptoms",
    "true_codebook": "Symptoms",
    "pred_label": "Symptoms",
    "pred_codebook": "Symptoms",
    "correct": true
  },
  {
    "id": null,
    "text": "Sounds like you are",
    "true_label": "PositiveRemarks",
    "true_codebook": "Positive_Remarks/Reward",
    "pred_label": "activeParticipation/involvement",
    "pred_codebook": "active_participation_/involvement",
    "correct": false
  },
  {
    "id": null,
    "text": "I really have to make this appointment with my Org2 dentist and the MM/DD/YYYY date",
    "true_label": "statePreferences",
    "true_codebook": "state_preferences",
    "pred_label": "activeParticipation/involvement",
    "pred_codebook": "active_participation_/involvement",
    "correct": false
  },
  {
    "id": null,
    "text": "in pain again.",
    "true_label": "Symptoms",
    "true_codebook": "Symptoms",
    "pred_label": "Generalinformation",
    "pred_codebook": "General_information",
    "correct": false
  },
  {
    "id": null,
    "text": "The coughing is subsiding also.",
    "true_label": "Symptoms",
    "true_codebook": "Symptoms",
    "pred_label": "Prognosis",
    "pred_codebook": "Prognosis",
    "correct": false
  },
  {
    "id": null,
    "text": "Perfect",
    "true_label": "connection",
    "true_codebook": "Connection",
    "pred_label": "Alignment",
    "pred_codebook": "Alignment",
    "correct": false
  },
  {
    "id": null,
    "text": "Thanks again,",
    "true_label": "signoff",
    "true_codebook": "signoff",
    "pred_label": "signoff",
    "pred_codebook": "signoff",
    "correct": true
  },
  {
    "id": null,
    "text": "I scheduled to see Dr. Person1 on MM/DD/YYYY,",
    "true_label": "HealthCareAccessAndQuality",
    "true_codebook": "Health_care_access_and_quality",
    "pred_label": "SchedulingAppt",
    "pred_codebook": "Scheduling_appt",
    "correct": false
  },
  {
    "id": null,
    "text": "And it in Org1.",
    "true_label": "HealthCareAccessAndQuality",
    "true_codebook": "Health_care_access_and_quality",
    "pred_label": "Drugs",
    "pred_codebook": "Drugs",
    "correct": false
  },
  {
    "id": null,
    "text": "In speaking with the vascular cardiologist there is also question mark as to whether there really was a partial blood clot in my vein as well.",
    "true_label": "carecoordination",
    "true_codebook": "Care_Coordination",
    "pred_label": "carecoordination",
    "pred_codebook": "Care_Coordination",
    "correct": true
  },
  {
    "id": null,
    "text": "on I Person3 and my other meds",
    "true_label": "Drugs",
    "true_codebook": "Drugs",
    "pred_label": "Drugs",
    "pred_codebook": "Drugs",
    "correct": true
  },
  {
    "id": null,
    "text": "through the VA A few weeks ago but I canceled out due to a conflict with another appointment.",
    "true_label": "SchedulingAppt",
    "true_codebook": "Scheduling_appt",
    "pred_label": "carecoordination",
    "pred_codebook": "Care_Coordination",
    "correct": false
  },
  {
    "id": null,
    "text": "I put a referral in for but didn't see",
    "true_label": "carecoordination",
    "true_codebook": "Care_Coordination",
    "pred_label": "carecoordination",
    "pred_codebook": "Care_Coordination",
    "correct": true
  },
  {
    "id": null,
    "text": "I'll let you know",
    "true_label": "maintainCommunication",
    "true_codebook": "Maintain_communication",
    "pred_label": "maintainCommunication",
    "pred_codebook": "Maintain_communication",
    "correct": true
  },
  {
    "id": null,
    "text": "I am consulting with Dr. Person1 to get",
    "true_label": "carecoordination",
    "true_codebook": "Care_Coordination",
    "pred_label": "carecoordination",
    "pred_codebook": "Care_Coordination",
    "correct": true
  },
  {
    "id": null,
    "text": "Thank you for the update.",
    "true_label": "Appreciation/Gratitude",
    "true_codebook": "Appreciation/gratitude",
    "pred_label": "Appreciation/Gratitude",
    "pred_codebook": "Appreciation/gratitude",
    "correct": true
  },
  {
    "id": null,
    "text": "Hi,",
    "true_label": "salutation",
    "true_codebook": "salutation",
    "pred_label": "salutation",
    "pred_codebook": "salutation",
    "correct": true
  },
  {
    "id": null,
    "text": "Ok",
    "true_label": "Alignment",
    "true_codebook": "Alignment",
    "pred_label": "Alignment",
    "pred_codebook": "Alignment",
    "correct": true
  },
  {
    "id": null,
    "text": "a recommended dosage?",
    "true_label": "Drugs",
    "true_codebook": "Drugs",
    "pred_label": "activeParticipation/involvement",
    "pred_codebook": "active_participation_/involvement",
    "correct": false
  },
  {
    "id": null,
    "text": "Thanks for the quick response.",
    "true_label": "Appreciation/Gratitude",
    "true_codebook": "Appreciation/gratitude",
    "pred_label": "Appreciation/Gratitude",
    "pred_codebook": "Appreciation/gratitude",
    "correct": true
  },
  {
    "id": null,
    "text": "Good morning,",
    "true_label": "salutation",
    "true_codebook": "salutation",
    "pred_label": "salutation",
    "pred_codebook": "salutation",
    "correct": true
  },
  {
    "id": null,
    "text": "Have you been doing the nail soaks?",
    "true_label": "Generalinformation",
    "true_codebook": "General_information",
    "pred_label": "Diagnostics",
    "pred_codebook": "Diagnostics",
    "correct": false
  },
  {
    "id": null,
    "text": "Please call #XXX-XXX-XXXX to schedule.",
    "true_label": "SchedulingAppt",
    "true_codebook": "Scheduling_appt",
    "pred_label": "Instruction",
    "pred_codebook": "instruction",
    "correct": false
  },
  {
    "id": null,
    "text": "Could you please let me know",
    "true_label": "Diagnostics",
    "true_codebook": "Diagnostics",
    "pred_label": "activeParticipation/involvement",
    "pred_codebook": "active_participation_/involvement",
    "correct": false
  },
  {
    "id": null,
    "text": "Next one is scheduled for MM/DD/YYYY.",
    "true_label": "SchedulingAppt",
    "true_codebook": "Scheduling_appt",
    "pred_label": "SchedulingAppt",
    "pred_codebook": "Scheduling_appt",
    "correct": true
  },
  {
    "id": null,
    "text": "He said you are",
    "true_label": "carecoordination",
    "true_codebook": "Care_Coordination",
    "pred_label": "Diagnostics",
    "pred_codebook": "Diagnostics",
    "correct": false
  },
  {
    "id": null,
    "text": "Confirmed with Dr. Person2 that he would like",
    "true_label": "carecoordination",
    "true_codebook": "Care_Coordination",
    "pred_label": "activeParticipation/involvement",
    "pred_codebook": "active_participation_/involvement",
    "correct": false
  },
  {
    "id": null,
    "text": "Thank you.",
    "true_label": "signoff",
    "true_codebook": "signoff",
    "pred_label": "signoff",
    "pred_codebook": "signoff",
    "correct": true
  },
  {
    "id": null,
    "text": "Hi,",
    "true_label": "salutation",
    "true_codebook": "salutation",
    "pred_label": "salutation",
    "pred_codebook": "salutation",
    "correct": true
  },
  {
    "id": null,
    "text": "I have a question about CBC WITH AUTO DIFFERENTIAL resulted",
    "true_label": "Diagnostics",
    "true_codebook": "Diagnostics",
    "pred_label": "activeParticipation/involvement",
    "pred_codebook": "active_participation_/involvement",
    "correct": false
  },
  {
    "id": null,
    "text": "had a nice Thanksgiving.",
    "true_label": "connection",
    "true_codebook": "Connection",
    "pred_label": "connection",
    "pred_codebook": "Connection",
    "correct": true
  },
  {
    "id": null,
    "text": "you to do a consent on the phone.",
    "true_label": "carecoordination",
    "true_codebook": "Care_Coordination",
    "pred_label": "carecoordination",
    "pred_codebook": "Care_Coordination",
    "correct": true
  },
  {
    "id": null,
    "text": "My brother Person1 will be bringing him today.",
    "true_label": "Generalinformation",
    "true_codebook": "General_information",
    "pred_label": "Generalinformation",
    "pred_codebook": "General_information",
    "correct": true
  },
  {
    "id": null,
    "text": "would you mind sending in a 90 day supply script to the CVS in Org2 please?",
    "true_label": "expressOpinions",
    "true_codebook": "express_opinions",
    "pred_label": "HealthCareAccessAndQuality",
    "pred_codebook": "Health_care_access_and_quality",
    "correct": false
  },
  {
    "id": null,
    "text": "a test to see how strong your bones are",
    "true_label": "checkingUnderstanding/clarification",
    "true_codebook": "checking_understanding/clarification",
    "pred_label": "Diagnostics",
    "pred_codebook": "Diagnostics",
    "correct": false
  },
  {
    "id": null,
    "text": "Sincerely,",
    "true_label": "signoff",
    "true_codebook": "signoff",
    "pred_label": "signoff",
    "pred_codebook": "signoff",
    "correct": true
  },
  {
    "id": null,
    "text": "Dr Person2 can review that as well.",
    "true_label": "carecoordination",
    "true_codebook": "Care_Coordination",
    "pred_label": "Diagnostics",
    "pred_codebook": "Diagnostics",
    "correct": false
  },
  {
    "id": null,
    "text": "Hi.",
    "true_label": "salutation",
    "true_codebook": "salutation",
    "pred_label": "salutation",
    "pred_codebook": "salutation",
    "correct": true
  },
  {
    "id": null,
    "text": "I can see if we can get",
    "true_label": "SchedulingAppt",
    "true_codebook": "Scheduling_appt",
    "pred_label": "activeParticipation/involvement",
    "pred_codebook": "active_participation_/involvement",
    "correct": false
  },
  {
    "id": null,
    "text": "a blood draw and they are telling me only a psa is",
    "true_label": "HealthCareAccessAndQuality",
    "true_codebook": "Health_care_access_and_quality",
    "pred_label": "Diagnostics",
    "pred_codebook": "Diagnostics",
    "correct": false
  },
  {
    "id": null,
    "text": "I have been at work daily and just checked",
    "true_label": "Generalinformation",
    "true_codebook": "General_information",
    "pred_label": "Generalinformation",
    "pred_codebook": "General_information",
    "correct": true
  },
  {
    "id": null,
    "text": "I was glad to see that too.",
    "true_label": "Alignment",
    "true_codebook": "Alignment",
    "pred_label": "connection",
    "pred_codebook": "Connection",
    "correct": false
  },
  {
    "id": null,
    "text": "Here is your PSA result: 0.167 Person2",
    "true_label": "Diagnostics",
    "true_codebook": "Diagnostics",
    "pred_label": "Diagnostics",
    "pred_codebook": "Diagnostics",
    "correct": true
  },
  {
    "id": null,
    "text": "Person5 sent in pre-auth info to Cigna approx.",
    "true_label": "HealthCareAccessAndQuality",
    "true_codebook": "Health_care_access_and_quality",
    "pred_label": "Drugs",
    "pred_codebook": "Drugs",
    "correct": false
  },
  {
    "id": null,
    "text": "Was i due last month or this month",
    "true_label": "Drugs",
    "true_codebook": "Drugs",
    "pred_label": "activeParticipation/involvement",
    "pred_codebook": "active_participation_/involvement",
    "correct": false
  },
  {
    "id": null,
    "text": "I forgot to ask a you question concerning when I should get",
    "true_label": "activeParticipation/involvement",
    "true_codebook": "active_participation_/involvement",
    "pred_label": "activeParticipation/involvement",
    "pred_codebook": "active_participation_/involvement",
    "correct": true
  },
  {
    "id": null,
    "text": "current Rx will run out Sun.",
    "true_label": "Drugs",
    "true_codebook": "Drugs",
    "pred_label": "Diagnostics",
    "pred_codebook": "Diagnostics",
    "correct": false
  },
  {
    "id": null,
    "text": "please take 5 at 9:30 pm MM/DD/YYYY then again take 5 at 3:30 in the morning.",
    "true_label": "Instruction",
    "true_codebook": "instruction",
    "pred_label": "SchedulingAppt",
    "pred_codebook": "Scheduling_appt",
    "correct": false
  },
  {
    "id": null,
    "text": "I was just looking at my calendar and realized",
    "true_label": "SchedulingAppt",
    "true_codebook": "Scheduling_appt",
    "pred_label": "activeParticipation/involvement",
    "pred_codebook": "active_participation_/involvement",
    "correct": false
  },
  {
    "id": null,
    "text": "Thank you for the quick response.",
    "true_label": "Appreciation/Gratitude",
    "true_codebook": "Appreciation/gratitude",
    "pred_label": "Appreciation/Gratitude",
    "pred_codebook": "Appreciation/gratitude",
    "correct": true
  },
  {
    "id": null,
    "text": "My dad weighed 207 (without shoes and clothes",
    "true_label": "Generalinformation",
    "true_codebook": "General_information",
    "pred_label": "Symptoms",
    "pred_codebook": "Symptoms",
    "correct": false
  },
  {
    "id": null,
    "text": "the preference is yours.",
    "true_label": "MakeDecision",
    "true_codebook": "Making_decision_together",
    "pred_label": "connection",
    "pred_codebook": "Connection",
    "correct": false
  },
  {
    "id": null,
    "text": "I was just wondering",
    "true_label": "connection",
    "true_codebook": "Connection",
    "pred_label": "Generalinformation",
    "pred_codebook": "General_information",
    "correct": false
  },
  {
    "id": null,
    "text": "get me through thank you for all your help today I think",
    "true_label": "Appreciation/Gratitude",
    "true_codebook": "Appreciation/gratitude",
    "pred_label": "Appreciation/Gratitude",
    "pred_codebook": "Appreciation/gratitude",
    "correct": true
  },
  {
    "id": null,
    "text": "Got it.",
    "true_label": "Alignment",
    "true_codebook": "Alignment",
    "pred_label": "Alignment",
    "pred_codebook": "Alignment",
    "correct": true
  },
  {
    "id": null,
    "text": "It was just under 20 ml in the past 24 hour and 18 ml",
    "true_label": "Symptoms",
    "true_codebook": "Symptoms",
    "pred_label": "Diagnostics",
    "pred_codebook": "Diagnostics",
    "correct": false
  },
  {
    "id": null,
    "text": "Thanks,",
    "true_label": "signoff",
    "true_codebook": "signoff",
    "pred_label": "signoff",
    "pred_codebook": "signoff",
    "correct": true
  },
  {
    "id": null,
    "text": "Thank you,",
    "true_label": "signoff",
    "true_codebook": "signoff",
    "pred_label": "signoff",
    "pred_codebook": "signoff",
    "correct": true
  },
  {
    "id": null,
    "text": "Yes you would need labs before you start",
    "true_label": "MakeDecision",
    "true_codebook": "Making_decision_together",
    "pred_label": "Diagnostics",
    "pred_codebook": "Diagnostics",
    "correct": false
  },
  {
    "id": null,
    "text": "out to you Their phone number is",
    "true_label": "Generalinformation",
    "true_codebook": "General_information",
    "pred_label": "Generalinformation",
    "pred_codebook": "General_information",
    "correct": true
  },
  {
    "id": null,
    "text": "to rush him to Org7 where he was found",
    "true_label": "Symptoms",
    "true_codebook": "Symptoms",
    "pred_label": "Generalinformation",
    "pred_codebook": "General_information",
    "correct": false
  },
  {
    "id": null,
    "text": "Hi Paperwork was completed last week,",
    "true_label": "carecoordination",
    "true_codebook": "Care_Coordination",
    "pred_label": "Diagnostics",
    "pred_codebook": "Diagnostics",
    "correct": false
  },
  {
    "id": null,
    "text": "Would love to schedule it on that day if possible",
    "true_label": "statePreferences",
    "true_codebook": "state_preferences",
    "pred_label": "statePreferences",
    "pred_codebook": "state_preferences",
    "correct": true
  },
  {
    "id": null,
    "text": "Your Hemoglobin and platelets",
    "true_label": "Diagnostics",
    "true_codebook": "Diagnostics",
    "pred_label": "Diagnostics",
    "pred_codebook": "Diagnostics",
    "correct": true
  },
  {
    "id": null,
    "text": "I have given more detailed context on this point to Person7.",
    "true_label": "activeParticipation/involvement",
    "true_codebook": "active_participation_/involvement",
    "pred_label": "Generalinformation",
    "pred_codebook": "General_information",
    "correct": false
  },
  {
    "id": null,
    "text": "I am still waiting for the culture.",
    "true_label": "Diagnostics",
    "true_codebook": "Diagnostics",
    "pred_label": "activeParticipation/involvement",
    "pred_codebook": "active_participation_/involvement",
    "correct": false
  },
  {
    "id": null,
    "text": "I did not realize he got",
    "true_label": "Generalinformation",
    "true_codebook": "General_information",
    "pred_label": "Generalinformation",
    "pred_codebook": "General_information",
    "correct": true
  },
  {
    "id": null,
    "text": "Sorry for taking so long on this.",
    "true_label": "connection",
    "true_codebook": "Connection",
    "pred_label": "AcknowledgeError",
    "pred_codebook": "Acknowledge_Error",
    "correct": false
  },
  {
    "id": null,
    "text": "just let us know",
    "true_label": "maintainCommunication",
    "true_codebook": "Maintain_communication",
    "pred_label": "activeParticipation/involvement",
    "pred_codebook": "active_participation_/involvement",
    "correct": false
  },
  {
    "id": null,
    "text": "The pharmacy is pretty quick to get meds out to patients and can do",
    "true_label": "Drugs",
    "true_codebook": "Drugs",
    "pred_label": "Instruction",
    "pred_codebook": "instruction",
    "correct": false
  },
  {
    "id": null,
    "text": "Thanks so much.",
    "true_label": "signoff",
    "true_codebook": "signoff",
    "pred_label": "signoff",
    "pred_codebook": "signoff",
    "correct": true
  },
  {
    "id": null,
    "text": "Thanks for letting us know",
    "true_label": "Appreciation/Gratitude",
    "true_codebook": "Appreciation/gratitude",
    "pred_label": "Appreciation/Gratitude",
    "pred_codebook": "Appreciation/gratitude",
    "correct": true
  },
  {
    "id": null,
    "text": "Also I encourag e yourself and/or Person3",
    "true_label": "inviteCollaboration",
    "true_codebook": "invite_collaboration",
    "pred_label": "connection",
    "pred_codebook": "Connection",
    "correct": false
  },
  {
    "id": null,
    "text": "Both now seem to be scheduled prematurely.",
    "true_label": "activeParticipation/involvement",
    "true_codebook": "active_participation_/involvement",
    "pred_label": "expressOpinions",
    "pred_codebook": "express_opinions",
    "correct": false
  },
  {
    "id": null,
    "text": "appreciate",
    "true_label": "Appreciation/Gratitude",
    "true_codebook": "Appreciation/gratitude",
    "pred_label": "signoff",
    "pred_codebook": "signoff",
    "correct": false
  },
  {
    "id": null,
    "text": "Hi we are so sorry to hear Person1 isnt feeling",
    "true_label": "Sadness/fear",
    "true_codebook": "Sadness/fear",
    "pred_label": "connection",
    "pred_codebook": "Connection",
    "correct": false
  },
  {
    "id": null,
    "text": "Hi,",
    "true_label": "salutation",
    "true_codebook": "salutation",
    "pred_label": "salutation",
    "pred_codebook": "salutation",
    "correct": true
  },
  {
    "id": null,
    "text": "Kind Regards",
    "true_label": "signoff",
    "true_codebook": "signoff",
    "pred_label": "signoff",
    "pred_codebook": "signoff",
    "correct": true
  },
  {
    "id": null,
    "text": "Sincerely,",
    "true_label": "signoff",
    "true_codebook": "signoff",
    "pred_label": "signoff",
    "pred_codebook": "signoff",
    "correct": true
  },
  {
    "id": null,
    "text": "Thank you,",
    "true_label": "signoff",
    "true_codebook": "signoff",
    "pred_label": "signoff",
    "pred_codebook": "signoff",
    "correct": true
  },
  {
    "id": null,
    "text": "Ok thank you so much",
    "true_label": "signoff",
    "true_codebook": "signoff",
    "pred_label": "signoff",
    "pred_codebook": "signoff",
    "correct": true
  },
  {
    "id": null,
    "text": "The appeal process and phone number",
    "true_label": "Generalinformation",
    "true_codebook": "General_information",
    "pred_label": "maintainCommunication",
    "pred_codebook": "Maintain_communication",
    "correct": false
  },
  {
    "id": null,
    "text": "Just signed it off!",
    "true_label": "Generalinformation",
    "true_codebook": "General_information",
    "pred_label": "Drugs",
    "pred_codebook": "Drugs",
    "correct": false
  },
  {
    "id": null,
    "text": "Please let me know",
    "true_label": "activeParticipation/involvement",
    "true_codebook": "active_participation_/involvement",
    "pred_label": "activeParticipation/involvement",
    "pred_codebook": "active_participation_/involvement",
    "correct": true
  },
  {
    "id": null,
    "text": "their records since it is",
    "true_label": "Generalinformation",
    "true_codebook": "General_information",
    "pred_label": "Diagnostics",
    "pred_codebook": "Diagnostics",
    "correct": false
  },
  {
    "id": null,
    "text": "Does Dr. Person3 want Person1 to continue",
    "true_label": "Drugs",
    "true_codebook": "Drugs",
    "pred_label": "SchedulingAppt",
    "pred_codebook": "Scheduling_appt",
    "correct": false
  },
  {
    "id": null,
    "text": "Good news!",
    "true_label": "PositiveRemarks",
    "true_codebook": "Positive_Remarks/Reward",
    "pred_label": "connection",
    "pred_codebook": "Connection",
    "correct": false
  },
  {
    "id": null,
    "text": "Thanks,",
    "true_label": "signoff",
    "true_codebook": "signoff",
    "pred_label": "signoff",
    "pred_codebook": "signoff",
    "correct": true
  },
  {
    "id": null,
    "text": "Swelling in his legs started again yesterday.",
    "true_label": "Symptoms",
    "true_codebook": "Symptoms",
    "pred_label": "Symptoms",
    "pred_codebook": "Symptoms",
    "correct": true
  },
  {
    "id": null,
    "text": "Should we increase potency of his treatments?",
    "true_label": "ExploreOptions",
    "true_codebook": "Explore_options",
    "pred_label": "activeParticipation/involvement",
    "pred_codebook": "active_participation_/involvement",
    "correct": false
  },
  {
    "id": null,
    "text": "a culture from that time.",
    "true_label": "Diagnostics",
    "true_codebook": "Diagnostics",
    "pred_label": "Diagnostics",
    "pred_codebook": "Diagnostics",
    "correct": true
  },
  {
    "id": null,
    "text": "ok can I have those shots at LOCATION?",
    "true_label": "HealthCareAccessAndQuality",
    "true_codebook": "Health_care_access_and_quality",
    "pred_label": "SchedulingAppt",
    "pred_codebook": "Scheduling_appt",
    "correct": false
  },
  {
    "id": null,
    "text": "a possible risk of the neck surgery and have been hoping",
    "true_label": "expressOpinions",
    "true_codebook": "express_opinions",
    "pred_label": "Symptoms",
    "pred_codebook": "Symptoms",
    "correct": false
  },
  {
    "id": null,
    "text": "Perfect!",
    "true_label": "Alignment",
    "true_codebook": "Alignment",
    "pred_label": "Alignment",
    "pred_codebook": "Alignment",
    "correct": true
  },
  {
    "id": null,
    "text": "Thank you!",
    "true_label": "Appreciation/Gratitude",
    "true_codebook": "Appreciation/gratitude",
    "pred_label": "Appreciation/Gratitude",
    "pred_codebook": "Appreciation/gratitude",
    "correct": true
  },
  {
    "id": null,
    "text": "who she recommends",
    "true_label": "maintainCommunication",
    "true_codebook": "Maintain_communication",
    "pred_label": "maintainCommunication",
    "pred_codebook": "Maintain_communication",
    "correct": true
  },
  {
    "id": null,
    "text": "Best,",
    "true_label": "signoff",
    "true_codebook": "signoff",
    "pred_label": "signoff",
    "pred_codebook": "signoff",
    "correct": true
  },
  {
    "id": null,
    "text": "I sorry I get",
    "true_label": "AcknowledgeError",
    "true_codebook": "Acknowledge_Error",
    "pred_label": "AcknowledgeError",
    "pred_codebook": "Acknowledge_Error",
    "correct": true
  },
  {
    "id": null,
    "text": "thank you",
    "true_label": "signoff",
    "true_codebook": "signoff",
    "pred_label": "signoff",
    "pred_codebook": "signoff",
    "correct": true
  },
  {
    "id": null,
    "text": "The other name for it is Lorazepam.",
    "true_label": "Drugs",
    "true_codebook": "Drugs",
    "pred_label": "Drugs",
    "pred_codebook": "Drugs",
    "correct": true
  },
  {
    "id": null,
    "text": "He has COVID will get admitted",
    "true_label": "HealthCareAccessAndQuality",
    "true_codebook": "Health_care_access_and_quality",
    "pred_label": "Drugs",
    "pred_codebook": "Drugs",
    "correct": false
  },
  {
    "id": null,
    "text": "No problem.",
    "true_label": "Alignment",
    "true_codebook": "Alignment",
    "pred_label": "Alignment",
    "pred_codebook": "Alignment",
    "correct": true
  },
  {
    "id": null,
    "text": "out of pocket for prescription of ketorolac",
    "true_label": "EconomicStability",
    "true_codebook": "Economic_stability",
    "pred_label": "Drugs",
    "pred_codebook": "Drugs",
    "correct": false
  },
  {
    "id": null,
    "text": "I am talking about a brain MRI",
    "true_label": "Diagnostics",
    "true_codebook": "Diagnostics",
    "pred_label": "Diagnostics",
    "pred_codebook": "Diagnostics",
    "correct": true
  },
  {
    "id": null,
    "text": "I still have not heard from anyone",
    "true_label": "Generalinformation",
    "true_codebook": "General_information",
    "pred_label": "Generalinformation",
    "pred_codebook": "General_information",
    "correct": true
  },
  {
    "id": null,
    "text": "okay to start next cycle.",
    "true_label": "ShareOptions",
    "true_codebook": "Share_options",
    "pred_label": "expressOpinions",
    "pred_codebook": "express_opinions",
    "correct": false
  },
  {
    "id": null,
    "text": "Thanks for reaching out.",
    "true_label": "Appreciation/Gratitude",
    "true_codebook": "Appreciation/gratitude",
    "pred_label": "Appreciation/Gratitude",
    "pred_codebook": "Appreciation/gratitude",
    "correct": true
  },
  {
    "id": null,
    "text": "Person1 i took a home test today and was",
    "true_label": "Diagnostics",
    "true_codebook": "Diagnostics",
    "pred_label": "Generalinformation",
    "pred_codebook": "General_information",
    "correct": false
  },
  {
    "id": null,
    "text": "I'll check in with Dr. Person2 about getting it removed",
    "true_label": "carecoordination",
    "true_codebook": "Care_Coordination",
    "pred_label": "activeParticipation/involvement",
    "pred_codebook": "active_participation_/involvement",
    "correct": false
  },
  {
    "id": null,
    "text": "I starting radiation therapy tomorrow.",
    "true_label": "Drugs",
    "true_codebook": "Drugs",
    "pred_label": "Generalinformation",
    "pred_codebook": "General_information",
    "correct": false
  },
  {
    "id": null,
    "text": "30 tablets on MM/DD/YYYY how many a day is he taking",
    "true_label": "Drugs",
    "true_codebook": "Drugs",
    "pred_label": "Drugs",
    "pred_codebook": "Drugs",
    "correct": true
  },
  {
    "id": null,
    "text": "I had PSA test done",
    "true_label": "Diagnostics",
    "true_codebook": "Diagnostics",
    "pred_label": "Diagnostics",
    "pred_codebook": "Diagnostics",
    "correct": true
  },
  {
    "id": null,
    "text": "to confirm with Dr. Person1 that I will just be keeping",
    "true_label": "activeParticipation/involvement",
    "true_codebook": "active_participation_/involvement",
    "pred_label": "activeParticipation/involvement",
    "pred_codebook": "active_participation_/involvement",
    "correct": true
  },
  {
    "id": null,
    "text": "For my upcoming visit I don see any blood test required",
    "true_label": "activeParticipation/involvement",
    "true_codebook": "active_participation_/involvement",
    "pred_label": "activeParticipation/involvement",
    "pred_codebook": "active_participation_/involvement",
    "correct": true
  },
  {
    "id": null,
    "text": "Thank you so much!",
    "true_label": "Appreciation/Gratitude",
    "true_codebook": "Appreciation/gratitude",
    "pred_label": "Appreciation/Gratitude",
    "pred_codebook": "Appreciation/gratitude",
    "correct": true
  },
  {
    "id": null,
    "text": "Thank you,",
    "true_label": "signoff",
    "true_codebook": "signoff",
    "pred_label": "signoff",
    "pred_codebook": "signoff",
    "correct": true
  },
  {
    "id": null,
    "text": "my pain has increased in the past couple of days.",
    "true_label": "Symptoms",
    "true_codebook": "Symptoms",
    "pred_label": "Symptoms",
    "pred_codebook": "Symptoms",
    "correct": true
  },
  {
    "id": null,
    "text": "I am vacsinated and boostered",
    "true_label": "Drugs",
    "true_codebook": "Drugs",
    "pred_label": "Drugs",
    "pred_codebook": "Drugs",
    "correct": true
  },
  {
    "id": null,
    "text": "instead of J/J for the booster.",
    "true_label": "ShareOptions",
    "true_codebook": "Share_options",
    "pred_label": "connection",
    "pred_codebook": "Connection",
    "correct": false
  },
  {
    "id": null,
    "text": "When are you due to start it?",
    "true_label": "Drugs",
    "true_codebook": "Drugs",
    "pred_label": "SchedulingAppt",
    "pred_codebook": "Scheduling_appt",
    "correct": false
  },
  {
    "id": null,
    "text": "the whooping cough (tdap) vaccine here,",
    "true_label": "HealthCareAccessAndQuality",
    "true_codebook": "Health_care_access_and_quality",
    "pred_label": "Drugs",
    "pred_codebook": "Drugs",
    "correct": false
  },
  {
    "id": null,
    "text": "Please let me know",
    "true_label": "Diagnostics",
    "true_codebook": "Diagnostics",
    "pred_label": "activeParticipation/involvement",
    "pred_codebook": "active_participation_/involvement",
    "correct": false
  },
  {
    "id": null,
    "text": "diarrhea and was throwing",
    "true_label": "Symptoms",
    "true_codebook": "Symptoms",
    "pred_label": "Symptoms",
    "pred_codebook": "Symptoms",
    "correct": true
  },
  {
    "id": null,
    "text": "I had noticed something going on with my breathing/lungs so this is",
    "true_label": "Symptoms",
    "true_codebook": "Symptoms",
    "pred_label": "Symptoms",
    "pred_codebook": "Symptoms",
    "correct": true
  },
  {
    "id": null,
    "text": "Someone should call you to schedule.",
    "true_label": "SchedulingAppt",
    "true_codebook": "Scheduling_appt",
    "pred_label": "maintainCommunication",
    "pred_codebook": "Maintain_communication",
    "correct": false
  },
  {
    "id": null,
    "text": "Best,",
    "true_label": "signoff",
    "true_codebook": "signoff",
    "pred_label": "signoff",
    "pred_codebook": "signoff",
    "correct": true
  },
  {
    "id": null,
    "text": "Hi,",
    "true_label": "salutation",
    "true_codebook": "salutation",
    "pred_label": "salutation",
    "pred_codebook": "salutation",
    "correct": true
  },
  {
    "id": null,
    "text": "Did he pick up the dexamethasone and Compazine",
    "true_label": "Drugs",
    "true_codebook": "Drugs",
    "pred_label": "Drugs",
    "pred_codebook": "Drugs",
    "correct": true
  },
  {
    "id": null,
    "text": "Hi,",
    "true_label": "salutation",
    "true_codebook": "salutation",
    "pred_label": "salutation",
    "pred_codebook": "salutation",
    "correct": true
  },
  {
    "id": null,
    "text": "Do you want me to put",
    "true_label": "Diagnostics",
    "true_codebook": "Diagnostics",
    "pred_label": "SchedulingAppt",
    "pred_codebook": "Scheduling_appt",
    "correct": false
  },
  {
    "id": null,
    "text": "Thank you for doing this.",
    "true_label": "Appreciation/Gratitude",
    "true_codebook": "Appreciation/gratitude",
    "pred_label": "Appreciation/Gratitude",
    "pred_codebook": "Appreciation/gratitude",
    "correct": true
  },
  {
    "id": null,
    "text": "It can be a common side effect of the Taxol.",
    "true_label": "Drugs",
    "true_codebook": "Drugs",
    "pred_label": "Drugs",
    "pred_codebook": "Drugs",
    "correct": true
  },
  {
    "id": null,
    "text": "Thanks so much!",
    "true_label": "signoff",
    "true_codebook": "signoff",
    "pred_label": "signoff",
    "pred_codebook": "signoff",
    "correct": true
  },
  {
    "id": null,
    "text": "Thank you",
    "true_label": "signoff",
    "true_codebook": "signoff",
    "pred_label": "signoff",
    "pred_codebook": "signoff",
    "correct": true
  },
  {
    "id": null,
    "text": "Thanks,",
    "true_label": "signoff",
    "true_codebook": "signoff",
    "pred_label": "signoff",
    "pred_codebook": "signoff",
    "correct": true
  },
  {
    "id": null,
    "text": "at the Org4 dental clinic.",
    "true_label": "HealthCareAccessAndQuality",
    "true_codebook": "Health_care_access_and_quality",
    "pred_label": "HealthCareAccessAndQuality",
    "pred_codebook": "Health_care_access_and_quality",
    "correct": true
  },
  {
    "id": null,
    "text": "Good morning Dr. Person1,",
    "true_label": "salutation",
    "true_codebook": "salutation",
    "pred_label": "salutation",
    "pred_codebook": "salutation",
    "correct": true
  },
  {
    "id": null,
    "text": "I just heard on the news about the spike in COVID cases in LOCATION.",
    "true_label": "Generalinformation",
    "true_codebook": "General_information",
    "pred_label": "Diagnostics",
    "pred_codebook": "Diagnostics",
    "correct": false
  }
]