{
  "6_0": {
    "text": "Dr. Person1 has sent an order for a new PET scan (attached).",
    "span": "sent an order for a new PET scan",
    "labels": [
      {
        "label": "Health Access",
        "matched_codebook_label": "Health_Access",
        "level": "subsubcode",
        "code_id": "3_3_4"
      }
    ]
  },
  "22_1": {
    "text": "You can have this drawn at any any of the L&M draw stations MM/DD/YYYY before your visit with Dr Person1.",
    "span": "You can have this drawn at any any of the L&M draw stations MM/DD/YYYY before your visit with Dr Person1",
    "labels": [
      {
        "label": "Health Access",
        "matched_codebook_label": "Health_Access",
        "level": "subsubcode",
        "code_id": "3_3_4"
      }
    ]
  },
  "30_3": {
    "text": "If it is ok can I have those shots at LOCATION?",
    "span": "If it is ok can I have those shots at LOCATION",
    "labels": [
      {
        "label": "Insurance",
        "matched_codebook_label": "Insurance",
        "level": "subsubcode",
        "code_id": "3_3_6"
      }
    ]
  },
  "34_1": {
    "text": "I am due to have a cat scan and a bone scan at L&M MM/DD/YYYY and am a little nervous now.",
    "span": "I am due to have a cat scan and a bone scan at",
    "labels": [
      {
        "label": "Health Access",
        "matched_codebook_label": "Health_Access",
        "level": "subsubcode",
        "code_id": "3_3_4"
      }
    ]
  },
  "45_0": {
    "text": "Did you just cancel the ct scan I scheduled for MM/DD/YYYY in Org1?",
    "span": "Did you just cancel the ct scan I scheduled for MM/DD/YYYY in Org1?",
    "labels": [
      {
        "label": "Health Access",
        "matched_codebook_label": "Health_Access",
        "level": "subsubcode",
        "code_id": "3_3_4"
      }
    ]
  },
  "54_1": {
    "text": "I just received word from Org1 that, according to CDC guidelines, I don qualify for a booster shot at this time in spite of the fact that i In the XX+ age category.",
    "span": "I just received word from Org1 that, according to CDC guidelines, I don qualify for a booster shot at this time in spite of the fact that i In the XX+ age category",
    "labels": [
      {
        "label": "Health Access",
        "matched_codebook_label": "Health_Access",
        "level": "subsubcode",
        "code_id": "3_3_4"
      }
    ]
  },
  "59_2": {
    "text": "I will place an order for them now if you would please give our office a call to get them scheduled.",
    "span": "I will place an order for them now if you would please give our office a call to get them scheduled",
    "labels": [
      {
        "label": "Health Access",
        "matched_codebook_label": "Health_Access",
        "level": "subsubcode",
        "code_id": "3_3_4"
      }
    ]
  },
  "75_0": {
    "text": "Hi Mr Person1, Yes I just need to know when you stopped working, and you are saying you cannot work at all or just not full time.",
    "span": "you are saying you cannot work at all or just not full time",
    "labels": [
      {
        "label": "Employment Status",
        "matched_codebook_label": "Employment_Status",
        "level": "subsubcode",
        "code_id": "3_1_2"
      }
    ]
  },
  "95_0": {
    "text": "He indicated he would prefer it be done at Org2 as it would coincide with yearly visit schedule, but it depends on pandemic obviously.",
    "span": "He indicated he would prefer it be done at Org2 as it would coincide with yearly visit schedule",
    "labels": [
      {
        "label": "Health Access",
        "matched_codebook_label": "Health_Access",
        "level": "subsubcode",
        "code_id": "3_3_4"
      }
    ]
  },
  "111_0": {
    "text": "Good Morning   Last night I went to the Org2 ED.",
    "span": "Last night I went to the Org2 ED",
    "labels": [
      {
        "label": "Health Access",
        "matched_codebook_label": "Health_Access",
        "level": "subsubcode",
        "code_id": "3_3_4"
      }
    ]
  },
  "118_3": {
    "text": "Anything in your diet that might be exacerbating it?",
    "span": "Anything in your diet that might be exacerbating it?",
    "labels": [
      {
        "label": "Diet",
        "matched_codebook_label": "Diet",
        "level": "subsubcode",
        "code_id": "3_3_2"
      }
    ]
  },
  "124_0": {
    "text": "Good afternoon ,      Unfortunately I worked last night and came home this morning and fell asleep causing me to miss my appt today.",
    "span": "Unfortunately I worked last night and came home this morning and fell asleep causing me to miss my appt today",
    "labels": [
      {
        "label": "Work-related Challenges",
        "matched_codebook_label": "Work-related_Challenges",
        "level": "subsubcode",
        "code_id": "3_1_18"
      }
    ]
  },
  "129_4": {
    "text": "I have also faxed my Org1 paperwork, have your office received it?",
    "span": "I have also faxed my Org1 paperwork, have your office received it?",
    "labels": [
      {
        "label": "Financial Insecurity",
        "matched_codebook_label": "Financial_Insecurity",
        "level": "subsubcode",
        "code_id": "3_1_4"
      }
    ]
  },
  "131_1": {
    "text": "I sent my FMLApaperwork to be completed , Sony know if Person1 has received it?",
    "span": "I sent my FMLApaperwork to be completed",
    "labels": [
      {
        "label": "Financial Insecurity",
        "matched_codebook_label": "Financial_Insecurity",
        "level": "subsubcode",
        "code_id": "3_1_4"
      }
    ]
  },
  "136_2": {
    "text": "I put you off work from MM/DD/YYYY to MM/DD/YYYY.",
    "span": "I put you off work from MM/DD/YYYY to MM/DD/YYYY",
    "labels": [
      {
        "label": "Financial Insecurity",
        "matched_codebook_label": "Financial_Insecurity",
        "level": "subsubcode",
        "code_id": "3_1_4"
      }
    ]
  },
  "140_1": {
    "text": "He has significantly decreased his clinic time with his promotion.",
    "span": "He has significantly decreased his clinic time with his promotion",
    "labels": [
      {
        "label": "Health Access",
        "matched_codebook_label": "Health_Access",
        "level": "subsubcode",
        "code_id": "3_3_4"
      }
    ]
  },
  "141_0": {
    "text": "Is he still going to be seeing patients in clinic?",
    "span": "Is he still going to be seeing patients in clinic?",
    "labels": [
      {
        "label": "Health Access",
        "matched_codebook_label": "Health_Access",
        "level": "subsubcode",
        "code_id": "3_3_4"
      }
    ]
  },
  "146_0": {
    "text": "Hi,  I wanted to reach out to Dr. Person1 regarding having trouble falling asleep the last 4 nights.",
    "span": "having trouble falling asleep the last 4 nights",
    "labels": [
      {
        "label": "Sleep",
        "matched_codebook_label": "Sleep",
        "level": "subsubcode",
        "code_id": "3_3_12"
      }
    ]
  },
  "149_0": {
    "text": "Yes but in a diminished capacity.",
    "span": "Yes but in a diminished capacity",
    "labels": [
      {
        "label": "Health Access",
        "matched_codebook_label": "Health_Access",
        "level": "subsubcode",
        "code_id": "3_3_4"
      }
    ]
  },
  "162_1": {
    "text": "I put a referral in for but didn't see the  option of the location so it might not work.",
    "span": "didn't see the  option of the location so it might not work",
    "labels": [
      {
        "label": "Health Access",
        "matched_codebook_label": "Health_Access",
        "level": "subsubcode",
        "code_id": "3_3_4"
      }
    ]
  },
  "180_0": {
    "text": "Hello Person1,    Would you mind making a referral please to a suitable doctor at Org3 that can undertake the above procedure for me.",
    "span": "Would you mind making a referral please to a suitable doctor at Org3 that can undertake the above procedure for me",
    "labels": [
      {
        "label": "Health Access",
        "matched_codebook_label": "Health_Access",
        "level": "subsubcode",
        "code_id": "3_3_4"
      }
    ]
  },
  "193_0": {
    "text": "Hi Person1, The referral was placed to Org3 Digestive disease.",
    "span": "The referral was placed to Org3 Digestive disease",
    "labels": [
      {
        "label": "Health Access",
        "matched_codebook_label": "Health_Access",
        "level": "subsubcode",
        "code_id": "3_3_4"
      }
    ]
  },
  "202_2": {
    "text": "Are you able to help with this only I haven had a response to either my e-mail or a phone message I left?",
    "span": "I haven had a response to either my e-mail or a phone message I left?",
    "labels": [
      {
        "label": "Health Access",
        "matched_codebook_label": "Health_Access",
        "level": "subsubcode",
        "code_id": "3_3_4"
      }
    ]
  },
  "209_1": {
    "text": "CVS at Org1, Org1?",
    "span": "CVS at Org1",
    "labels": [
      {
        "label": "Health Access",
        "matched_codebook_label": "Health_Access",
        "level": "subsubcode",
        "code_id": "3_3_4"
      }
    ]
  },
  "262_0": {
    "text": "Good morning,     I need FMLA paperwork completed for work.",
    "span": "I need FMLA paperwork completed for work",
    "labels": [
      {
        "label": "Financial Insecurity",
        "matched_codebook_label": "Financial_Insecurity",
        "level": "subsubcode",
        "code_id": "3_1_4"
      }
    ]
  },
  "262_1": {
    "text": "How can I get that paperwork over to you or Person1 to be completed?",
    "span": "How can I get that paperwork over to you or Person1 to be completed?",
    "labels": [
      {
        "label": "Financial Insecurity",
        "matched_codebook_label": "Financial_Insecurity",
        "level": "subsubcode",
        "code_id": "3_1_4"
      }
    ]
  },
  "263_1": {
    "text": "Will you be doing intermittent FMLA or continuous?",
    "span": "Will you be doing intermittent FMLA or continuous?",
    "labels": [
      {
        "label": "Financial Insecurity",
        "matched_codebook_label": "Financial_Insecurity",
        "level": "subsubcode",
        "code_id": "3_1_4"
      }
    ]
  },
  "263_2": {
    "text": "Also if the F MLA is for the radiation portion, they would be the ones filling out the paperwork.",
    "span": "Also if the F MLA is for the radiation portion, they would be the ones filling out the paperwork",
    "labels": [
      {
        "label": "Financial Insecurity",
        "matched_codebook_label": "Financial_Insecurity",
        "level": "subsubcode",
        "code_id": "3_1_4"
      }
    ]
  },
  "264_2": {
    "text": "FMLA will be continuous for all appts and such related to treatment.",
    "span": "FMLA will be continuous for all appts and such related to treatment",
    "labels": [
      {
        "label": "Financial Insecurity",
        "matched_codebook_label": "Financial_Insecurity",
        "level": "subsubcode",
        "code_id": "3_1_4"
      }
    ]
  },
  "268_1": {
    "text": "Is there someone you spoke with about the approval for the tramadol.",
    "span": "Is there someone you spoke with about the approval for the tramadol",
    "labels": [
      {
        "label": "Health Access",
        "matched_codebook_label": "Health_Access",
        "level": "subsubcode",
        "code_id": "3_3_4"
      }
    ]
  },
  "271_0": {
    "text": "Hi,    My insurance will not allow me to opt out of using Org2 pharmacy for the anastrozle.",
    "span": "My insurance will not allow me to opt out of using Org2 pharmacy for the anastrozle",
    "labels": [
      {
        "label": "Insurance",
        "matched_codebook_label": "Insurance",
        "level": "subsubcode",
        "code_id": "3_3_6"
      }
    ]
  },
  "272_0": {
    "text": "Hi,    The insurance is driving me nuts.",
    "span": "The insurance is driving me nuts",
    "labels": [
      {
        "label": "Insurance",
        "matched_codebook_label": "Insurance",
        "level": "subsubcode",
        "code_id": "3_3_6"
      }
    ]
  },
  "272_1": {
    "text": "I did as they asked, but now they will not approve to fill only a 10 day supply.",
    "span": "I did as they asked, but now they will not approve to fill only a 10 day supply",
    "labels": [
      {
        "label": "Insurance",
        "matched_codebook_label": "Insurance",
        "level": "subsubcode",
        "code_id": "3_3_6"
      }
    ]
  },
  "280_2": {
    "text": "I don go in often, but I do like having the option on my good days.",
    "span": "I don go in often, but I do like having the option on my good days",
    "labels": [
      {
        "label": "Work-related Challenges",
        "matched_codebook_label": "Work-related_Challenges",
        "level": "subsubcode",
        "code_id": "3_1_18"
      }
    ]
  },
  "288_0": {
    "text": "Good evening,     I came to do the CBC at the Org2 draw station in Org2 and they said they do not have an order for it.",
    "span": "I came to do the CBC at the Org2 draw station in Org2",
    "labels": [
      {
        "label": "Health Access",
        "matched_codebook_label": "Health_Access",
        "level": "subsubcode",
        "code_id": "3_3_4"
      }
    ]
  },
  "291_0": {
    "text": "Hello,    I saw I still had the appointment in Org2 for MM/DD/YYYY, MM/DD/YYYY, for the Lupron shot, I cancelled it.",
    "span": "I saw I still had the appointment in Org2 for MM/DD/YYYY, MM/DD/YYYY, for the Lupron shot, I cancelled it",
    "labels": [
      {
        "label": "Health Access",
        "matched_codebook_label": "Health_Access",
        "level": "subsubcode",
        "code_id": "3_3_4"
      }
    ]
  },
  "324_0": {
    "text": "Dr Person1 a couple questions for insurance.",
    "span": "a couple questions for insurance",
    "labels": [
      {
        "label": "Insurance",
        "matched_codebook_label": "Insurance",
        "level": "subsubcode",
        "code_id": "3_3_6"
      }
    ]
  },
  "324_2": {
    "text": "2  i need a form  filled out for my ins.",
    "span": "2  i need a form  filled out for my ins",
    "labels": [
      {
        "label": "Insurance",
        "matched_codebook_label": "Insurance",
        "level": "subsubcode",
        "code_id": "3_3_6"
      }
    ]
  },
  "324_3": {
    "text": "When original prognosis was given, what it was and a signature from you.",
    "span": "When original prognosis was given, what it was and a signature from you",
    "labels": [
      {
        "label": "Insurance",
        "matched_codebook_label": "Insurance",
        "level": "subsubcode",
        "code_id": "3_3_6"
      }
    ]
  },
  "324_4": {
    "text": "( i did not realize i was covered under an insurance i had allowing a payment) how can i get this form to your office?",
    "span": "( i did not realize i was covered under an insurance i had allowing a payment)",
    "labels": [
      {
        "label": "Insurance",
        "matched_codebook_label": "Insurance",
        "level": "subsubcode",
        "code_id": "3_3_6"
      }
    ]
  },
  "325_2": {
    "text": "Please note that the turn aro und time is about 7-10 business days to complete paperwork.",
    "span": "Please note that the turn aro und time is about 7-10 business days to complete paperwork",
    "labels": [
      {
        "label": "Insurance",
        "matched_codebook_label": "Insurance",
        "level": "subsubcode",
        "code_id": "3_3_6"
      }
    ]
  },
  "327_0": {
    "text": "Hi Person1 Soon as we receive the form we will complete it with the required reports and get it sent in for you, Person2 RN",
    "span": "Soon as we receive the form we will complete it with the required reports",
    "labels": [
      {
        "label": "Insurance",
        "matched_codebook_label": "Insurance",
        "level": "subsubcode",
        "code_id": "3_3_6"
      }
    ]
  },
  "330_2": {
    "text": "I am still fully working.",
    "span": "I am still fully working",
    "labels": [
      {
        "label": "Employment Status",
        "matched_codebook_label": "Employment_Status",
        "level": "subsubcode",
        "code_id": "3_1_2"
      }
    ]
  },
  "338_0": {
    "text": "Dr Person1 i am at Org2 to get a blood draw and they are telling me only a psa is in there.",
    "span": "i am at Org2 to get a blood draw and they are telling me only a psa is in there",
    "labels": [
      {
        "label": "Health Access",
        "matched_codebook_label": "Health_Access",
        "level": "subsubcode",
        "code_id": "3_3_4"
      }
    ]
  },
  "349_3": {
    "text": "Are you filing for intermittent time off, any job duties your having difficulty completing or no longer working?",
    "span": "Are you filing for intermittent time off, any job duties your having difficulty completing or no longer working?",
    "labels": [
      {
        "label": "Work-related Challenges",
        "matched_codebook_label": "Work-related_Challenges",
        "level": "subsubcode",
        "code_id": "3_1_18"
      }
    ]
  },
  "356_1": {
    "text": "I have signed up for it at Org3 and have not received any response  Thank you  Person2",
    "span": "I have signed up for it at Org3 and have not received any response",
    "labels": [
      {
        "label": "Health Access",
        "matched_codebook_label": "Health_Access",
        "level": "subsubcode",
        "code_id": "3_3_4"
      }
    ]
  },
  "361_2": {
    "text": "I am willing to pay for it out of pocket.",
    "span": "I am willing to pay for it out of pocket",
    "labels": [
      {
        "label": "Financial Insecurity",
        "matched_codebook_label": "Financial_Insecurity",
        "level": "subsubcode",
        "code_id": "3_1_4"
      }
    ]
  },
  "361_3": {
    "text": "Can u call it into Org, Location please.",
    "span": "Can u call it into Org, Location please",
    "labels": [
      {
        "label": "Health Access",
        "matched_codebook_label": "Health_Access",
        "level": "subsubcode",
        "code_id": "3_3_4"
      }
    ]
  },
  "362_0": {
    "text": "Please let pharmacy know I will pay out of pocket for prescription of ketorolac",
    "span": "Please let pharmacy know I will pay out of pocket for prescription of ketorolac",
    "labels": [
      {
        "label": "Financial Insecurity",
        "matched_codebook_label": "Financial_Insecurity",
        "level": "subsubcode",
        "code_id": "3_1_4"
      }
    ]
  },
  "370_0": {
    "text": "I need a refill for my medication that I take for my CT Scan called into Org1",
    "span": "I need a refill for my medication that I take for my CT Scan called into Org1",
    "labels": [
      {
        "label": "Health Access",
        "matched_codebook_label": "Health_Access",
        "level": "subsubcode",
        "code_id": "3_3_4"
      }
    ]
  },
  "391_0": {
    "text": "When Person1 was in on MM/DD/YYYY for his visit, the nurse had said that she was going to check to see if he could get his blood thinner medication at Org3 pharmacy cheaper.",
    "span": "the nurse had said that she was going to check to see if he could get his blood thinner medication at Org3 pharmacy cheaper",
    "labels": [
      {
        "label": "Financial Insecurity",
        "matched_codebook_label": "Financial_Insecurity",
        "level": "subsubcode",
        "code_id": "3_1_4"
      }
    ]
  },
  "392_0": {
    "text": "Hi Person1 and Person2, the copay through the Org4 apothecary will be $81.54.",
    "span": "the copay through the Org4 apothecary will be",
    "labels": [
      {
        "label": "Insurance",
        "matched_codebook_label": "Insurance",
        "level": "subsubcode",
        "code_id": "3_3_6"
      }
    ]
  },
  "392_1": {
    "text": "They can set up delivery to you, it  would need to be a few days in advance- you can call them to arrange this, the pharmacy # is  XXX-XXX-XXXX   Thanks, Person3",
    "span": "They can set up delivery to you, it  would need to be a few days in advance",
    "labels": [
      {
        "label": "Health Access",
        "matched_codebook_label": "Health_Access",
        "level": "subsubcode",
        "code_id": "3_3_4"
      }
    ]
  },
  "395_0": {
    "text": "Can Dr Person1 please recommend a neurological spine doctor through Org2",
    "span": "Can Dr Person1 please recommend a neurological spine doctor through Org2",
    "labels": [
      {
        "label": "Health Access",
        "matched_codebook_label": "Health_Access",
        "level": "subsubcode",
        "code_id": "3_3_4"
      }
    ]
  },
  "411_0": {
    "text": "I received a call stating that insurance has denied payment for the bone strengthened drug.",
    "span": "I received a call stating that insurance has denied payment for the bone strengthened drug",
    "labels": [
      {
        "label": "Insurance",
        "matched_codebook_label": "Insurance",
        "level": "subsubcode",
        "code_id": "3_3_6"
      }
    ]
  },
  "412_1": {
    "text": "Our team was notified of the denial and is working on the appeal.",
    "span": "Our team was notified of the denial and is working on the appeal",
    "labels": [
      {
        "label": "Insurance",
        "matched_codebook_label": "Insurance",
        "level": "subsubcode",
        "code_id": "3_3_6"
      }
    ]
  },
  "455_2": {
    "text": "Person2's application for a 2 week Rehab visit at Org9 was rejected by Org9 his insurer.",
    "span": "Person2's application for a 2 week Rehab visit at Org9 was rejected by Org9 his insurer",
    "labels": [
      {
        "label": "Insurance",
        "matched_codebook_label": "Insurance",
        "level": "subsubcode",
        "code_id": "3_3_6"
      }
    ]
  },
  "459_0": {
    "text": "Hi    I need a dexamethasone 2 mg refill authorized at Org2.",
    "span": "I need a dexamethasone 2 mg refill authorized at Org2",
    "labels": [
      {
        "label": "Health Access",
        "matched_codebook_label": "Health_Access",
        "level": "subsubcode",
        "code_id": "3_3_4"
      }
    ]
  },
  "483_2": {
    "text": "I seeing Dr Person1 at 1pm at Org3 on MM/DD/YYYY.",
    "span": "I seeing Dr Person1 at 1pm at Org3 on MM/DD/YYYY",
    "labels": [
      {
        "label": "Health Access",
        "matched_codebook_label": "Health_Access",
        "level": "subsubcode",
        "code_id": "3_3_4"
      }
    ]
  },
  "529_1": {
    "text": "He has COVID will get admitted to Org1",
    "span": "will get admitted to Org1",
    "labels": [
      {
        "label": "Health Access",
        "matched_codebook_label": "Health_Access",
        "level": "subsubcode",
        "code_id": "3_3_4"
      }
    ]
  },
  "537_0": {
    "text": "I scheduled to see Dr. Person1 on MM/DD/YYYY, at 9:45 in Org2.",
    "span": "I scheduled to see Dr. Person1 on MM/DD/YYYY, at 9:45 in Org2",
    "labels": [
      {
        "label": "Health Access",
        "matched_codebook_label": "Health_Access",
        "level": "subsubcode",
        "code_id": "3_3_4"
      }
    ]
  },
  "537_1": {
    "text": "However, my blood draw is scheduled for 9:30  In Org2.",
    "span": "However, my blood draw is scheduled for 9:30  In Org2",
    "labels": [
      {
        "label": "Health Access",
        "matched_codebook_label": "Health_Access",
        "level": "subsubcode",
        "code_id": "3_3_4"
      }
    ]
  },
  "539_0": {
    "text": "It is in Org1, old Org1 is closed for the time being",
    "span": "It is in Org1, old Org1 is closed for the time being",
    "labels": [
      {
        "label": "Health Access",
        "matched_codebook_label": "Health_Access",
        "level": "subsubcode",
        "code_id": "3_3_4"
      }
    ]
  },
  "551_0": {
    "text": "Hi Person1, I had blood work done at the Org2  where my PSA count was 2.66.",
    "span": "I had blood work done at the Org2",
    "labels": [
      {
        "label": "Health Access",
        "matched_codebook_label": "Health_Access",
        "level": "subsubcode",
        "code_id": "3_3_4"
      }
    ]
  },
  "553_1": {
    "text": "I have a conflict; because of today weather I had to cancel an appointment at the Org2 dental clinic and it been rescheduled to MM/DD/YYYY at 1:00 PM.",
    "span": "because of today weather I had to cancel an appointment at the Org2 dental clinic",
    "labels": [
      {
        "label": "Health Access",
        "matched_codebook_label": "Health_Access",
        "level": "subsubcode",
        "code_id": "3_3_4"
      }
    ]
  },
  "555_0": {
    "text": "Do you mean the Old Org1 clinic  Of the Org1?",
    "span": "Do you mean the Old Org1 clinic  Of the Org1?",
    "labels": [
      {
        "label": "Health Access",
        "matched_codebook_label": "Health_Access",
        "level": "subsubcode",
        "code_id": "3_3_4"
      }
    ]
  },
  "574_0": {
    "text": "And it in Org1.",
    "span": "And it in Org1",
    "labels": [
      {
        "label": "Health Access",
        "matched_codebook_label": "Health_Access",
        "level": "subsubcode",
        "code_id": "3_3_4"
      }
    ]
  },
  "576_2": {
    "text": "The Org1 dental clinic has a sizable backup due to the pandemic.",
    "span": "The Org1 dental clinic has a sizable backup due to the pandemic",
    "labels": [
      {
        "label": "Health Access",
        "matched_codebook_label": "Health_Access",
        "level": "subsubcode",
        "code_id": "3_3_4"
      }
    ]
  },
  "585_0": {
    "text": "Are you dropping org1  or old org2 ?",
    "span": "Are you dropping org1  or old org2 ?",
    "labels": [
      {
        "label": "Health Access",
        "matched_codebook_label": "Health_Access",
        "level": "subsubcode",
        "code_id": "3_3_4"
      }
    ]
  },
  "624_1": {
    "text": "I s there any way I can send Person1 to Org3 to pick up a container and drop it off later for analysis?",
    "span": "I s there any way I can send Person1 to Org3 to pick up a container and drop it off later for analysis?",
    "labels": [
      {
        "label": "Health Access",
        "matched_codebook_label": "Health_Access",
        "level": "subsubcode",
        "code_id": "3_3_4"
      }
    ]
  },
  "627_1": {
    "text": "They can guide him to Org if needed.",
    "span": "They can guide him to Org if needed",
    "labels": [
      {
        "label": "Health Access",
        "matched_codebook_label": "Health_Access",
        "level": "subsubcode",
        "code_id": "3_3_4"
      }
    ]
  },
  "641_0": {
    "text": "Hi Person1, Can see how Org got involved, but do see the script was received by org yesterday.",
    "span": "Can see how Org got involved, but do see the script was received by org yesterday",
    "labels": [
      {
        "label": "Health Access",
        "matched_codebook_label": "Health_Access",
        "level": "subsubcode",
        "code_id": "3_3_4"
      }
    ]
  },
  "663_1": {
    "text": "I have a close friend who had a hysterectomy, cancer, removed three weeks ago at Org4.",
    "span": "I have a close friend who had a hysterectomy, cancer, removed three weeks ago at Org4",
    "labels": [
      {
        "label": "Health Access",
        "matched_codebook_label": "Health_Access",
        "level": "subsubcode",
        "code_id": "3_3_4"
      }
    ]
  },
  "679_1": {
    "text": "Both my niece and myself have been trying to find a gynecologist close by accepting new patients on Medicare, Medicaid, AARP supplement and Husky with no success.",
    "span": "Both my niece and myself have been trying to find a gynecologist close by accepting new patients on Medicare, Medicaid, AARP supplement and Husky with no success",
    "labels": [
      {
        "label": "Health Access",
        "matched_codebook_label": "Health_Access",
        "level": "subsubcode",
        "code_id": "3_3_4"
      }
    ]
  },
  "685_0": {
    "text": "Hi Person1, Dr. Person2 has to submit it and she is still seeing patients so hasn't had a chance yet.",
    "span": "she is still seeing patients so hasn't had a chance yet",
    "labels": [
      {
        "label": "Health Access",
        "matched_codebook_label": "Health_Access",
        "level": "subsubcode",
        "code_id": "3_3_4"
      }
    ]
  },
  "692_0": {
    "text": "HI Person1I was contacted by the Org2  insurance again .",
    "span": "Person1I was contacted by the Org2  insurance again",
    "labels": [
      {
        "label": "Insurance",
        "matched_codebook_label": "Insurance",
        "level": "subsubcode",
        "code_id": "3_3_6"
      }
    ]
  },
  "692_1": {
    "text": "My treatment plan changed from every 3weeks to every week so they want the 3 changed to 1  every thing else stays same on the original paperwork and initial and refax.",
    "span": "they want the 3 changed to 1  every thing else stays same on the original paperwork and initial and refax",
    "labels": [
      {
        "label": "Insurance",
        "matched_codebook_label": "Insurance",
        "level": "subsubcode",
        "code_id": "3_3_6"
      }
    ]
  },
  "695_1": {
    "text": "I called Org1 directly and they did not have an answer.",
    "span": "I called Org1 directly and they did not have an answer",
    "labels": [
      {
        "label": "Health Access",
        "matched_codebook_label": "Health_Access",
        "level": "subsubcode",
        "code_id": "3_3_4"
      }
    ]
  },
  "723_1": {
    "text": "2200  Org3.",
    "span": "2200  Org3",
    "labels": [
      {
        "label": "Health Access",
        "matched_codebook_label": "Health_Access",
        "level": "subsubcode",
        "code_id": "3_3_4"
      }
    ]
  }
}