[
  {
    "id": "182_1_0",
    "text": "torch.Size([6, 768])",
    "true_label": "carecoordination",
    "true_codebook": "Care_Coordination",
    "pred_label": "Instruction",
    "pred_codebook": "instruction",
    "correct": false
  },
  {
    "id": "212_1_0",
    "text": "torch.Size([5, 768])",
    "true_label": "Diagnostics",
    "true_codebook": "Diagnostics",
    "pred_label": "checkingUnderstanding/clarification",
    "pred_codebook": "checking_understanding/clarification",
    "correct": false
  },
  {
    "id": "623_1_0",
    "text": "torch.Size([2, 768])",
    "true_label": "PositiveRemarks",
    "true_codebook": "Positive_Remarks/Reward",
    "pred_label": "Alignment",
    "pred_codebook": "Alignment",
    "correct": false
  },
  {
    "id": "101_4_0",
    "text": "torch.Size([5, 768])",
    "true_label": "Diagnostics",
    "true_codebook": "Diagnostics",
    "pred_label": "ExpressConcern/unease",
    "pred_codebook": "Express_concern/unease",
    "correct": false
  },
  {
    "id": "278_2_0",
    "text": "torch.Size([5, 768])",
    "true_label": "MakeDecision",
    "true_codebook": "Making_decision_together",
    "pred_label": "checkingUnderstanding/clarification",
    "pred_codebook": "checking_understanding/clarification",
    "correct": false
  },
  {
    "id": "181_1_0",
    "text": "torch.Size([5, 768])",
    "true_label": "SchedulingAppt",
    "true_codebook": "Scheduling_appt",
    "pred_label": "maintainCommunication",
    "pred_codebook": "Maintain_communication",
    "correct": false
  },
  {
    "id": "320_4_0",
    "text": "torch.Size([5, 768])",
    "true_label": "SeekingApproval",
    "true_codebook": "Seeking_Approval",
    "pred_label": "carecoordination",
    "pred_codebook": "Care_Coordination",
    "correct": false
  },
  {
    "id": "149_1_1",
    "text": "torch.Size([4, 768])",
    "true_label": "maintainCommunication",
    "true_codebook": "Maintain_communication",
    "pred_label": "activeParticipation/involvement",
    "pred_codebook": "active_participation_/involvement",
    "correct": false
  },
  {
    "id": "279_0_1",
    "text": "torch.Size([5, 768])",
    "true_label": "Diagnostics",
    "true_codebook": "Diagnostics",
    "pred_label": "Drugs",
    "pred_codebook": "Drugs",
    "correct": false
  },
  {
    "id": "68_1_1",
    "text": "torch.Size([6, 768])",
    "true_label": "checkingUnderstanding/clarification",
    "true_codebook": "checking_understanding/clarification",
    "pred_label": "activeParticipation/involvement",
    "pred_codebook": "active_participation_/involvement",
    "correct": false
  },
  {
    "id": "229_3_0",
    "text": "torch.Size([6, 768])",
    "true_label": "inviteCollaboration",
    "true_codebook": "invite_collaboration",
    "pred_label": "statePreferences",
    "pred_codebook": "state_preferences",
    "correct": false
  },
  {
    "id": "366_0_1",
    "text": "torch.Size([8, 768])",
    "true_label": "maintainCommunication",
    "true_codebook": "Maintain_communication",
    "pred_label": "connection",
    "pred_codebook": "Connection",
    "correct": false
  },
  {
    "id": "412_1_0",
    "text": "torch.Size([6, 768])",
    "true_label": "HealthCareAccessAndQuality",
    "true_codebook": "Health_care_access_and_quality",
    "pred_label": "maintainCommunication",
    "pred_codebook": "Maintain_communication",
    "correct": false
  },
  {
    "id": "413_1_0",
    "text": "torch.Size([3, 768])",
    "true_label": "SeekingApproval",
    "true_codebook": "Seeking_Approval",
    "pred_label": "maintainCommunication",
    "pred_codebook": "Maintain_communication",
    "correct": false
  },
  {
    "id": "721_1_3",
    "text": "torch.Size([4, 768])",
    "true_label": "carecoordination",
    "true_codebook": "Care_Coordination",
    "pred_label": "Generalinformation",
    "pred_codebook": "General_information",
    "correct": false
  },
  {
    "id": "496_0_0",
    "text": "torch.Size([4, 768])",
    "true_label": "Symptoms",
    "true_codebook": "Symptoms",
    "pred_label": "Drugs",
    "pred_codebook": "Drugs",
    "correct": false
  },
  {
    "id": "453_0_2",
    "text": "torch.Size([5, 768])",
    "true_label": "HealthCareAccessAndQuality",
    "true_codebook": "Health_care_access_and_quality",
    "pred_label": "SchedulingAppt",
    "pred_codebook": "Scheduling_appt",
    "correct": false
  },
  {
    "id": "652_0_4",
    "text": "torch.Size([7, 768])",
    "true_label": "SeekingApproval",
    "true_codebook": "Seeking_Approval",
    "pred_label": "carecoordination",
    "pred_codebook": "Care_Coordination",
    "correct": false
  },
  {
    "id": "526_1_1",
    "text": "torch.Size([10, 768])",
    "true_label": "Symptoms",
    "true_codebook": "Symptoms",
    "pred_label": "ExpressConcern/unease",
    "pred_codebook": "Express_concern/unease",
    "correct": false
  },
  {
    "id": "524_3_0",
    "text": "torch.Size([6, 768])",
    "true_label": "Symptoms",
    "true_codebook": "Symptoms",
    "pred_label": "Drugs",
    "pred_codebook": "Drugs",
    "correct": false
  },
  {
    "id": "294_1_0",
    "text": "torch.Size([10, 768])",
    "true_label": "ShareOptions",
    "true_codebook": "Share_options",
    "pred_label": "SchedulingAppt",
    "pred_codebook": "Scheduling_appt",
    "correct": false
  },
  {
    "id": "651_2_2",
    "text": "torch.Size([4, 768])",
    "true_label": "HealthCareAccessAndQuality",
    "true_codebook": "Health_care_access_and_quality",
    "pred_label": "Drugs",
    "pred_codebook": "Drugs",
    "correct": false
  },
  {
    "id": "611_2_1",
    "text": "torch.Size([4, 768])",
    "true_label": "expressOpinions",
    "true_codebook": "express_opinions",
    "pred_label": "statePreferences",
    "pred_codebook": "state_preferences",
    "correct": false
  },
  {
    "id": "497_0_5",
    "text": "torch.Size([3, 768])",
    "true_label": "inviteCollaboration",
    "true_codebook": "invite_collaboration",
    "pred_label": "activeParticipation/involvement",
    "pred_codebook": "active_participation_/involvement",
    "correct": false
  },
  {
    "id": "22_2_0",
    "text": "torch.Size([10, 768])",
    "true_label": "Drugs",
    "true_codebook": "Drugs",
    "pred_label": "HealthCareAccessAndQuality",
    "pred_codebook": "Health_care_access_and_quality",
    "correct": false
  },
  {
    "id": "638_1_0",
    "text": "torch.Size([3, 768])",
    "true_label": "connection",
    "true_codebook": "Connection",
    "pred_label": "Symptoms",
    "pred_codebook": "Symptoms",
    "correct": false
  },
  {
    "id": "361_4_0",
    "text": "torch.Size([6, 768])",
    "true_label": "expressOpinions",
    "true_codebook": "express_opinions",
    "pred_label": "Symptoms",
    "pred_codebook": "Symptoms",
    "correct": false
  },
  {
    "id": "694_0_0",
    "text": "torch.Size([5, 768])",
    "true_label": "Appreciation/Gratitude",
    "true_codebook": "Appreciation/gratitude",
    "pred_label": "signoff",
    "pred_codebook": "signoff",
    "correct": false
  },
  {
    "id": "79_0_0",
    "text": "torch.Size([4, 768])",
    "true_label": "Diagnostics",
    "true_codebook": "Diagnostics",
    "pred_label": "EncourageQuestions",
    "pred_codebook": "Encourage_questions",
    "correct": false
  },
  {
    "id": "569_0_2",
    "text": "torch.Size([6, 768])",
    "true_label": "statePreferences",
    "true_codebook": "state_preferences",
    "pred_label": "SchedulingAppt",
    "pred_codebook": "Scheduling_appt",
    "correct": false
  },
  {
    "id": "414_1_1",
    "text": "torch.Size([2, 768])",
    "true_label": "HealthCareAccessAndQuality",
    "true_codebook": "Health_care_access_and_quality",
    "pred_label": "carecoordination",
    "pred_codebook": "Care_Coordination",
    "correct": false
  },
  {
    "id": "101_1_0",
    "text": "torch.Size([3, 768])",
    "true_label": "Symptoms",
    "true_codebook": "Symptoms",
    "pred_label": "SchedulingAppt",
    "pred_codebook": "Scheduling_appt",
    "correct": false
  },
  {
    "id": "280_2_2",
    "text": "torch.Size([5, 768])",
    "true_label": "EconomicStability",
    "true_codebook": "Economic_stability",
    "pred_label": "statePreferences",
    "pred_codebook": "state_preferences",
    "correct": false
  },
  {
    "id": "285_2_0",
    "text": "torch.Size([7, 768])",
    "true_label": "maintainCommunication",
    "true_codebook": "Maintain_communication",
    "pred_label": "expressOpinions",
    "pred_codebook": "express_opinions",
    "correct": false
  },
  {
    "id": "155_0_0",
    "text": "torch.Size([3, 768])",
    "true_label": "carecoordination",
    "true_codebook": "Care_Coordination",
    "pred_label": "Symptoms",
    "pred_codebook": "Symptoms",
    "correct": false
  },
  {
    "id": "166_2_0",
    "text": "torch.Size([5, 768])",
    "true_label": "SchedulingAppt",
    "true_codebook": "Scheduling_appt",
    "pred_label": "maintainCommunication",
    "pred_codebook": "Maintain_communication",
    "correct": false
  },
  {
    "id": "634_2_0",
    "text": "torch.Size([7, 768])",
    "true_label": "connection",
    "true_codebook": "Connection",
    "pred_label": "SchedulingAppt",
    "pred_codebook": "Scheduling_appt",
    "correct": false
  },
  {
    "id": "129_2_0",
    "text": "torch.Size([5, 768])",
    "true_label": "Generalinformation",
    "true_codebook": "General_information",
    "pred_label": "activeParticipation/involvement",
    "pred_codebook": "active_participation_/involvement",
    "correct": false
  },
  {
    "id": "493_0_0",
    "text": "torch.Size([9, 768])",
    "true_label": "Symptoms",
    "true_codebook": "Symptoms",
    "pred_label": "HealthCareAccessAndQuality",
    "pred_codebook": "Health_care_access_and_quality",
    "correct": false
  },
  {
    "id": "373_0_1",
    "text": "torch.Size([4, 768])",
    "true_label": "Drugs",
    "true_codebook": "Drugs",
    "pred_label": "carecoordination",
    "pred_codebook": "Care_Coordination",
    "correct": false
  },
  {
    "id": "538_1_0",
    "text": "torch.Size([9, 768])",
    "true_label": "Diagnostics",
    "true_codebook": "Diagnostics",
    "pred_label": "maintainCommunication",
    "pred_codebook": "Maintain_communication",
    "correct": false
  },
  {
    "id": "29_0_0",
    "text": "torch.Size([3, 768])",
    "true_label": "SummarizeConfirmUnderstanding",
    "true_codebook": "Summarize_and_confirm_understanding",
    "pred_label": "ExpressConcern/unease",
    "pred_codebook": "Express_concern/unease",
    "correct": false
  },
  {
    "id": "327_0_4",
    "text": "torch.Size([2, 768])",
    "true_label": "HealthCareAccessAndQuality",
    "true_codebook": "Health_care_access_and_quality",
    "pred_label": "Generalinformation",
    "pred_codebook": "General_information",
    "correct": false
  },
  {
    "id": "14_1_0",
    "text": "torch.Size([5, 768])",
    "true_label": "Generalinformation",
    "true_codebook": "General_information",
    "pred_label": "Instruction",
    "pred_codebook": "instruction",
    "correct": false
  },
  {
    "id": "495_0_2",
    "text": "torch.Size([11, 768])",
    "true_label": "Symptoms",
    "true_codebook": "Symptoms",
    "pred_label": "SchedulingAppt",
    "pred_codebook": "Scheduling_appt",
    "correct": false
  },
  {
    "id": "266_0_2",
    "text": "torch.Size([7, 768])",
    "true_label": "statePreferences",
    "true_codebook": "state_preferences",
    "pred_label": "checkingUnderstanding/clarification",
    "pred_codebook": "checking_understanding/clarification",
    "correct": false
  },
  {
    "id": "655_0_4",
    "text": "torch.Size([4, 768])",
    "true_label": "expressOpinions",
    "true_codebook": "express_opinions",
    "pred_label": "SeekingApproval",
    "pred_codebook": "Seeking_Approval",
    "correct": false
  },
  {
    "id": "349_0_1",
    "text": "torch.Size([6, 768])",
    "true_label": "Generalinformation",
    "true_codebook": "General_information",
    "pred_label": "Diagnostics",
    "pred_codebook": "Diagnostics",
    "correct": false
  },
  {
    "id": "606_1_0",
    "text": "torch.Size([2, 768])",
    "true_label": "connection",
    "true_codebook": "Connection",
    "pred_label": "PositiveRemarks",
    "pred_codebook": "Positive_Remarks/Reward",
    "correct": false
  },
  {
    "id": "682_0_4",
    "text": "torch.Size([3, 768])",
    "true_label": "Instruction",
    "true_codebook": "instruction",
    "pred_label": "Drugs",
    "pred_codebook": "Drugs",
    "correct": false
  },
  {
    "id": "198_1_0",
    "text": "torch.Size([9, 768])",
    "true_label": "Symptoms",
    "true_codebook": "Symptoms",
    "pred_label": "ExpressConcern/unease",
    "pred_codebook": "Express_concern/unease",
    "correct": false
  },
  {
    "id": "670_0_1",
    "text": "torch.Size([5, 768])",
    "true_label": "AcknowledgeError",
    "true_codebook": "Acknowledge_Error",
    "pred_label": "Diagnostics",
    "pred_codebook": "Diagnostics",
    "correct": false
  },
  {
    "id": "66_3_0",
    "text": "torch.Size([4, 768])",
    "true_label": "SchedulingAppt",
    "true_codebook": "Scheduling_appt",
    "pred_label": "statePreferences",
    "pred_codebook": "state_preferences",
    "correct": false
  },
  {
    "id": "241_1_0",
    "text": "torch.Size([3, 768])",
    "true_label": "Drugs",
    "true_codebook": "Drugs",
    "pred_label": "carecoordination",
    "pred_codebook": "Care_Coordination",
    "correct": false
  },
  {
    "id": "368_1_0",
    "text": "torch.Size([5, 768])",
    "true_label": "statePreferences",
    "true_codebook": "state_preferences",
    "pred_label": "ApprovalofDecision/Reinforcement",
    "pred_codebook": "Approval/Reinforcement",
    "correct": false
  },
  {
    "id": "553_5_0",
    "text": "torch.Size([3, 768])",
    "true_label": "statePreferences",
    "true_codebook": "state_preferences",
    "pred_label": "MakeDecision",
    "pred_codebook": "Making_decision_together",
    "correct": false
  },
  {
    "id": "455_4_0",
    "text": "torch.Size([5, 768])",
    "true_label": "Generalinformation",
    "true_codebook": "General_information",
    "pred_label": "activeParticipation/involvement",
    "pred_codebook": "active_participation_/involvement",
    "correct": false
  },
  {
    "id": "83_1_1",
    "text": "torch.Size([3, 768])",
    "true_label": "connection",
    "true_codebook": "Connection",
    "pred_label": "carecoordination",
    "pred_codebook": "Care_Coordination",
    "correct": false
  },
  {
    "id": "266_9_0",
    "text": "torch.Size([5, 768])",
    "true_label": "activeParticipation/involvement",
    "true_codebook": "active_participation_/involvement",
    "pred_label": "expressOpinions",
    "pred_codebook": "express_opinions",
    "correct": false
  },
  {
    "id": "584_1_2",
    "text": "torch.Size([7, 768])",
    "true_label": "activeParticipation/involvement",
    "true_codebook": "active_participation_/involvement",
    "pred_label": "statePreferences",
    "pred_codebook": "state_preferences",
    "correct": false
  },
  {
    "id": "276_1_0",
    "text": "torch.Size([4, 768])",
    "true_label": "Alignment",
    "true_codebook": "Alignment",
    "pred_label": "Diagnostics",
    "pred_codebook": "Diagnostics",
    "correct": false
  },
  {
    "id": "603_0_0",
    "text": "torch.Size([4, 768])",
    "true_label": "Generalinformation",
    "true_codebook": "General_information",
    "pred_label": "Instruction",
    "pred_codebook": "instruction",
    "correct": false
  },
  {
    "id": "25_0_1",
    "text": "torch.Size([5, 768])",
    "true_label": "Instruction",
    "true_codebook": "instruction",
    "pred_label": "checkingUnderstanding/clarification",
    "pred_codebook": "checking_understanding/clarification",
    "correct": false
  },
  {
    "id": "377_1_0",
    "text": "torch.Size([9, 768])",
    "true_label": "Diagnostics",
    "true_codebook": "Diagnostics",
    "pred_label": "Generalinformation",
    "pred_codebook": "General_information",
    "correct": false
  },
  {
    "id": "667_0_0",
    "text": "torch.Size([2, 768])",
    "true_label": "Diagnostics",
    "true_codebook": "Diagnostics",
    "pred_label": "maintainCommunication",
    "pred_codebook": "Maintain_communication",
    "correct": false
  },
  {
    "id": "19_0_0",
    "text": "torch.Size([2, 768])",
    "true_label": "salutation",
    "true_codebook": "salutation",
    "pred_label": "activeParticipation/involvement",
    "pred_codebook": "active_participation_/involvement",
    "correct": false
  },
  {
    "id": "158_1_0",
    "text": "torch.Size([5, 768])",
    "true_label": "maintainCommunication",
    "true_codebook": "Maintain_communication",
    "pred_label": "activeParticipation/involvement",
    "pred_codebook": "active_participation_/involvement",
    "correct": false
  },
  {
    "id": "354_0_2",
    "text": "torch.Size([4, 768])",
    "true_label": "activeParticipation/involvement",
    "true_codebook": "active_participation_/involvement",
    "pred_label": "maintainCommunication",
    "pred_codebook": "Maintain_communication",
    "correct": false
  },
  {
    "id": "143_3_0",
    "text": "torch.Size([3, 768])",
    "true_label": "Alignment",
    "true_codebook": "Alignment",
    "pred_label": "PositiveRemarks",
    "pred_codebook": "Positive_Remarks/Reward",
    "correct": false
  },
  {
    "id": "15_0_0",
    "text": "torch.Size([2, 768])",
    "true_label": "salutation",
    "true_codebook": "salutation",
    "pred_label": "activeParticipation/involvement",
    "pred_codebook": "active_participation_/involvement",
    "correct": false
  },
  {
    "id": "715_1_2",
    "text": "torch.Size([8, 768])",
    "true_label": "Approval/Reinforcement",
    "true_codebook": "Approval/Reinforcement",
    "pred_label": "Drugs",
    "pred_codebook": "Drugs",
    "correct": false
  },
  {
    "id": "225_0_0",
    "text": "torch.Size([4, 768])",
    "true_label": "Reassurance",
    "true_codebook": "Reassurance",
    "pred_label": "Generalinformation",
    "pred_codebook": "General_information",
    "correct": false
  },
  {
    "id": "710_1_1",
    "text": "torch.Size([3, 768])",
    "true_label": "carecoordination",
    "true_codebook": "Care_Coordination",
    "pred_label": "checkingUnderstanding/clarification",
    "pred_codebook": "checking_understanding/clarification",
    "correct": false
  },
  {
    "id": "204_0_1",
    "text": "torch.Size([4, 768])",
    "true_label": "Generalinformation",
    "true_codebook": "General_information",
    "pred_label": "maintainCommunication",
    "pred_codebook": "Maintain_communication",
    "correct": false
  },
  {
    "id": "324_4_3",
    "text": "torch.Size([5, 768])",
    "true_label": "HealthCareAccessAndQuality",
    "true_codebook": "Health_care_access_and_quality",
    "pred_label": "Drugs",
    "pred_codebook": "Drugs",
    "correct": false
  },
  {
    "id": "608_0_1",
    "text": "torch.Size([10, 768])",
    "true_label": "activeParticipation/involvement",
    "true_codebook": "active_participation_/involvement",
    "pred_label": "SchedulingAppt",
    "pred_codebook": "Scheduling_appt",
    "correct": false
  },
  {
    "id": "495_1_0",
    "text": "torch.Size([3, 768])",
    "true_label": "Generalinformation",
    "true_codebook": "General_information",
    "pred_label": "SchedulingAppt",
    "pred_codebook": "Scheduling_appt",
    "correct": false
  },
  {
    "id": "578_0_2",
    "text": "torch.Size([3, 768])",
    "true_label": "maintainCommunication",
    "true_codebook": "Maintain_communication",
    "pred_label": "HealthCareAccessAndQuality",
    "pred_codebook": "Health_care_access_and_quality",
    "correct": false
  },
  {
    "id": "258_0_5",
    "text": "torch.Size([4, 768])",
    "true_label": "SchedulingAppt",
    "true_codebook": "Scheduling_appt",
    "pred_label": "Diagnostics",
    "pred_codebook": "Diagnostics",
    "correct": false
  },
  {
    "id": "59_3_3",
    "text": "torch.Size([3, 768])",
    "true_label": "Alignment",
    "true_codebook": "Alignment",
    "pred_label": "Generalinformation",
    "pred_codebook": "General_information",
    "correct": false
  },
  {
    "id": "61_0_1",
    "text": "torch.Size([2, 768])",
    "true_label": "Diagnostics",
    "true_codebook": "Diagnostics",
    "pred_label": "Symptoms",
    "pred_codebook": "Symptoms",
    "correct": false
  },
  {
    "id": "510_0_1",
    "text": "torch.Size([7, 768])",
    "true_label": "carecoordination",
    "true_codebook": "Care_Coordination",
    "pred_label": "SeekingApproval",
    "pred_codebook": "Seeking_Approval",
    "correct": false
  },
  {
    "id": "22_2_1",
    "text": "torch.Size([4, 768])",
    "true_label": "Generalinformation",
    "true_codebook": "General_information",
    "pred_label": "Drugs",
    "pred_codebook": "Drugs",
    "correct": false
  },
  {
    "id": "42_0_0",
    "text": "torch.Size([4, 768])",
    "true_label": "SchedulingAppt",
    "true_codebook": "Scheduling_appt",
    "pred_label": "expressOpinions",
    "pred_codebook": "express_opinions",
    "correct": false
  },
  {
    "id": "714_1_5",
    "text": "torch.Size([4, 768])",
    "true_label": "EconomicStability",
    "true_codebook": "Economic_stability",
    "pred_label": "Diagnostics",
    "pred_codebook": "Diagnostics",
    "correct": false
  },
  {
    "id": "700_3_0",
    "text": "torch.Size([5, 768])",
    "true_label": "SchedulingAppt",
    "true_codebook": "Scheduling_appt",
    "pred_label": "activeParticipation/involvement",
    "pred_codebook": "active_participation_/involvement",
    "correct": false
  },
  {
    "id": "595_1_0",
    "text": "torch.Size([5, 768])",
    "true_label": "Drugs",
    "true_codebook": "Drugs",
    "pred_label": "HealthCareAccessAndQuality",
    "pred_codebook": "Health_care_access_and_quality",
    "correct": false
  },
  {
    "id": "308_0_1",
    "text": "torch.Size([5, 768])",
    "true_label": "Symptoms",
    "true_codebook": "Symptoms",
    "pred_label": "connection",
    "pred_codebook": "Connection",
    "correct": false
  },
  {
    "id": "59_1_0",
    "text": "torch.Size([9, 768])",
    "true_label": "carecoordination",
    "true_codebook": "Care_Coordination",
    "pred_label": "maintainCommunication",
    "pred_codebook": "Maintain_communication",
    "correct": false
  },
  {
    "id": "615_1_0",
    "text": "torch.Size([4, 768])",
    "true_label": "maintainCommunication",
    "true_codebook": "Maintain_communication",
    "pred_label": "SchedulingAppt",
    "pred_codebook": "Scheduling_appt",
    "correct": false
  },
  {
    "id": "709_1_0",
    "text": "torch.Size([2, 768])",
    "true_label": "Diagnostics",
    "true_codebook": "Diagnostics",
    "pred_label": "maintainCommunication",
    "pred_codebook": "Maintain_communication",
    "correct": false
  },
  {
    "id": "569_1_3",
    "text": "torch.Size([5, 768])",
    "true_label": "expressOpinions",
    "true_codebook": "express_opinions",
    "pred_label": "SeekingApproval",
    "pred_codebook": "Seeking_Approval",
    "correct": false
  },
  {
    "id": "684_0_1",
    "text": "torch.Size([7, 768])",
    "true_label": "expressOpinions",
    "true_codebook": "express_opinions",
    "pred_label": "Symptoms",
    "pred_codebook": "Symptoms",
    "correct": false
  },
  {
    "id": "391_1_0",
    "text": "torch.Size([6, 768])",
    "true_label": "activeParticipation/involvement",
    "true_codebook": "active_participation_/involvement",
    "pred_label": "Diagnostics",
    "pred_codebook": "Diagnostics",
    "correct": false
  },
  {
    "id": "172_0_1",
    "text": "torch.Size([6, 768])",
    "true_label": "ApprovalofDecision/Reinforcement",
    "true_codebook": "Approval/Reinforcement",
    "pred_label": "Instruction",
    "pred_codebook": "instruction",
    "correct": false
  },
  {
    "id": "514_0_1",
    "text": "torch.Size([5, 768])",
    "true_label": "Instruction",
    "true_codebook": "instruction",
    "pred_label": "Symptoms",
    "pred_codebook": "Symptoms",
    "correct": false
  },
  {
    "id": "78_2_0",
    "text": "torch.Size([4, 768])",
    "true_label": "ExpressConcern/unease",
    "true_codebook": "Express_concern/unease",
    "pred_label": "ExploreOptions",
    "pred_codebook": "Explore_options",
    "correct": false
  },
  {
    "id": "287_2_0",
    "text": "torch.Size([3, 768])",
    "true_label": "Diagnostics",
    "true_codebook": "Diagnostics",
    "pred_label": "carecoordination",
    "pred_codebook": "Care_Coordination",
    "correct": false
  },
  {
    "id": "617_1_0",
    "text": "torch.Size([6, 768])",
    "true_label": "connection",
    "true_codebook": "Connection",
    "pred_label": "Sadness/fear",
    "pred_codebook": "Sadness/fear",
    "correct": false
  },
  {
    "id": "228_3_0",
    "text": "torch.Size([4, 768])",
    "true_label": "build trust",
    "true_codebook": "build_trust",
    "pred_label": "Appreciation/Gratitude",
    "pred_codebook": "Appreciation/gratitude",
    "correct": false
  },
  {
    "id": "508_0_2",
    "text": "torch.Size([6, 768])",
    "true_label": "SchedulingAppt",
    "true_codebook": "Scheduling_appt",
    "pred_label": "maintainCommunication",
    "pred_codebook": "Maintain_communication",
    "correct": false
  },
  {
    "id": "1_1_0",
    "text": "torch.Size([5, 768])",
    "true_label": "SchedulingAppt",
    "true_codebook": "Scheduling_appt",
    "pred_label": "activeParticipation/involvement",
    "pred_codebook": "active_participation_/involvement",
    "correct": false
  },
  {
    "id": "559_0_2",
    "text": "torch.Size([5, 768])",
    "true_label": "SchedulingAppt",
    "true_codebook": "Scheduling_appt",
    "pred_label": "maintainCommunication",
    "pred_codebook": "Maintain_communication",
    "correct": false
  },
  {
    "id": "523_0_2",
    "text": "torch.Size([4, 768])",
    "true_label": "maintainCommunication",
    "true_codebook": "Maintain_communication",
    "pred_label": "Diagnostics",
    "pred_codebook": "Diagnostics",
    "correct": false
  },
  {
    "id": "104_3_1",
    "text": "torch.Size([7, 768])",
    "true_label": "carecoordination",
    "true_codebook": "Care_Coordination",
    "pred_label": "Generalinformation",
    "pred_codebook": "General_information",
    "correct": false
  },
  {
    "id": "172_1_2",
    "text": "torch.Size([5, 768])",
    "true_label": "activeParticipation/involvement",
    "true_codebook": "active_participation_/involvement",
    "pred_label": "Drugs",
    "pred_codebook": "Drugs",
    "correct": false
  },
  {
    "id": "310_0_1",
    "text": "torch.Size([4, 768])",
    "true_label": "maintainCommunication",
    "true_codebook": "Maintain_communication",
    "pred_label": "activeParticipation/involvement",
    "pred_codebook": "active_participation_/involvement",
    "correct": false
  },
  {
    "id": "154_4_3",
    "text": "torch.Size([6, 768])",
    "true_label": "HealthCareAccessAndQuality",
    "true_codebook": "Health_care_access_and_quality",
    "pred_label": "Symptoms",
    "pred_codebook": "Symptoms",
    "correct": false
  },
  {
    "id": "537_2_0",
    "text": "torch.Size([4, 768])",
    "true_label": "activeParticipation/involvement",
    "true_codebook": "active_participation_/involvement",
    "pred_label": "SeekingApproval",
    "pred_codebook": "Seeking_Approval",
    "correct": false
  },
  {
    "id": "126_3_0",
    "text": "torch.Size([5, 768])",
    "true_label": "ExploreOptions",
    "true_codebook": "Explore_options",
    "pred_label": "SchedulingAppt",
    "pred_codebook": "Scheduling_appt",
    "correct": false
  },
  {
    "id": "154_4_0",
    "text": "torch.Size([5, 768])",
    "true_label": "Drugs",
    "true_codebook": "Drugs",
    "pred_label": "Symptoms",
    "pred_codebook": "Symptoms",
    "correct": false
  },
  {
    "id": "524_7_0",
    "text": "torch.Size([7, 768])",
    "true_label": "activeParticipation/involvement",
    "true_codebook": "active_participation_/involvement",
    "pred_label": "Diagnostics",
    "pred_codebook": "Diagnostics",
    "correct": false
  },
  {
    "id": "717_0_0",
    "text": "torch.Size([6, 768])",
    "true_label": "Drugs",
    "true_codebook": "Drugs",
    "pred_label": "SchedulingAppt",
    "pred_codebook": "Scheduling_appt",
    "correct": false
  },
  {
    "id": "135_2_1",
    "text": "torch.Size([8, 768])",
    "true_label": "carecoordination",
    "true_codebook": "Care_Coordination",
    "pred_label": "inviteCollaboration",
    "pred_codebook": "invite_collaboration",
    "correct": false
  },
  {
    "id": "118_1_0",
    "text": "torch.Size([3, 768])",
    "true_label": "Symptoms",
    "true_codebook": "Symptoms",
    "pred_label": "ExpressConcern/unease",
    "pred_codebook": "Express_concern/unease",
    "correct": false
  },
  {
    "id": "636_1_0",
    "text": "torch.Size([4, 768])",
    "true_label": "connection",
    "true_codebook": "Connection",
    "pred_label": "checkingUnderstanding/clarification",
    "pred_codebook": "checking_understanding/clarification",
    "correct": false
  },
  {
    "id": "315_3_0",
    "text": "torch.Size([6, 768])",
    "true_label": "Diagnostics",
    "true_codebook": "Diagnostics",
    "pred_label": "statePreferences",
    "pred_codebook": "state_preferences",
    "correct": false
  },
  {
    "id": "19_3_0",
    "text": "torch.Size([4, 768])",
    "true_label": "activeParticipation/involvement",
    "true_codebook": "active_participation_/involvement",
    "pred_label": "statePreferences",
    "pred_codebook": "state_preferences",
    "correct": false
  },
  {
    "id": "316_1_0",
    "text": "torch.Size([3, 768])",
    "true_label": "activeParticipation/involvement",
    "true_codebook": "active_participation_/involvement",
    "pred_label": "SchedulingAppt",
    "pred_codebook": "Scheduling_appt",
    "correct": false
  },
  {
    "id": "284_0_4",
    "text": "torch.Size([3, 768])",
    "true_label": "Symptoms",
    "true_codebook": "Symptoms",
    "pred_label": "Generalinformation",
    "pred_codebook": "General_information",
    "correct": false
  },
  {
    "id": "524_0_1",
    "text": "torch.Size([13, 768])",
    "true_label": "Generalinformation",
    "true_codebook": "General_information",
    "pred_label": "connection",
    "pred_codebook": "Connection",
    "correct": false
  },
  {
    "id": "183_3_2",
    "text": "torch.Size([1, 768])",
    "true_label": "signoff",
    "true_codebook": "signoff",
    "pred_label": "EncourageQuestions",
    "pred_codebook": "Encourage_questions",
    "correct": false
  },
  {
    "id": "37_6_0",
    "text": "torch.Size([4, 768])",
    "true_label": "Generalinformation",
    "true_codebook": "General_information",
    "pred_label": "activeParticipation/involvement",
    "pred_codebook": "active_participation_/involvement",
    "correct": false
  },
  {
    "id": "94_2_0",
    "text": "torch.Size([2, 768])",
    "true_label": "SchedulingAppt",
    "true_codebook": "Scheduling_appt",
    "pred_label": "activeParticipation/involvement",
    "pred_codebook": "active_participation_/involvement",
    "correct": false
  },
  {
    "id": "721_1_5",
    "text": "torch.Size([4, 768])",
    "true_label": "Generalinformation",
    "true_codebook": "General_information",
    "pred_label": "expressOpinions",
    "pred_codebook": "express_opinions",
    "correct": false
  }
]