[
  {
    "id": "688_1_1",
    "text": "torch.Size([4, 768])",
    "true_label": "SeekingApproval",
    "true_codebook": "Seeking_Approval",
    "pred_label": "Drugs",
    "pred_codebook": "Drugs",
    "correct": false
  },
  {
    "id": "558_2_0",
    "text": "torch.Size([2, 768])",
    "true_label": "carecoordination",
    "true_codebook": "Care_Coordination",
    "pred_label": "SchedulingAppt",
    "pred_codebook": "Scheduling_appt",
    "correct": false
  },
  {
    "id": "101_4_0",
    "text": "torch.Size([2, 768])",
    "true_label": "Diagnostics",
    "true_codebook": "Diagnostics",
    "pred_label": "expressOpinions",
    "pred_codebook": "express_opinions",
    "correct": false
  },
  {
    "id": "398_2_0",
    "text": "torch.Size([4, 768])",
    "true_label": "Drugs",
    "true_codebook": "Drugs",
    "pred_label": "activeParticipation/involvement",
    "pred_codebook": "active_participation_/involvement",
    "correct": false
  },
  {
    "id": "140_0_1",
    "text": "torch.Size([3, 768])",
    "true_label": "carecoordination",
    "true_codebook": "Care_Coordination",
    "pred_label": "Generalinformation",
    "pred_codebook": "General_information",
    "correct": false
  },
  {
    "id": "339_2_2",
    "text": "torch.Size([7, 768])",
    "true_label": "Diagnostics",
    "true_codebook": "Diagnostics",
    "pred_label": "ExploreOptions",
    "pred_codebook": "Explore_options",
    "correct": false
  },
  {
    "id": "648_3_0",
    "text": "torch.Size([3, 768])",
    "true_label": "carecoordination",
    "true_codebook": "Care_Coordination",
    "pred_label": "Generalinformation",
    "pred_codebook": "General_information",
    "correct": false
  },
  {
    "id": "524_2_0",
    "text": "torch.Size([5, 768])",
    "true_label": "Drugs",
    "true_codebook": "Drugs",
    "pred_label": "Diagnostics",
    "pred_codebook": "Diagnostics",
    "correct": false
  },
  {
    "id": "636_1_0",
    "text": "torch.Size([3, 768])",
    "true_label": "connection",
    "true_codebook": "Connection",
    "pred_label": "Diagnostics",
    "pred_codebook": "Diagnostics",
    "correct": false
  },
  {
    "id": "496_0_0",
    "text": "torch.Size([2, 768])",
    "true_label": "Symptoms",
    "true_codebook": "Symptoms",
    "pred_label": "HealthCareAccessAndQuality",
    "pred_codebook": "Health_care_access_and_quality",
    "correct": false
  },
  {
    "id": "5_1_0",
    "text": "torch.Size([2, 768])",
    "true_label": "signoff",
    "true_codebook": "signoff",
    "pred_label": "carecoordination",
    "pred_codebook": "Care_Coordination",
    "correct": false
  },
  {
    "id": "676_1_1",
    "text": "torch.Size([4, 768])",
    "true_label": "SchedulingAppt",
    "true_codebook": "Scheduling_appt",
    "pred_label": "ShareOptions",
    "pred_codebook": "Share_options",
    "correct": false
  },
  {
    "id": "22_2_1",
    "text": "torch.Size([1, 768])",
    "true_label": "Generalinformation",
    "true_codebook": "General_information",
    "pred_label": "HealthCareAccessAndQuality",
    "pred_codebook": "Health_care_access_and_quality",
    "correct": false
  },
  {
    "id": "98_1_0",
    "text": "torch.Size([2, 768])",
    "true_label": "SchedulingAppt",
    "true_codebook": "Scheduling_appt",
    "pred_label": "statePreferences",
    "pred_codebook": "state_preferences",
    "correct": false
  },
  {
    "id": "580_0_1",
    "text": "torch.Size([3, 768])",
    "true_label": "SchedulingAppt",
    "true_codebook": "Scheduling_appt",
    "pred_label": "carecoordination",
    "pred_codebook": "Care_Coordination",
    "correct": false
  },
  {
    "id": "198_1_0",
    "text": "torch.Size([2, 768])",
    "true_label": "Symptoms",
    "true_codebook": "Symptoms",
    "pred_label": "Diagnostics",
    "pred_codebook": "Diagnostics",
    "correct": false
  },
  {
    "id": "297_1_0",
    "text": "torch.Size([2, 768])",
    "true_label": "ExploreOptions",
    "true_codebook": "Explore_options",
    "pred_label": "SchedulingAppt",
    "pred_codebook": "Scheduling_appt",
    "correct": false
  },
  {
    "id": "323_0_1",
    "text": "torch.Size([3, 768])",
    "true_label": "Drugs",
    "true_codebook": "Drugs",
    "pred_label": "Generalinformation",
    "pred_codebook": "General_information",
    "correct": false
  },
  {
    "id": "278_1_0",
    "text": "torch.Size([3, 768])",
    "true_label": "Reassurance",
    "true_codebook": "Reassurance",
    "pred_label": "carecoordination",
    "pred_codebook": "Care_Coordination",
    "correct": false
  },
  {
    "id": "160_1_0",
    "text": "torch.Size([4, 768])",
    "true_label": "Generalinformation",
    "true_codebook": "General_information",
    "pred_label": "Diagnostics",
    "pred_codebook": "Diagnostics",
    "correct": false
  },
  {
    "id": "176_0_1",
    "text": "torch.Size([2, 768])",
    "true_label": "connection",
    "true_codebook": "Connection",
    "pred_label": "Symptoms",
    "pred_codebook": "Symptoms",
    "correct": false
  },
  {
    "id": "126_2_0",
    "text": "torch.Size([4, 768])",
    "true_label": "ExpressConcern/unease",
    "true_codebook": "Express_concern/unease",
    "pred_label": "activeParticipation/involvement",
    "pred_codebook": "active_participation_/involvement",
    "correct": false
  },
  {
    "id": "245_1_0",
    "text": "torch.Size([4, 768])",
    "true_label": "activeParticipation/involvement",
    "true_codebook": "active_participation_/involvement",
    "pred_label": "SchedulingAppt",
    "pred_codebook": "Scheduling_appt",
    "correct": false
  },
  {
    "id": "216_1_0",
    "text": "torch.Size([1, 768])",
    "true_label": "Instruction",
    "true_codebook": "instruction",
    "pred_label": "SchedulingAppt",
    "pred_codebook": "Scheduling_appt",
    "correct": false
  },
  {
    "id": "108_0_0",
    "text": "torch.Size([2, 768])",
    "true_label": "connection",
    "true_codebook": "Connection",
    "pred_label": "Drugs",
    "pred_codebook": "Drugs",
    "correct": false
  },
  {
    "id": "680_0_0",
    "text": "torch.Size([4, 768])",
    "true_label": "SchedulingAppt",
    "true_codebook": "Scheduling_appt",
    "pred_label": "maintainCommunication",
    "pred_codebook": "Maintain_communication",
    "correct": false
  },
  {
    "id": "602_0_1",
    "text": "torch.Size([4, 768])",
    "true_label": "connection",
    "true_codebook": "Connection",
    "pred_label": "Drugs",
    "pred_codebook": "Drugs",
    "correct": false
  },
  {
    "id": "250_3_2",
    "text": "torch.Size([3, 768])",
    "true_label": "expressOpinions",
    "true_codebook": "express_opinions",
    "pred_label": "Generalinformation",
    "pred_codebook": "General_information",
    "correct": false
  },
  {
    "id": "287_0_0",
    "text": "torch.Size([2, 768])",
    "true_label": "Drugs",
    "true_codebook": "Drugs",
    "pred_label": "MakeDecision",
    "pred_codebook": "Making_decision_together",
    "correct": false
  },
  {
    "id": "334_0_1",
    "text": "torch.Size([2, 768])",
    "true_label": "Diagnostics",
    "true_codebook": "Diagnostics",
    "pred_label": "SummarizeConfirmUnderstanding",
    "pred_codebook": "Summarize_and_confirm_understanding",
    "correct": false
  },
  {
    "id": "651_0_1",
    "text": "torch.Size([2, 768])",
    "true_label": "activeParticipation/involvement",
    "true_codebook": "active_participation_/involvement",
    "pred_label": "checkingUnderstanding/clarification",
    "pred_codebook": "checking_understanding/clarification",
    "correct": false
  },
  {
    "id": "27_1_0",
    "text": "torch.Size([2, 768])",
    "true_label": "connection",
    "true_codebook": "Connection",
    "pred_label": "Reassurance",
    "pred_codebook": "Reassurance",
    "correct": false
  },
  {
    "id": "21_4_0",
    "text": "torch.Size([2, 768])",
    "true_label": "Generalinformation",
    "true_codebook": "General_information",
    "pred_label": "carecoordination",
    "pred_codebook": "Care_Coordination",
    "correct": false
  },
  {
    "id": "713_0_2",
    "text": "torch.Size([3, 768])",
    "true_label": "carecoordination",
    "true_codebook": "Care_Coordination",
    "pred_label": "Drugs",
    "pred_codebook": "Drugs",
    "correct": false
  },
  {
    "id": "273_0_2",
    "text": "torch.Size([2, 768])",
    "true_label": "expressOpinions",
    "true_codebook": "express_opinions",
    "pred_label": "Drugs",
    "pred_codebook": "Drugs",
    "correct": false
  },
  {
    "id": "557_0_3",
    "text": "torch.Size([2, 768])",
    "true_label": "Appreciation/Gratitude",
    "true_codebook": "Appreciation/gratitude",
    "pred_label": "carecoordination",
    "pred_codebook": "Care_Coordination",
    "correct": false
  },
  {
    "id": "187_1_0",
    "text": "torch.Size([3, 768])",
    "true_label": "activeParticipation/involvement",
    "true_codebook": "active_participation_/involvement",
    "pred_label": "Symptoms",
    "pred_codebook": "Symptoms",
    "correct": false
  },
  {
    "id": "88_0_0",
    "text": "torch.Size([5, 768])",
    "true_label": "SeekingApproval",
    "true_codebook": "Seeking_Approval",
    "pred_label": "ExploreOptions",
    "pred_codebook": "Explore_options",
    "correct": false
  },
  {
    "id": "470_3_0",
    "text": "torch.Size([1, 768])",
    "true_label": "signoff",
    "true_codebook": "signoff",
    "pred_label": "Drugs",
    "pred_codebook": "Drugs",
    "correct": false
  },
  {
    "id": "346_0_0",
    "text": "torch.Size([5, 768])",
    "true_label": "Diagnostics",
    "true_codebook": "Diagnostics",
    "pred_label": "Drugs",
    "pred_codebook": "Drugs",
    "correct": false
  },
  {
    "id": "718_0_1",
    "text": "torch.Size([6, 768])",
    "true_label": "SchedulingAppt",
    "true_codebook": "Scheduling_appt",
    "pred_label": "Drugs",
    "pred_codebook": "Drugs",
    "correct": false
  },
  {
    "id": "696_2_0",
    "text": "torch.Size([1, 768])",
    "true_label": "connection",
    "true_codebook": "Connection",
    "pred_label": "carecoordination",
    "pred_codebook": "Care_Coordination",
    "correct": false
  },
  {
    "id": "153_0_0",
    "text": "torch.Size([2, 768])",
    "true_label": "Drugs",
    "true_codebook": "Drugs",
    "pred_label": "ExpressConcern/unease",
    "pred_codebook": "Express_concern/unease",
    "correct": false
  },
  {
    "id": "591_0_0",
    "text": "torch.Size([2, 768])",
    "true_label": "inviteCollaboration",
    "true_codebook": "invite_collaboration",
    "pred_label": "Instruction",
    "pred_codebook": "instruction",
    "correct": false
  },
  {
    "id": "522_0_0",
    "text": "torch.Size([2, 768])",
    "true_label": "Symptoms",
    "true_codebook": "Symptoms",
    "pred_label": "Drugs",
    "pred_codebook": "Drugs",
    "correct": false
  },
  {
    "id": "457_2_0",
    "text": "torch.Size([1, 768])",
    "true_label": "activeParticipation/involvement",
    "true_codebook": "active_participation_/involvement",
    "pred_label": "SchedulingAppt",
    "pred_codebook": "Scheduling_appt",
    "correct": false
  },
  {
    "id": "559_1_0",
    "text": "torch.Size([3, 768])",
    "true_label": "carecoordination",
    "true_codebook": "Care_Coordination",
    "pred_label": "Generalinformation",
    "pred_codebook": "General_information",
    "correct": false
  },
  {
    "id": "315_3_0",
    "text": "torch.Size([2, 768])",
    "true_label": "Diagnostics",
    "true_codebook": "Diagnostics",
    "pred_label": "Generalinformation",
    "pred_codebook": "General_information",
    "correct": false
  },
  {
    "id": "627_0_0",
    "text": "torch.Size([4, 768])",
    "true_label": "MakeDecision",
    "true_codebook": "Making_decision_together",
    "pred_label": "Diagnostics",
    "pred_codebook": "Diagnostics",
    "correct": false
  },
  {
    "id": "497_0_1",
    "text": "torch.Size([3, 768])",
    "true_label": "carecoordination",
    "true_codebook": "Care_Coordination",
    "pred_label": "Generalinformation",
    "pred_codebook": "General_information",
    "correct": false
  },
  {
    "id": "684_0_1",
    "text": "torch.Size([3, 768])",
    "true_label": "expressOpinions",
    "true_codebook": "express_opinions",
    "pred_label": "Generalinformation",
    "pred_codebook": "General_information",
    "correct": false
  },
  {
    "id": "75_2_2",
    "text": "torch.Size([3, 768])",
    "true_label": "signoff",
    "true_codebook": "signoff",
    "pred_label": "connection",
    "pred_codebook": "Connection",
    "correct": false
  },
  {
    "id": "77_0_0",
    "text": "torch.Size([2, 768])",
    "true_label": "signoff",
    "true_codebook": "signoff",
    "pred_label": "connection",
    "pred_codebook": "Connection",
    "correct": false
  },
  {
    "id": "455_5_1",
    "text": "torch.Size([2, 768])",
    "true_label": "statePreferences",
    "true_codebook": "state_preferences",
    "pred_label": "SeekingApproval",
    "pred_codebook": "Seeking_Approval",
    "correct": false
  },
  {
    "id": "363_1_3",
    "text": "torch.Size([2, 768])",
    "true_label": "carecoordination",
    "true_codebook": "Care_Coordination",
    "pred_label": "Diagnostics",
    "pred_codebook": "Diagnostics",
    "correct": false
  },
  {
    "id": "499_1_0",
    "text": "torch.Size([2, 768])",
    "true_label": "Symptoms",
    "true_codebook": "Symptoms",
    "pred_label": "expressOpinions",
    "pred_codebook": "express_opinions",
    "correct": false
  },
  {
    "id": "535_0_0",
    "text": "torch.Size([6, 768])",
    "true_label": "Drugs",
    "true_codebook": "Drugs",
    "pred_label": "Instruction",
    "pred_codebook": "instruction",
    "correct": false
  },
  {
    "id": "126_4_3",
    "text": "torch.Size([3, 768])",
    "true_label": "Drugs",
    "true_codebook": "Drugs",
    "pred_label": "Generalinformation",
    "pred_codebook": "General_information",
    "correct": false
  },
  {
    "id": "150_0_2",
    "text": "torch.Size([3, 768])",
    "true_label": "build trust",
    "true_codebook": "build_trust",
    "pred_label": "carecoordination",
    "pred_codebook": "Care_Coordination",
    "correct": false
  },
  {
    "id": "558_0_1",
    "text": "torch.Size([3, 768])",
    "true_label": "SchedulingAppt",
    "true_codebook": "Scheduling_appt",
    "pred_label": "activeParticipation/involvement",
    "pred_codebook": "active_participation_/involvement",
    "correct": false
  },
  {
    "id": "230_1_1",
    "text": "torch.Size([4, 768])",
    "true_label": "activeParticipation/involvement",
    "true_codebook": "active_participation_/involvement",
    "pred_label": "Instruction",
    "pred_codebook": "instruction",
    "correct": false
  },
  {
    "id": "263_0_7",
    "text": "torch.Size([1, 768])",
    "true_label": "Instruction",
    "true_codebook": "instruction",
    "pred_label": "SchedulingAppt",
    "pred_codebook": "Scheduling_appt",
    "correct": false
  },
  {
    "id": "445_0_0",
    "text": "torch.Size([2, 768])",
    "true_label": "Drugs",
    "true_codebook": "Drugs",
    "pred_label": "ShareOptions",
    "pred_codebook": "Share_options",
    "correct": false
  },
  {
    "id": "537_0_0",
    "text": "torch.Size([3, 768])",
    "true_label": "HealthCareAccessAndQuality",
    "true_codebook": "Health_care_access_and_quality",
    "pred_label": "SchedulingAppt",
    "pred_codebook": "Scheduling_appt",
    "correct": false
  },
  {
    "id": "602_1_0",
    "text": "torch.Size([4, 768])",
    "true_label": "inviteCollaboration",
    "true_codebook": "invite_collaboration",
    "pred_label": "activeParticipation/involvement",
    "pred_codebook": "active_participation_/involvement",
    "correct": false
  },
  {
    "id": "141_1_0",
    "text": "torch.Size([2, 768])",
    "true_label": "Generalinformation",
    "true_codebook": "General_information",
    "pred_label": "Symptoms",
    "pred_codebook": "Symptoms",
    "correct": false
  },
  {
    "id": "486_0_0",
    "text": "torch.Size([6, 768])",
    "true_label": "statePreferences",
    "true_codebook": "state_preferences",
    "pred_label": "SchedulingAppt",
    "pred_codebook": "Scheduling_appt",
    "correct": false
  },
  {
    "id": "633_0_1",
    "text": "torch.Size([4, 768])",
    "true_label": "Generalinformation",
    "true_codebook": "General_information",
    "pred_label": "Diagnostics",
    "pred_codebook": "Diagnostics",
    "correct": false
  },
  {
    "id": "611_1_0",
    "text": "torch.Size([2, 768])",
    "true_label": "statePreferences",
    "true_codebook": "state_preferences",
    "pred_label": "Generalinformation",
    "pred_codebook": "General_information",
    "correct": false
  },
  {
    "id": "642_4_0",
    "text": "torch.Size([5, 768])",
    "true_label": "expressOpinions",
    "true_codebook": "express_opinions",
    "pred_label": "Symptoms",
    "pred_codebook": "Symptoms",
    "correct": false
  },
  {
    "id": "266_0_2",
    "text": "torch.Size([2, 768])",
    "true_label": "statePreferences",
    "true_codebook": "state_preferences",
    "pred_label": "Diagnostics",
    "pred_codebook": "Diagnostics",
    "correct": false
  },
  {
    "id": "704_1_0",
    "text": "torch.Size([3, 768])",
    "true_label": "Generalinformation",
    "true_codebook": "General_information",
    "pred_label": "carecoordination",
    "pred_codebook": "Care_Coordination",
    "correct": false
  },
  {
    "id": "610_1_0",
    "text": "torch.Size([3, 768])",
    "true_label": "SchedulingAppt",
    "true_codebook": "Scheduling_appt",
    "pred_label": "connection",
    "pred_codebook": "Connection",
    "correct": false
  },
  {
    "id": "455_7_1",
    "text": "torch.Size([2, 768])",
    "true_label": "Generalinformation",
    "true_codebook": "General_information",
    "pred_label": "HealthCareAccessAndQuality",
    "pred_codebook": "Health_care_access_and_quality",
    "correct": false
  },
  {
    "id": "563_0_4",
    "text": "torch.Size([2, 768])",
    "true_label": "maintainCommunication",
    "true_codebook": "Maintain_communication",
    "pred_label": "activeParticipation/involvement",
    "pred_codebook": "active_participation_/involvement",
    "correct": false
  },
  {
    "id": "280_2_2",
    "text": "torch.Size([2, 768])",
    "true_label": "EconomicStability",
    "true_codebook": "Economic_stability",
    "pred_label": "SchedulingAppt",
    "pred_codebook": "Scheduling_appt",
    "correct": false
  },
  {
    "id": "482_2_0",
    "text": "torch.Size([3, 768])",
    "true_label": "Drugs",
    "true_codebook": "Drugs",
    "pred_label": "connection",
    "pred_codebook": "Connection",
    "correct": false
  },
  {
    "id": "177_0_0",
    "text": "torch.Size([3, 768])",
    "true_label": "Alignment",
    "true_codebook": "Alignment",
    "pred_label": "PositiveRemarks",
    "pred_codebook": "Positive_Remarks/Reward",
    "correct": false
  },
  {
    "id": "465_1_0",
    "text": "torch.Size([4, 768])",
    "true_label": "maintainCommunication",
    "true_codebook": "Maintain_communication",
    "pred_label": "Instruction",
    "pred_codebook": "instruction",
    "correct": false
  },
  {
    "id": "345_5_0",
    "text": "torch.Size([2, 768])",
    "true_label": "activeParticipation/involvement",
    "true_codebook": "active_participation_/involvement",
    "pred_label": "Symptoms",
    "pred_codebook": "Symptoms",
    "correct": false
  },
  {
    "id": "280_3_0",
    "text": "torch.Size([2, 768])",
    "true_label": "EconomicStability",
    "true_codebook": "Economic_stability",
    "pred_label": "Generalinformation",
    "pred_codebook": "General_information",
    "correct": false
  },
  {
    "id": "136_0_0",
    "text": "torch.Size([4, 768])",
    "true_label": "carecoordination",
    "true_codebook": "Care_Coordination",
    "pred_label": "EconomicStability",
    "pred_codebook": "Economic_stability",
    "correct": false
  },
  {
    "id": "136_1_0",
    "text": "torch.Size([2, 768])",
    "true_label": "carecoordination",
    "true_codebook": "Care_Coordination",
    "pred_label": "Generalinformation",
    "pred_codebook": "General_information",
    "correct": false
  },
  {
    "id": "347_0_1",
    "text": "torch.Size([3, 768])",
    "true_label": "maintainCommunication",
    "true_codebook": "Maintain_communication",
    "pred_label": "carecoordination",
    "pred_codebook": "Care_Coordination",
    "correct": false
  },
  {
    "id": "298_1_1",
    "text": "torch.Size([4, 768])",
    "true_label": "MakeDecision",
    "true_codebook": "Making_decision_together",
    "pred_label": "Generalinformation",
    "pred_codebook": "General_information",
    "correct": false
  },
  {
    "id": "716_1_1",
    "text": "torch.Size([3, 768])",
    "true_label": "activeParticipation/involvement",
    "true_codebook": "active_participation_/involvement",
    "pred_label": "Generalinformation",
    "pred_codebook": "General_information",
    "correct": false
  },
  {
    "id": "447_0_0",
    "text": "torch.Size([4, 768])",
    "true_label": "connection",
    "true_codebook": "Connection",
    "pred_label": "Generalinformation",
    "pred_codebook": "General_information",
    "correct": false
  },
  {
    "id": "173_0_1",
    "text": "torch.Size([3, 768])",
    "true_label": "carecoordination",
    "true_codebook": "Care_Coordination",
    "pred_label": "activeParticipation/involvement",
    "pred_codebook": "active_participation_/involvement",
    "correct": false
  },
  {
    "id": "363_2_2",
    "text": "torch.Size([2, 768])",
    "true_label": "Symptoms",
    "true_codebook": "Symptoms",
    "pred_label": "activeParticipation/involvement",
    "pred_codebook": "active_participation_/involvement",
    "correct": false
  },
  {
    "id": "360_0_2",
    "text": "torch.Size([3, 768])",
    "true_label": "Instruction",
    "true_codebook": "instruction",
    "pred_label": "activeParticipation/involvement",
    "pred_codebook": "active_participation_/involvement",
    "correct": false
  },
  {
    "id": "324_1_0",
    "text": "torch.Size([3, 768])",
    "true_label": "activeParticipation/involvement",
    "true_codebook": "active_participation_/involvement",
    "pred_label": "HealthCareAccessAndQuality",
    "pred_codebook": "Health_care_access_and_quality",
    "correct": false
  },
  {
    "id": "255_1_0",
    "text": "torch.Size([3, 768])",
    "true_label": "Sadness/fear",
    "true_codebook": "Sadness/fear",
    "pred_label": "SchedulingAppt",
    "pred_codebook": "Scheduling_appt",
    "correct": false
  },
  {
    "id": "558_1_0",
    "text": "torch.Size([2, 768])",
    "true_label": "carecoordination",
    "true_codebook": "Care_Coordination",
    "pred_label": "Symptoms",
    "pred_codebook": "Symptoms",
    "correct": false
  },
  {
    "id": "630_3_0",
    "text": "torch.Size([4, 768])",
    "true_label": "Diagnostics",
    "true_codebook": "Diagnostics",
    "pred_label": "activeParticipation/involvement",
    "pred_codebook": "active_participation_/involvement",
    "correct": false
  },
  {
    "id": "295_0_0",
    "text": "torch.Size([3, 768])",
    "true_label": "ExploreOptions",
    "true_codebook": "Explore_options",
    "pred_label": "activeParticipation/involvement",
    "pred_codebook": "active_participation_/involvement",
    "correct": false
  },
  {
    "id": "309_1_0",
    "text": "torch.Size([6, 768])",
    "true_label": "Symptoms",
    "true_codebook": "Symptoms",
    "pred_label": "AcknowledgeError",
    "pred_codebook": "Acknowledge_Error",
    "correct": false
  },
  {
    "id": "305_0_1",
    "text": "torch.Size([1, 768])",
    "true_label": "Diagnostics",
    "true_codebook": "Diagnostics",
    "pred_label": "carecoordination",
    "pred_codebook": "Care_Coordination",
    "correct": false
  },
  {
    "id": "127_3_0",
    "text": "torch.Size([1, 768])",
    "true_label": "Generalinformation",
    "true_codebook": "General_information",
    "pred_label": "Symptoms",
    "pred_codebook": "Symptoms",
    "correct": false
  },
  {
    "id": "348_0_0",
    "text": "torch.Size([3, 768])",
    "true_label": "Diagnostics",
    "true_codebook": "Diagnostics",
    "pred_label": "Generalinformation",
    "pred_codebook": "General_information",
    "correct": false
  },
  {
    "id": "84_1_0",
    "text": "torch.Size([3, 768])",
    "true_label": "carecoordination",
    "true_codebook": "Care_Coordination",
    "pred_label": "Generalinformation",
    "pred_codebook": "General_information",
    "correct": false
  },
  {
    "id": "105_0_2",
    "text": "torch.Size([4, 768])",
    "true_label": "ShareOptions",
    "true_codebook": "Share_options",
    "pred_label": "ExploreOptions",
    "pred_codebook": "Explore_options",
    "correct": false
  },
  {
    "id": "240_4_0",
    "text": "torch.Size([2, 768])",
    "true_label": "carecoordination",
    "true_codebook": "Care_Coordination",
    "pred_label": "Generalinformation",
    "pred_codebook": "General_information",
    "correct": false
  },
  {
    "id": "197_3_0",
    "text": "torch.Size([2, 768])",
    "true_label": "Instruction",
    "true_codebook": "instruction",
    "pred_label": "carecoordination",
    "pred_codebook": "Care_Coordination",
    "correct": false
  },
  {
    "id": "712_2_0",
    "text": "torch.Size([6, 768])",
    "true_label": "maintainCommunication",
    "true_codebook": "Maintain_communication",
    "pred_label": "Instruction",
    "pred_codebook": "instruction",
    "correct": false
  },
  {
    "id": "502_0_0",
    "text": "torch.Size([3, 768])",
    "true_label": "Symptoms",
    "true_codebook": "Symptoms",
    "pred_label": "Generalinformation",
    "pred_codebook": "General_information",
    "correct": false
  },
  {
    "id": "620_1_0",
    "text": "torch.Size([2, 768])",
    "true_label": "NeighborhoodAndBuiltEnvironment",
    "true_codebook": "Neighborhood_and_built_environment",
    "pred_label": "Drugs",
    "pred_codebook": "Drugs",
    "correct": false
  },
  {
    "id": "565_2_0",
    "text": "torch.Size([3, 768])",
    "true_label": "activeParticipation/involvement",
    "true_codebook": "active_participation_/involvement",
    "pred_label": "Drugs",
    "pred_codebook": "Drugs",
    "correct": false
  },
  {
    "id": "6_2_1",
    "text": "torch.Size([3, 768])",
    "true_label": "Generalinformation",
    "true_codebook": "General_information",
    "pred_label": "carecoordination",
    "pred_codebook": "Care_Coordination",
    "correct": false
  },
  {
    "id": "66_3_0",
    "text": "torch.Size([3, 768])",
    "true_label": "SchedulingAppt",
    "true_codebook": "Scheduling_appt",
    "pred_label": "Instruction",
    "pred_codebook": "instruction",
    "correct": false
  },
  {
    "id": "147_1_0",
    "text": "torch.Size([3, 768])",
    "true_label": "Drugs",
    "true_codebook": "Drugs",
    "pred_label": "SchedulingAppt",
    "pred_codebook": "Scheduling_appt",
    "correct": false
  },
  {
    "id": "429_1_0",
    "text": "torch.Size([6, 768])",
    "true_label": "SchedulingAppt",
    "true_codebook": "Scheduling_appt",
    "pred_label": "Diagnostics",
    "pred_codebook": "Diagnostics",
    "correct": false
  },
  {
    "id": "89_0_1",
    "text": "torch.Size([2, 768])",
    "true_label": "carecoordination",
    "true_codebook": "Care_Coordination",
    "pred_label": "Instruction",
    "pred_codebook": "instruction",
    "correct": false
  },
  {
    "id": "224_3_1",
    "text": "torch.Size([4, 768])",
    "true_label": "Appreciation/Gratitude",
    "true_codebook": "Appreciation/gratitude",
    "pred_label": "Diagnostics",
    "pred_codebook": "Diagnostics",
    "correct": false
  },
  {
    "id": "38_5_2",
    "text": "torch.Size([3, 768])",
    "true_label": "Diagnostics",
    "true_codebook": "Diagnostics",
    "pred_label": "activeParticipation/involvement",
    "pred_codebook": "active_participation_/involvement",
    "correct": false
  },
  {
    "id": "141_4_0",
    "text": "torch.Size([3, 768])",
    "true_label": "Symptoms",
    "true_codebook": "Symptoms",
    "pred_label": "Drugs",
    "pred_codebook": "Drugs",
    "correct": false
  },
  {
    "id": "322_1_0",
    "text": "torch.Size([4, 768])",
    "true_label": "Diagnostics",
    "true_codebook": "Diagnostics",
    "pred_label": "Drugs",
    "pred_codebook": "Drugs",
    "correct": false
  },
  {
    "id": "651_1_0",
    "text": "torch.Size([3, 768])",
    "true_label": "statePreferences",
    "true_codebook": "state_preferences",
    "pred_label": "Instruction",
    "pred_codebook": "instruction",
    "correct": false
  },
  {
    "id": "601_0_0",
    "text": "torch.Size([3, 768])",
    "true_label": "Generalinformation",
    "true_codebook": "General_information",
    "pred_label": "statePreferences",
    "pred_codebook": "state_preferences",
    "correct": false
  },
  {
    "id": "193_0_2",
    "text": "torch.Size([3, 768])",
    "true_label": "HealthCareAccessAndQuality",
    "true_codebook": "Health_care_access_and_quality",
    "pred_label": "Diagnostics",
    "pred_codebook": "Diagnostics",
    "correct": false
  },
  {
    "id": "714_0_1",
    "text": "torch.Size([3, 768])",
    "true_label": "Drugs",
    "true_codebook": "Drugs",
    "pred_label": "Generalinformation",
    "pred_codebook": "General_information",
    "correct": false
  },
  {
    "id": "6_2_2",
    "text": "torch.Size([2, 768])",
    "true_label": "Generalinformation",
    "true_codebook": "General_information",
    "pred_label": "activeParticipation/involvement",
    "pred_codebook": "active_participation_/involvement",
    "correct": false
  },
  {
    "id": "403_0_1",
    "text": "torch.Size([1, 768])",
    "true_label": "statePreferences",
    "true_codebook": "state_preferences",
    "pred_label": "activeParticipation/involvement",
    "pred_codebook": "active_participation_/involvement",
    "correct": false
  },
  {
    "id": "687_0_2",
    "text": "torch.Size([3, 768])",
    "true_label": "Appreciation/Gratitude",
    "true_codebook": "Appreciation/gratitude",
    "pred_label": "Symptoms",
    "pred_codebook": "Symptoms",
    "correct": false
  },
  {
    "id": "118_2_0",
    "text": "torch.Size([3, 768])",
    "true_label": "Symptoms",
    "true_codebook": "Symptoms",
    "pred_label": "Drugs",
    "pred_codebook": "Drugs",
    "correct": false
  },
  {
    "id": "143_1_2",
    "text": "torch.Size([2, 768])",
    "true_label": "Diagnostics",
    "true_codebook": "Diagnostics",
    "pred_label": "Generalinformation",
    "pred_codebook": "General_information",
    "correct": false
  },
  {
    "id": "412_1_0",
    "text": "torch.Size([2, 768])",
    "true_label": "HealthCareAccessAndQuality",
    "true_codebook": "Health_care_access_and_quality",
    "pred_label": "expressOpinions",
    "pred_codebook": "express_opinions",
    "correct": false
  },
  {
    "id": "146_0_1",
    "text": "torch.Size([3, 768])",
    "true_label": "HealthCareAccessAndQuality",
    "true_codebook": "Health_care_access_and_quality",
    "pred_label": "Generalinformation",
    "pred_codebook": "General_information",
    "correct": false
  },
  {
    "id": "142_0_2",
    "text": "torch.Size([4, 768])",
    "true_label": "activeParticipation/involvement",
    "true_codebook": "active_participation_/involvement",
    "pred_label": "Drugs",
    "pred_codebook": "Drugs",
    "correct": false
  },
  {
    "id": "93_3_0",
    "text": "torch.Size([4, 768])",
    "true_label": "Symptoms",
    "true_codebook": "Symptoms",
    "pred_label": "Diagnostics",
    "pred_codebook": "Diagnostics",
    "correct": false
  },
  {
    "id": "37_3_2",
    "text": "torch.Size([3, 768])",
    "true_label": "Diagnostics",
    "true_codebook": "Diagnostics",
    "pred_label": "activeParticipation/involvement",
    "pred_codebook": "active_participation_/involvement",
    "correct": false
  },
  {
    "id": "339_0_0",
    "text": "torch.Size([2, 768])",
    "true_label": "Diagnostics",
    "true_codebook": "Diagnostics",
    "pred_label": "carecoordination",
    "pred_codebook": "Care_Coordination",
    "correct": false
  },
  {
    "id": "284_1_1",
    "text": "torch.Size([3, 768])",
    "true_label": "activeParticipation/involvement",
    "true_codebook": "active_participation_/involvement",
    "pred_label": "SchedulingAppt",
    "pred_codebook": "Scheduling_appt",
    "correct": false
  },
  {
    "id": "141_2_1",
    "text": "torch.Size([3, 768])",
    "true_label": "Drugs",
    "true_codebook": "Drugs",
    "pred_label": "Alignment",
    "pred_codebook": "Alignment",
    "correct": false
  },
  {
    "id": "15_0_1",
    "text": "torch.Size([4, 768])",
    "true_label": "SchedulingAppt",
    "true_codebook": "Scheduling_appt",
    "pred_label": "Generalinformation",
    "pred_codebook": "General_information",
    "correct": false
  },
  {
    "id": "691_0_0",
    "text": "torch.Size([2, 768])",
    "true_label": "Alignment",
    "true_codebook": "Alignment",
    "pred_label": "Diagnostics",
    "pred_codebook": "Diagnostics",
    "correct": false
  },
  {
    "id": "97_0_3",
    "text": "torch.Size([1, 768])",
    "true_label": "carecoordination",
    "true_codebook": "Care_Coordination",
    "pred_label": "NeighborhoodAndBuiltEnvironment",
    "pred_codebook": "Neighborhood_and_built_environment",
    "correct": false
  },
  {
    "id": "221_2_1",
    "text": "torch.Size([3, 768])",
    "true_label": "activeParticipation/involvement",
    "true_codebook": "active_participation_/involvement",
    "pred_label": "Diagnostics",
    "pred_codebook": "Diagnostics",
    "correct": false
  },
  {
    "id": "59_2_0",
    "text": "torch.Size([4, 768])",
    "true_label": "HealthCareAccessAndQuality",
    "true_codebook": "Health_care_access_and_quality",
    "pred_label": "Instruction",
    "pred_codebook": "instruction",
    "correct": false
  },
  {
    "id": "692_0_0",
    "text": "torch.Size([4, 768])",
    "true_label": "HealthCareAccessAndQuality",
    "true_codebook": "Health_care_access_and_quality",
    "pred_label": "activeParticipation/involvement",
    "pred_codebook": "active_participation_/involvement",
    "correct": false
  },
  {
    "id": "716_4_0",
    "text": "torch.Size([3, 768])",
    "true_label": "HealthCareAccessAndQuality",
    "true_codebook": "Health_care_access_and_quality",
    "pred_label": "expressOpinions",
    "pred_codebook": "express_opinions",
    "correct": false
  },
  {
    "id": "546_0_0",
    "text": "torch.Size([3, 768])",
    "true_label": "Drugs",
    "true_codebook": "Drugs",
    "pred_label": "carecoordination",
    "pred_codebook": "Care_Coordination",
    "correct": false
  },
  {
    "id": "315_5_0",
    "text": "torch.Size([2, 768])",
    "true_label": "SchedulingAppt",
    "true_codebook": "Scheduling_appt",
    "pred_label": "Drugs",
    "pred_codebook": "Drugs",
    "correct": false
  },
  {
    "id": "546_3_0",
    "text": "torch.Size([2, 768])",
    "true_label": "carecoordination",
    "true_codebook": "Care_Coordination",
    "pred_label": "Generalinformation",
    "pred_codebook": "General_information",
    "correct": false
  },
  {
    "id": "267_1_0",
    "text": "torch.Size([4, 768])",
    "true_label": "activeParticipation/involvement",
    "true_codebook": "active_participation_/involvement",
    "pred_label": "HealthCareAccessAndQuality",
    "pred_codebook": "Health_care_access_and_quality",
    "correct": false
  },
  {
    "id": "120_0_0",
    "text": "torch.Size([5, 768])",
    "true_label": "Diagnostics",
    "true_codebook": "Diagnostics",
    "pred_label": "carecoordination",
    "pred_codebook": "Care_Coordination",
    "correct": false
  },
  {
    "id": "630_2_0",
    "text": "torch.Size([3, 768])",
    "true_label": "Diagnostics",
    "true_codebook": "Diagnostics",
    "pred_label": "HealthCareAccessAndQuality",
    "pred_codebook": "Health_care_access_and_quality",
    "correct": false
  },
  {
    "id": "227_1_0",
    "text": "torch.Size([4, 768])",
    "true_label": "Drugs",
    "true_codebook": "Drugs",
    "pred_label": "activeParticipation/involvement",
    "pred_codebook": "active_participation_/involvement",
    "correct": false
  },
  {
    "id": "441_0_0",
    "text": "torch.Size([2, 768])",
    "true_label": "SchedulingAppt",
    "true_codebook": "Scheduling_appt",
    "pred_label": "activeParticipation/involvement",
    "pred_codebook": "active_participation_/involvement",
    "correct": false
  },
  {
    "id": "584_1_2",
    "text": "torch.Size([3, 768])",
    "true_label": "activeParticipation/involvement",
    "true_codebook": "active_participation_/involvement",
    "pred_label": "Generalinformation",
    "pred_codebook": "General_information",
    "correct": false
  },
  {
    "id": "655_2_0",
    "text": "torch.Size([3, 768])",
    "true_label": "statePreferences",
    "true_codebook": "state_preferences",
    "pred_label": "carecoordination",
    "pred_codebook": "Care_Coordination",
    "correct": false
  },
  {
    "id": "92_2_1",
    "text": "torch.Size([2, 768])",
    "true_label": "Diagnostics",
    "true_codebook": "Diagnostics",
    "pred_label": "HealthCareAccessAndQuality",
    "pred_codebook": "Health_care_access_and_quality",
    "correct": false
  },
  {
    "id": "689_2_0",
    "text": "torch.Size([3, 768])",
    "true_label": "AcknowledgeError",
    "true_codebook": "Acknowledge_Error",
    "pred_label": "ExpressConcern/unease",
    "pred_codebook": "Express_concern/unease",
    "correct": false
  },
  {
    "id": "661_0_2",
    "text": "torch.Size([2, 768])",
    "true_label": "connection",
    "true_codebook": "Connection",
    "pred_label": "signoff",
    "pred_codebook": "signoff",
    "correct": false
  },
  {
    "id": "172_0_1",
    "text": "torch.Size([2, 768])",
    "true_label": "ApprovalofDecision/Reinforcement",
    "true_codebook": "Approval/Reinforcement",
    "pred_label": "Drugs",
    "pred_codebook": "Drugs",
    "correct": false
  },
  {
    "id": "467_0_0",
    "text": "torch.Size([2, 768])",
    "true_label": "Symptoms",
    "true_codebook": "Symptoms",
    "pred_label": "Generalinformation",
    "pred_codebook": "General_information",
    "correct": false
  },
  {
    "id": "459_0_0",
    "text": "torch.Size([3, 768])",
    "true_label": "HealthCareAccessAndQuality",
    "true_codebook": "Health_care_access_and_quality",
    "pred_label": "activeParticipation/involvement",
    "pred_codebook": "active_participation_/involvement",
    "correct": false
  },
  {
    "id": "213_1_1",
    "text": "torch.Size([2, 768])",
    "true_label": "maintainCommunication",
    "true_codebook": "Maintain_communication",
    "pred_label": "activeParticipation/involvement",
    "pred_codebook": "active_participation_/involvement",
    "correct": false
  },
  {
    "id": "38_1_0",
    "text": "torch.Size([3, 768])",
    "true_label": "Alignment",
    "true_codebook": "Alignment",
    "pred_label": "Diagnostics",
    "pred_codebook": "Diagnostics",
    "correct": false
  },
  {
    "id": "524_7_0",
    "text": "torch.Size([3, 768])",
    "true_label": "activeParticipation/involvement",
    "true_codebook": "active_participation_/involvement",
    "pred_label": "Diagnostics",
    "pred_codebook": "Diagnostics",
    "correct": false
  },
  {
    "id": "106_4_0",
    "text": "torch.Size([4, 768])",
    "true_label": "Drugs",
    "true_codebook": "Drugs",
    "pred_label": "SchedulingAppt",
    "pred_codebook": "Scheduling_appt",
    "correct": false
  },
  {
    "id": "14_0_0",
    "text": "torch.Size([5, 768])",
    "true_label": "Diagnostics",
    "true_codebook": "Diagnostics",
    "pred_label": "Generalinformation",
    "pred_codebook": "General_information",
    "correct": false
  },
  {
    "id": "29_0_0",
    "text": "torch.Size([3, 768])",
    "true_label": "SummarizeConfirmUnderstanding",
    "true_codebook": "Summarize_and_confirm_understanding",
    "pred_label": "Symptoms",
    "pred_codebook": "Symptoms",
    "correct": false
  },
  {
    "id": "588_2_1",
    "text": "torch.Size([1, 768])",
    "true_label": "SeekingApproval",
    "true_codebook": "Seeking_Approval",
    "pred_label": "carecoordination",
    "pred_codebook": "Care_Coordination",
    "correct": false
  },
  {
    "id": "529_0_1",
    "text": "torch.Size([2, 768])",
    "true_label": "Symptoms",
    "true_codebook": "Symptoms",
    "pred_label": "Diagnostics",
    "pred_codebook": "Diagnostics",
    "correct": false
  },
  {
    "id": "75_0_1",
    "text": "torch.Size([3, 768])",
    "true_label": "EconomicStability",
    "true_codebook": "Economic_stability",
    "pred_label": "Generalinformation",
    "pred_codebook": "General_information",
    "correct": false
  },
  {
    "id": "21_1_1",
    "text": "torch.Size([3, 768])",
    "true_label": "Drugs",
    "true_codebook": "Drugs",
    "pred_label": "SeekingApproval",
    "pred_codebook": "Seeking_Approval",
    "correct": false
  },
  {
    "id": "656_0_8",
    "text": "torch.Size([2, 768])",
    "true_label": "SeekingApproval",
    "true_codebook": "Seeking_Approval",
    "pred_label": "Diagnostics",
    "pred_codebook": "Diagnostics",
    "correct": false
  },
  {
    "id": "111_6_0",
    "text": "torch.Size([4, 768])",
    "true_label": "Drugs",
    "true_codebook": "Drugs",
    "pred_label": "carecoordination",
    "pred_codebook": "Care_Coordination",
    "correct": false
  },
  {
    "id": "93_1_0",
    "text": "torch.Size([4, 768])",
    "true_label": "carecoordination",
    "true_codebook": "Care_Coordination",
    "pred_label": "Diagnostics",
    "pred_codebook": "Diagnostics",
    "correct": false
  },
  {
    "id": "245_3_0",
    "text": "torch.Size([2, 768])",
    "true_label": "ExploreOptions",
    "true_codebook": "Explore_options",
    "pred_label": "SchedulingAppt",
    "pred_codebook": "Scheduling_appt",
    "correct": false
  },
  {
    "id": "101_1_0",
    "text": "torch.Size([3, 768])",
    "true_label": "Symptoms",
    "true_codebook": "Symptoms",
    "pred_label": "Sadness/fear",
    "pred_codebook": "Sadness/fear",
    "correct": false
  },
  {
    "id": "99_1_0",
    "text": "torch.Size([1, 768])",
    "true_label": "carecoordination",
    "true_codebook": "Care_Coordination",
    "pred_label": "connection",
    "pred_codebook": "Connection",
    "correct": false
  },
  {
    "id": "222_4_0",
    "text": "torch.Size([2, 768])",
    "true_label": "Reassurance",
    "true_codebook": "Reassurance",
    "pred_label": "maintainCommunication",
    "pred_codebook": "Maintain_communication",
    "correct": false
  },
  {
    "id": "317_0_0",
    "text": "torch.Size([2, 768])",
    "true_label": "Drugs",
    "true_codebook": "Drugs",
    "pred_label": "connection",
    "pred_codebook": "Connection",
    "correct": false
  },
  {
    "id": "270_0_0",
    "text": "torch.Size([5, 768])",
    "true_label": "Drugs",
    "true_codebook": "Drugs",
    "pred_label": "expressOpinions",
    "pred_codebook": "express_opinions",
    "correct": false
  },
  {
    "id": "54_2_0",
    "text": "torch.Size([3, 768])",
    "true_label": "Generalinformation",
    "true_codebook": "General_information",
    "pred_label": "MakeDecision",
    "pred_codebook": "Making_decision_together",
    "correct": false
  },
  {
    "id": "110_1_0",
    "text": "torch.Size([4, 768])",
    "true_label": "connection",
    "true_codebook": "Connection",
    "pred_label": "Alignment",
    "pred_codebook": "Alignment",
    "correct": false
  },
  {
    "id": "178_1_1",
    "text": "torch.Size([2, 768])",
    "true_label": "connection",
    "true_codebook": "Connection",
    "pred_label": "Generalinformation",
    "pred_codebook": "General_information",
    "correct": false
  },
  {
    "id": "50_2_0",
    "text": "torch.Size([2, 768])",
    "true_label": "signoff",
    "true_codebook": "signoff",
    "pred_label": "connection",
    "pred_codebook": "Connection",
    "correct": false
  },
  {
    "id": "515_0_0",
    "text": "torch.Size([4, 768])",
    "true_label": "Generalinformation",
    "true_codebook": "General_information",
    "pred_label": "Symptoms",
    "pred_codebook": "Symptoms",
    "correct": false
  },
  {
    "id": "452_1_0",
    "text": "torch.Size([5, 768])",
    "true_label": "activeParticipation/involvement",
    "true_codebook": "active_participation_/involvement",
    "pred_label": "Generalinformation",
    "pred_codebook": "General_information",
    "correct": false
  },
  {
    "id": "229_4_2",
    "text": "torch.Size([3, 768])",
    "true_label": "ShareOptions",
    "true_codebook": "Share_options",
    "pred_label": "Generalinformation",
    "pred_codebook": "General_information",
    "correct": false
  },
  {
    "id": "343_2_0",
    "text": "torch.Size([2, 768])",
    "true_label": "Instruction",
    "true_codebook": "instruction",
    "pred_label": "Approval/Reinforcement",
    "pred_codebook": "Approval/Reinforcement",
    "correct": false
  },
  {
    "id": "455_1_0",
    "text": "torch.Size([3, 768])",
    "true_label": "carecoordination",
    "true_codebook": "Care_Coordination",
    "pred_label": "Generalinformation",
    "pred_codebook": "General_information",
    "correct": false
  },
  {
    "id": "332_0_0",
    "text": "torch.Size([3, 768])",
    "true_label": "Generalinformation",
    "true_codebook": "General_information",
    "pred_label": "expressOpinions",
    "pred_codebook": "express_opinions",
    "correct": false
  },
  {
    "id": "457_1_0",
    "text": "torch.Size([2, 768])",
    "true_label": "activeParticipation/involvement",
    "true_codebook": "active_participation_/involvement",
    "pred_label": "Instruction",
    "pred_codebook": "instruction",
    "correct": false
  },
  {
    "id": "663_2_0",
    "text": "torch.Size([3, 768])",
    "true_label": "ExpressConcern/unease",
    "true_codebook": "Express_concern/unease",
    "pred_label": "maintainCommunication",
    "pred_codebook": "Maintain_communication",
    "correct": false
  },
  {
    "id": "472_0_3",
    "text": "torch.Size([3, 768])",
    "true_label": "carecoordination",
    "true_codebook": "Care_Coordination",
    "pred_label": "Generalinformation",
    "pred_codebook": "General_information",
    "correct": false
  },
  {
    "id": "104_3_0",
    "text": "torch.Size([2, 768])",
    "true_label": "ExpressConcern/unease",
    "true_codebook": "Express_concern/unease",
    "pred_label": "Diagnostics",
    "pred_codebook": "Diagnostics",
    "correct": false
  },
  {
    "id": "126_1_0",
    "text": "torch.Size([2, 768])",
    "true_label": "Symptoms",
    "true_codebook": "Symptoms",
    "pred_label": "Drugs",
    "pred_codebook": "Drugs",
    "correct": false
  },
  {
    "id": "232_1_0",
    "text": "torch.Size([3, 768])",
    "true_label": "expressOpinions",
    "true_codebook": "express_opinions",
    "pred_label": "HealthCareAccessAndQuality",
    "pred_codebook": "Health_care_access_and_quality",
    "correct": false
  },
  {
    "id": "215_2_3",
    "text": "torch.Size([3, 768])",
    "true_label": "expressOpinions",
    "true_codebook": "express_opinions",
    "pred_label": "Symptoms",
    "pred_codebook": "Symptoms",
    "correct": false
  },
  {
    "id": "446_0_0",
    "text": "torch.Size([4, 768])",
    "true_label": "checkingUnderstanding/clarification",
    "true_codebook": "checking_understanding/clarification",
    "pred_label": "Drugs",
    "pred_codebook": "Drugs",
    "correct": false
  },
  {
    "id": "51_1_0",
    "text": "torch.Size([3, 768])",
    "true_label": "SeekingApproval",
    "true_codebook": "Seeking_Approval",
    "pred_label": "carecoordination",
    "pred_codebook": "Care_Coordination",
    "correct": false
  },
  {
    "id": "222_3_2",
    "text": "torch.Size([5, 768])",
    "true_label": "checkingUnderstanding/clarification",
    "true_codebook": "checking_understanding/clarification",
    "pred_label": "Generalinformation",
    "pred_codebook": "General_information",
    "correct": false
  },
  {
    "id": "501_0_1",
    "text": "torch.Size([2, 768])",
    "true_label": "Symptoms",
    "true_codebook": "Symptoms",
    "pred_label": "Diagnostics",
    "pred_codebook": "Diagnostics",
    "correct": false
  },
  {
    "id": "367_4_0",
    "text": "torch.Size([3, 768])",
    "true_label": "activeParticipation/involvement",
    "true_codebook": "active_participation_/involvement",
    "pred_label": "carecoordination",
    "pred_codebook": "Care_Coordination",
    "correct": false
  },
  {
    "id": "123_1_0",
    "text": "torch.Size([4, 768])",
    "true_label": "Drugs",
    "true_codebook": "Drugs",
    "pred_label": "Symptoms",
    "pred_codebook": "Symptoms",
    "correct": false
  },
  {
    "id": "394_0_0",
    "text": "torch.Size([5, 768])",
    "true_label": "Diagnostics",
    "true_codebook": "Diagnostics",
    "pred_label": "activeParticipation/involvement",
    "pred_codebook": "active_participation_/involvement",
    "correct": false
  },
  {
    "id": "49_1_0",
    "text": "torch.Size([4, 768])",
    "true_label": "Diagnostics",
    "true_codebook": "Diagnostics",
    "pred_label": "signoff",
    "pred_codebook": "signoff",
    "correct": false
  },
  {
    "id": "642_1_0",
    "text": "torch.Size([3, 768])",
    "true_label": "Diagnostics",
    "true_codebook": "Diagnostics",
    "pred_label": "statePreferences",
    "pred_codebook": "state_preferences",
    "correct": false
  },
  {
    "id": "411_0_0",
    "text": "torch.Size([2, 768])",
    "true_label": "HealthCareAccessAndQuality",
    "true_codebook": "Health_care_access_and_quality",
    "pred_label": "ExploreOptions",
    "pred_codebook": "Explore_options",
    "correct": false
  },
  {
    "id": "254_4_0",
    "text": "torch.Size([4, 768])",
    "true_label": "expressOpinions",
    "true_codebook": "express_opinions",
    "pred_label": "Drugs",
    "pred_codebook": "Drugs",
    "correct": false
  },
  {
    "id": "84_2_0",
    "text": "torch.Size([2, 768])",
    "true_label": "Generalinformation",
    "true_codebook": "General_information",
    "pred_label": "carecoordination",
    "pred_codebook": "Care_Coordination",
    "correct": false
  },
  {
    "id": "131_1_2",
    "text": "torch.Size([2, 768])",
    "true_label": "Generalinformation",
    "true_codebook": "General_information",
    "pred_label": "activeParticipation/involvement",
    "pred_codebook": "active_participation_/involvement",
    "correct": false
  },
  {
    "id": "250_0_1",
    "text": "torch.Size([2, 768])",
    "true_label": "activeParticipation/involvement",
    "true_codebook": "active_participation_/involvement",
    "pred_label": "maintainCommunication",
    "pred_codebook": "Maintain_communication",
    "correct": false
  },
  {
    "id": "21_2_0",
    "text": "torch.Size([2, 768])",
    "true_label": "SchedulingAppt",
    "true_codebook": "Scheduling_appt",
    "pred_label": "Diagnostics",
    "pred_codebook": "Diagnostics",
    "correct": false
  },
  {
    "id": "106_1_0",
    "text": "torch.Size([4, 768])",
    "true_label": "Symptoms",
    "true_codebook": "Symptoms",
    "pred_label": "Drugs",
    "pred_codebook": "Drugs",
    "correct": false
  },
  {
    "id": "241_0_0",
    "text": "torch.Size([2, 768])",
    "true_label": "Approval/Reinforcement",
    "true_codebook": "Approval/Reinforcement",
    "pred_label": "ExploreOptions",
    "pred_codebook": "Explore_options",
    "correct": false
  },
  {
    "id": "162_3_0",
    "text": "torch.Size([3, 768])",
    "true_label": "connection",
    "true_codebook": "Connection",
    "pred_label": "Diagnostics",
    "pred_codebook": "Diagnostics",
    "correct": false
  },
  {
    "id": "555_1_0",
    "text": "torch.Size([3, 768])",
    "true_label": "Generalinformation",
    "true_codebook": "General_information",
    "pred_label": "ExpressConcern/unease",
    "pred_codebook": "Express_concern/unease",
    "correct": false
  },
  {
    "id": "426_2_0",
    "text": "torch.Size([3, 768])",
    "true_label": "carecoordination",
    "true_codebook": "Care_Coordination",
    "pred_label": "SchedulingAppt",
    "pred_codebook": "Scheduling_appt",
    "correct": false
  },
  {
    "id": "151_0_4",
    "text": "torch.Size([2, 768])",
    "true_label": "HealthCareAccessAndQuality",
    "true_codebook": "Health_care_access_and_quality",
    "pred_label": "connection",
    "pred_codebook": "Connection",
    "correct": false
  },
  {
    "id": "183_3_2",
    "text": "torch.Size([2, 768])",
    "true_label": "signoff",
    "true_codebook": "signoff",
    "pred_label": "activeParticipation/involvement",
    "pred_codebook": "active_participation_/involvement",
    "correct": false
  },
  {
    "id": "229_4_0",
    "text": "torch.Size([2, 768])",
    "true_label": "maintainCommunication",
    "true_codebook": "Maintain_communication",
    "pred_label": "Instruction",
    "pred_codebook": "instruction",
    "correct": false
  },
  {
    "id": "570_0_1",
    "text": "torch.Size([5, 768])",
    "true_label": "Approval/Reinforcement",
    "true_codebook": "Approval/Reinforcement",
    "pred_label": "Drugs",
    "pred_codebook": "Drugs",
    "correct": false
  },
  {
    "id": "671_0_1",
    "text": "torch.Size([2, 768])",
    "true_label": "PositiveRemarks",
    "true_codebook": "Positive_Remarks/Reward",
    "pred_label": "activeParticipation/involvement",
    "pred_codebook": "active_participation_/involvement",
    "correct": false
  },
  {
    "id": "606_2_0",
    "text": "torch.Size([3, 768])",
    "true_label": "connection",
    "true_codebook": "Connection",
    "pred_label": "Generalinformation",
    "pred_codebook": "General_information",
    "correct": false
  },
  {
    "id": "546_2_0",
    "text": "torch.Size([3, 768])",
    "true_label": "Generalinformation",
    "true_codebook": "General_information",
    "pred_label": "Drugs",
    "pred_codebook": "Drugs",
    "correct": false
  },
  {
    "id": "446_1_0",
    "text": "torch.Size([6, 768])",
    "true_label": "carecoordination",
    "true_codebook": "Care_Coordination",
    "pred_label": "Generalinformation",
    "pred_codebook": "General_information",
    "correct": false
  },
  {
    "id": "6_2_0",
    "text": "torch.Size([4, 768])",
    "true_label": "Generalinformation",
    "true_codebook": "General_information",
    "pred_label": "activeParticipation/involvement",
    "pred_codebook": "active_participation_/involvement",
    "correct": false
  },
  {
    "id": "67_0_7",
    "text": "torch.Size([1, 768])",
    "true_label": "HealthCareAccessAndQuality",
    "true_codebook": "Health_care_access_and_quality",
    "pred_label": "Diagnostics",
    "pred_codebook": "Diagnostics",
    "correct": false
  },
  {
    "id": "342_0_1",
    "text": "torch.Size([2, 768])",
    "true_label": "Diagnostics",
    "true_codebook": "Diagnostics",
    "pred_label": "Drugs",
    "pred_codebook": "Drugs",
    "correct": false
  },
  {
    "id": "238_0_1",
    "text": "torch.Size([2, 768])",
    "true_label": "activeParticipation/involvement",
    "true_codebook": "active_participation_/involvement",
    "pred_label": "Generalinformation",
    "pred_codebook": "General_information",
    "correct": false
  },
  {
    "id": "91_1_0",
    "text": "torch.Size([3, 768])",
    "true_label": "Alignment",
    "true_codebook": "Alignment",
    "pred_label": "activeParticipation/involvement",
    "pred_codebook": "active_participation_/involvement",
    "correct": false
  },
  {
    "id": "361_1_0",
    "text": "torch.Size([4, 768])",
    "true_label": "Drugs",
    "true_codebook": "Drugs",
    "pred_label": "Symptoms",
    "pred_codebook": "Symptoms",
    "correct": false
  },
  {
    "id": "491_0_0",
    "text": "torch.Size([3, 768])",
    "true_label": "carecoordination",
    "true_codebook": "Care_Coordination",
    "pred_label": "activeParticipation/involvement",
    "pred_codebook": "active_participation_/involvement",
    "correct": false
  },
  {
    "id": "667_0_0",
    "text": "torch.Size([2, 768])",
    "true_label": "Diagnostics",
    "true_codebook": "Diagnostics",
    "pred_label": "Generalinformation",
    "pred_codebook": "General_information",
    "correct": false
  },
  {
    "id": "280_3_4",
    "text": "torch.Size([5, 768])",
    "true_label": "Symptoms",
    "true_codebook": "Symptoms",
    "pred_label": "statePreferences",
    "pred_codebook": "state_preferences",
    "correct": false
  }
]