{
  "model": "MLP",
  "source": "subsentence",
  "label_type": "subcode",
  "seed": 93806,
  "input_file": "EPPC_output_json/subsentence_subcode_labels.json",
  "class_names": [
    "AcknowledgeError",
    "Alignment",
    "Appreciation/Gratitude",
    "Approval/Reinforcement",
    "ApprovalofDecision/Reinforcement",
    "Diagnostics",
    "Drugs",
    "EconomicStability",
    "EncourageQuestions",
    "ExploreOptions",
    "ExpressConcern/unease",
    "Generalinformation",
    "HealthCareAccessAndQuality",
    "Instruction",
    "MakeDecision",
    "NeighborhoodAndBuiltEnvironment",
    "PositiveRemarks",
    "Prognosis",
    "Reassurance",
    "Sadness/fear",
    "SchedulingAppt",
    "SeekingApproval",
    "ShareOptions",
    "SummarizeConfirmUnderstanding",
    "Symptoms",
    "activeParticipation/involvement",
    "build trust",
    "carecoordination",
    "checkingUnderstanding/clarification",
    "connection",
    "expressOpinions",
    "inviteCollaboration",
    "maintainCommunication",
    "salutation",
    "signoff",
    "statePreferences"
  ],
  "metrics": [
    {
      "epoch": 1,
      "loss": 2.452888411971239,
      "accuracy": 0.486810551558753,
      "f1": 0.20262263989954613
    },
    {
      "epoch": 2,
      "loss": 1.4802042245864868,
      "accuracy": 0.5539568345323741,
      "f1": 0.2859385459672337
    },
    {
      "epoch": 3,
      "loss": 0.8092996238802488,
      "accuracy": 0.5371702637889688,
      "f1": 0.31947312724127713
    },
    {
      "epoch": 4,
      "loss": 0.3642171849854864,
      "accuracy": 0.5323741007194245,
      "f1": 0.32576316744451983
    },
    {
      "epoch": 5,
      "loss": 0.16993985049283275,
      "accuracy": 0.5419664268585132,
      "f1": 0.3266690738584874
    },
    {
      "epoch": 6,
      "loss": 0.09240557115453367,
      "accuracy": 0.5491606714628298,
      "f1": 0.3311992957512063
    },
    {
      "epoch": 7,
      "loss": 0.0591823781410662,
      "accuracy": 0.5443645083932853,
      "f1": 0.30881040777014745
    },
    {
      "epoch": 8,
      "loss": 0.04459312633396341,
      "accuracy": 0.5467625899280576,
      "f1": 0.3187899318691269
    },
    {
      "epoch": 9,
      "loss": 0.037329134137298055,
      "accuracy": 0.5371702637889688,
      "f1": 0.32096862511177104
    },
    {
      "epoch": 10,
      "loss": 0.03128370510127682,
      "accuracy": 0.5491606714628298,
      "f1": 0.3200009169916792
    },
    {
      "epoch": 11,
      "loss": 0.0297260945976282,
      "accuracy": 0.5419664268585132,
      "f1": 0.3096683990422441
    },
    {
      "epoch": 12,
      "loss": 0.026853968859471094,
      "accuracy": 0.5443645083932853,
      "f1": 0.30569621579333783
    },
    {
      "epoch": 13,
      "loss": 0.022916697185092535,
      "accuracy": 0.5419664268585132,
      "f1": 0.305786530133911
    },
    {
      "epoch": 14,
      "loss": 0.025542351009789854,
      "accuracy": 0.5371702637889688,
      "f1": 0.30757750252019345
    },
    {
      "epoch": 15,
      "loss": 0.022583627880801663,
      "accuracy": 0.5323741007194245,
      "f1": 0.29732558202989484
    },
    {
      "epoch": 16,
      "loss": 0.019840069303217415,
      "accuracy": 0.5419664268585132,
      "f1": 0.31669641962091866
    }
  ]
}