{
  "model": "MLP",
  "source": "subsentence",
  "label_type": "subcode",
  "seed": 93806,
  "errors": [
    {
      "text": "Please can you give me a call on XXX-XXX-XXXX to let",
      "true_label": "activeParticipation/involvement",
      "pred_label": "SchedulingAppt",
      "correct": false
    },
    {
      "text": "I like Dr. Person3 thoughts and impressions",
      "true_label": "statePreferences",
      "pred_label": "Diagnostics",
      "correct": false
    },
    {
      "text": "Thanks for checking.",
      "true_label": "Appreciation/Gratitude",
      "pred_label": "Appreciation/Gratitude",
      "correct": true
    },
    {
      "text": "for a blood draw on MM/DD/YYYY,",
      "true_label": "SchedulingAppt",
      "pred_label": "activeParticipation/involvement",
      "correct": false
    },
    {
      "text": "Dr. B recommends Metamucil 1 tsp",
      "true_label": "Drugs",
      "pred_label": "Drugs",
      "correct": true
    },
    {
      "text": "or if you can assist",
      "true_label": "Generalinformation",
      "pred_label": "maintainCommunication",
      "correct": false
    },
    {
      "text": "I never received actual appointment confirmation or e check",
      "true_label": "SchedulingAppt",
      "pred_label": "HealthCareAccessAndQuality",
      "correct": false
    },
    {
      "text": "normal clear yellow so the false blood in the urine was cause by drinking beet juice",
      "true_label": "Generalinformation",
      "pred_label": "Diagnostics",
      "correct": false
    },
    {
      "text": "Not so sure about the  great part - every time I visit",
      "true_label": "expressOpinions",
      "pred_label": "Generalinformation",
      "correct": false
    },
    {
      "text": "Thanks again,",
      "true_label": "signoff",
      "pred_label": "signoff",
      "correct": true
    },
    {
      "text": "detrimental to my current regimen which is working",
      "true_label": "expressOpinions",
      "pred_label": "Symptoms",
      "correct": false
    },
    {
      "text": "I will be in for my appointment tomorrow.",
      "true_label": "SchedulingAppt",
      "pred_label": "SchedulingAppt",
      "correct": true
    },
    {
      "text": "on the blood draw that was made",
      "true_label": "Generalinformation",
      "pred_label": "activeParticipation/involvement",
      "correct": false
    },
    {
      "text": "SEnding message to Dr  Person1.",
      "true_label": "carecoordination",
      "pred_label": "carecoordination",
      "correct": true
    },
    {
      "text": "It was 2.045",
      "true_label": "Diagnostics",
      "pred_label": "Diagnostics",
      "correct": true
    },
    {
      "text": "Checked with Dr Person2,",
      "true_label": "carecoordination",
      "pred_label": "carecoordination",
      "correct": true
    },
    {
      "text": "Call XXX-XXX-XXXX tomorrow afternoon to schedule  COVID  test.",
      "true_label": "SchedulingAppt",
      "pred_label": "SchedulingAppt",
      "correct": true
    },
    {
      "text": "Hello I have a Ct Scan schedule for MM/DD/YYYY in Org2 and a follow up appt",
      "true_label": "Diagnostics",
      "pred_label": "SchedulingAppt",
      "correct": false
    },
    {
      "text": "I am doing fine.",
      "true_label": "Symptoms",
      "pred_label": "Symptoms",
      "correct": true
    },
    {
      "text": "to get back to normal after stopping the Fulvestrant and Verzenio",
      "true_label": "activeParticipation/involvement",
      "pred_label": "Drugs",
      "correct": false
    },
    {
      "text": "my refill to Org,",
      "true_label": "HealthCareAccessAndQuality",
      "pred_label": "Drugs",
      "correct": false
    },
    {
      "text": "we were wondering about the additional benefits of these two medications,",
      "true_label": "statePreferences",
      "pred_label": "Drugs",
      "correct": false
    },
    {
      "text": "now in for blood work every 2 weeks and did not see",
      "true_label": "Diagnostics",
      "pred_label": "Diagnostics",
      "correct": true
    },
    {
      "text": "Person1 will call me when you meet",
      "true_label": "Generalinformation",
      "pred_label": "maintainCommunication",
      "correct": false
    },
    {
      "text": "Thank you",
      "true_label": "signoff",
      "pred_label": "signoff",
      "correct": true
    },
    {
      "text": "Can you provide me with a contact for nutrition for cancer patients especially if plant based diet is suggested",
      "true_label": "carecoordination",
      "pred_label": "activeParticipation/involvement",
      "correct": false
    },
    {
      "text": "The level came back low .",
      "true_label": "Diagnostics",
      "pred_label": "Diagnostics",
      "correct": true
    },
    {
      "text": "Person1 at Org4 Home Care needs a doctor to  Sign",
      "true_label": "carecoordination",
      "pred_label": "HealthCareAccessAndQuality",
      "correct": false
    },
    {
      "text": "Thanks,",
      "true_label": "signoff",
      "pred_label": "signoff",
      "correct": true
    },
    {
      "text": "Any chance of getting a reply to my message from MM/DD/YYYY?",
      "true_label": "activeParticipation/involvement",
      "pred_label": "activeParticipation/involvement",
      "correct": true
    },
    {
      "text": "available at major pharmacies first though.",
      "true_label": "Generalinformation",
      "pred_label": "HealthCareAccessAndQuality",
      "correct": false
    },
    {
      "text": "Is that still possible?",
      "true_label": "ExploreOptions",
      "pred_label": "activeParticipation/involvement",
      "correct": false
    },
    {
      "text": "Sorry to bother you folks.",
      "true_label": "connection",
      "pred_label": "Sadness/fear",
      "correct": false
    },
    {
      "text": "I am achy in my hip area and have",
      "true_label": "Symptoms",
      "pred_label": "Symptoms",
      "correct": true
    },
    {
      "text": "either Dec. or Jan.",
      "true_label": "Diagnostics",
      "pred_label": "HealthCareAccessAndQuality",
      "correct": false
    },
    {
      "text": "He just got back to me this morning and advised",
      "true_label": "carecoordination",
      "pred_label": "carecoordination",
      "correct": true
    },
    {
      "text": "to work this weekend?",
      "true_label": "EconomicStability",
      "pred_label": "HealthCareAccessAndQuality",
      "correct": false
    },
    {
      "text": "My name is Person2 and I am",
      "true_label": "Generalinformation",
      "pred_label": "Generalinformation",
      "correct": true
    },
    {
      "text": "Hi,",
      "true_label": "salutation",
      "pred_label": "salutation",
      "correct": true
    },
    {
      "text": "Hi Person1 The plan is to continue on the 100mg.",
      "true_label": "Drugs",
      "pred_label": "Drugs",
      "correct": true
    },
    {
      "text": "Good morning,",
      "true_label": "salutation",
      "pred_label": "salutation",
      "correct": true
    },
    {
      "text": "Thank you,",
      "true_label": "signoff",
      "pred_label": "signoff",
      "correct": true
    },
    {
      "text": "a blood draw and they are telling me only a psa is",
      "true_label": "HealthCareAccessAndQuality",
      "pred_label": "Diagnostics",
      "correct": false
    },
    {
      "text": "Any questions give the office a call to speak",
      "true_label": "Instruction",
      "pred_label": "Instruction",
      "correct": true
    },
    {
      "text": "the earliest date available.",
      "true_label": "SchedulingAppt",
      "pred_label": "HealthCareAccessAndQuality",
      "correct": false
    },
    {
      "text": "Good morning.",
      "true_label": "salutation",
      "pred_label": "salutation",
      "correct": true
    },
    {
      "text": "I didn think they were",
      "true_label": "expressOpinions",
      "pred_label": "ExpressConcern/unease",
      "correct": false
    },
    {
      "text": "my PSA in MM/DD/YYYY blood draw",
      "true_label": "Diagnostics",
      "pred_label": "Diagnostics",
      "correct": true
    },
    {
      "text": "Best",
      "true_label": "signoff",
      "pred_label": "signoff",
      "correct": true
    },
    {
      "text": "The PT referral was placed Thanks Person2",
      "true_label": "maintainCommunication",
      "pred_label": "maintainCommunication",
      "correct": true
    },
    {
      "text": "Is this ok with you?",
      "true_label": "SeekingApproval",
      "pred_label": "Approval/Reinforcement",
      "correct": false
    },
    {
      "text": "Our team was notified of the denial and is working",
      "true_label": "HealthCareAccessAndQuality",
      "pred_label": "carecoordination",
      "correct": false
    },
    {
      "text": "it a LOCATION.",
      "true_label": "HealthCareAccessAndQuality",
      "pred_label": "Generalinformation",
      "correct": false
    },
    {
      "text": "by Dr. Person2 with the labs on MM/DD/YYYY.",
      "true_label": "carecoordination",
      "pred_label": "HealthCareAccessAndQuality",
      "correct": false
    },
    {
      "text": "I have been to the cardiologist and they see",
      "true_label": "carecoordination",
      "pred_label": "Generalinformation",
      "correct": false
    },
    {
      "text": "MM/DD/YYYY is good!",
      "true_label": "Approval/Reinforcement",
      "pred_label": "Alignment",
      "correct": false
    },
    {
      "text": "my blood draw is scheduled for 9:30  In Org2.",
      "true_label": "HealthCareAccessAndQuality",
      "pred_label": "Diagnostics",
      "correct": false
    },
    {
      "text": "up to it please continue your zytiga (abiraterone) and prednisone",
      "true_label": "MakeDecision",
      "pred_label": "Drugs",
      "correct": false
    },
    {
      "text": "Please have Dr  Person3 or Dr  Person4",
      "true_label": "activeParticipation/involvement",
      "pred_label": "carecoordination",
      "correct": false
    },
    {
      "text": "Thanks so much!",
      "true_label": "signoff",
      "pred_label": "signoff",
      "correct": true
    },
    {
      "text": "Sounds like you are",
      "true_label": "PositiveRemarks",
      "pred_label": "Alignment",
      "correct": false
    },
    {
      "text": "Happy Thanksgiving   The form was attached to the last mag let",
      "true_label": "Generalinformation",
      "pred_label": "HealthCareAccessAndQuality",
      "correct": false
    },
    {
      "text": "Can someone please call me back XXX-XXX-XXXX in regards to my radiation treatment.",
      "true_label": "activeParticipation/involvement",
      "pred_label": "activeParticipation/involvement",
      "correct": true
    },
    {
      "text": "Thanks,",
      "true_label": "signoff",
      "pred_label": "signoff",
      "correct": true
    },
    {
      "text": "I would like to have an IV Port installed",
      "true_label": "statePreferences",
      "pred_label": "ShareOptions",
      "correct": false
    },
    {
      "text": "I sent this to Dr  Person1 as well rash",
      "true_label": "Symptoms",
      "pred_label": "carecoordination",
      "correct": false
    },
    {
      "text": "you may want to choose that.",
      "true_label": "SummarizeConfirmUnderstanding",
      "pred_label": "MakeDecision",
      "correct": false
    },
    {
      "text": "Much obliged!",
      "true_label": "connection",
      "pred_label": "signoff",
      "correct": false
    },
    {
      "text": "I'll check in with Dr. Person2 about getting it removed",
      "true_label": "carecoordination",
      "pred_label": "carecoordination",
      "correct": true
    },
    {
      "text": "I had the EBUS procedure yesterday and I now scheduled",
      "true_label": "Diagnostics",
      "pred_label": "HealthCareAccessAndQuality",
      "correct": false
    },
    {
      "text": "Thanks.",
      "true_label": "signoff",
      "pred_label": "signoff",
      "correct": true
    },
    {
      "text": "I gets labs done",
      "true_label": "Diagnostics",
      "pred_label": "Diagnostics",
      "correct": true
    },
    {
      "text": "Thank you Person3",
      "true_label": "signoff",
      "pred_label": "signoff",
      "correct": true
    },
    {
      "text": "Was this intended for me?",
      "true_label": "activeParticipation/involvement",
      "pred_label": "expressOpinions",
      "correct": false
    },
    {
      "text": "so sorry to hear that-I will let the team know",
      "true_label": "maintainCommunication",
      "pred_label": "Sadness/fear",
      "correct": false
    },
    {
      "text": "Cares to you Person1",
      "true_label": "signoff",
      "pred_label": "connection",
      "correct": false
    },
    {
      "text": "I had blood work done",
      "true_label": "Diagnostics",
      "pred_label": "Diagnostics",
      "correct": true
    },
    {
      "text": "Best",
      "true_label": "signoff",
      "pred_label": "signoff",
      "correct": true
    },
    {
      "text": "Thank you,",
      "true_label": "signoff",
      "pred_label": "signoff",
      "correct": true
    },
    {
      "text": "a very good marker for you.",
      "true_label": "Diagnostics",
      "pred_label": "Diagnostics",
      "correct": true
    },
    {
      "text": "Thank you",
      "true_label": "signoff",
      "pred_label": "signoff",
      "correct": true
    },
    {
      "text": "Thanks,",
      "true_label": "signoff",
      "pred_label": "signoff",
      "correct": true
    },
    {
      "text": "Cool re rash    I saw dr  Person1 on video chat in MM/DD/YYYY",
      "true_label": "carecoordination",
      "pred_label": "carecoordination",
      "correct": true
    },
    {
      "text": "I apologize for the confusion.",
      "true_label": "AcknowledgeError",
      "pred_label": "AcknowledgeError",
      "correct": true
    },
    {
      "text": "I believe it should be",
      "true_label": "SchedulingAppt",
      "pred_label": "expressOpinions",
      "correct": false
    },
    {
      "text": "Thank you for this good news    Happy Thanksgiving",
      "true_label": "Appreciation/Gratitude",
      "pred_label": "Appreciation/Gratitude",
      "correct": true
    },
    {
      "text": "Would you like me to have the secretary reschedule and push",
      "true_label": "inviteCollaboration",
      "pred_label": "SchedulingAppt",
      "correct": false
    },
    {
      "text": "Should I start my Ibrance today?",
      "true_label": "SeekingApproval",
      "pred_label": "SeekingApproval",
      "correct": true
    },
    {
      "text": "Hi Person1 - refill has been sent in.",
      "true_label": "Drugs",
      "pred_label": "Drugs",
      "correct": true
    },
    {
      "text": "Thank you,",
      "true_label": "signoff",
      "pred_label": "signoff",
      "correct": true
    },
    {
      "text": "I was in the ER on MM/DD/YYYY for belly pain and Person2",
      "true_label": "Symptoms",
      "pred_label": "Diagnostics",
      "correct": false
    },
    {
      "text": "to go other yale clinic to do",
      "true_label": "HealthCareAccessAndQuality",
      "pred_label": "HealthCareAccessAndQuality",
      "correct": true
    },
    {
      "text": "you can certainly get the colonoscopy.",
      "true_label": "Approval/Reinforcement",
      "pred_label": "Diagnostics",
      "correct": false
    },
    {
      "text": "Thanks!",
      "true_label": "Appreciation/Gratitude",
      "pred_label": "signoff",
      "correct": false
    },
    {
      "text": "Thank you.",
      "true_label": "signoff",
      "pred_label": "signoff",
      "correct": true
    },
    {
      "text": "I don wanna be jacked up on both sides.",
      "true_label": "ExpressConcern/unease",
      "pred_label": "Symptoms",
      "correct": false
    },
    {
      "text": "No response so far prednisone script ran out Person1 office if he should continue",
      "true_label": "Drugs",
      "pred_label": "Drugs",
      "correct": true
    },
    {
      "text": "We believe a peer to peer conversation between physicians might support",
      "true_label": "expressOpinions",
      "pred_label": "Diagnostics",
      "correct": false
    },
    {
      "text": "Many thanks",
      "true_label": "signoff",
      "pred_label": "signoff",
      "correct": true
    },
    {
      "text": "I am still waiting for the culture.",
      "true_label": "Diagnostics",
      "pred_label": "expressOpinions",
      "correct": false
    },
    {
      "text": "please start taking calcium 1000 mg daily as well as 400 IU of vitamin D daily.",
      "true_label": "Approval/Reinforcement",
      "pred_label": "Drugs",
      "correct": false
    },
    {
      "text": "I had PSA test done",
      "true_label": "Diagnostics",
      "pred_label": "Diagnostics",
      "correct": true
    },
    {
      "text": "Thank you,",
      "true_label": "signoff",
      "pred_label": "signoff",
      "correct": true
    },
    {
      "text": "Your welcome Kind regards",
      "true_label": "connection",
      "pred_label": "connection",
      "correct": true
    },
    {
      "text": "You would have to call the radiation oncology office that you are scheduled",
      "true_label": "Instruction",
      "pred_label": "Instruction",
      "correct": true
    },
    {
      "text": "See you next week.",
      "true_label": "connection",
      "pred_label": "connection",
      "correct": true
    },
    {
      "text": "Will I be doing bloodwork before my appointment next MM/DD/YYYY?",
      "true_label": "Diagnostics",
      "pred_label": "activeParticipation/involvement",
      "correct": false
    },
    {
      "text": "We are awaiting the scheduling of those scans.",
      "true_label": "maintainCommunication",
      "pred_label": "SchedulingAppt",
      "correct": false
    },
    {
      "text": "I get blood work on MM/DD/YYYY the HH:MM.",
      "true_label": "Diagnostics",
      "pred_label": "Diagnostics",
      "correct": true
    },
    {
      "text": "Do I need to make an appointment because I also due to get",
      "true_label": "SchedulingAppt",
      "pred_label": "SchedulingAppt",
      "correct": true
    },
    {
      "text": "Good morning,",
      "true_label": "salutation",
      "pred_label": "salutation",
      "correct": true
    },
    {
      "text": "I interpreting it as early stage throat cancer and presume",
      "true_label": "Prognosis",
      "pred_label": "expressOpinions",
      "correct": false
    },
    {
      "text": "Sorry to hear this is happening.",
      "true_label": "Sadness/fear",
      "pred_label": "Sadness/fear",
      "correct": true
    },
    {
      "text": "Hi",
      "true_label": "salutation",
      "pred_label": "salutation",
      "correct": true
    },
    {
      "text": "with IR  for them to take",
      "true_label": "SchedulingAppt",
      "pred_label": "HealthCareAccessAndQuality",
      "correct": false
    },
    {
      "text": "Hi",
      "true_label": "salutation",
      "pred_label": "salutation",
      "correct": true
    },
    {
      "text": "We are closed on weekends and only check",
      "true_label": "Generalinformation",
      "pred_label": "Generalinformation",
      "correct": true
    },
    {
      "text": "Thank you,",
      "true_label": "signoff",
      "pred_label": "signoff",
      "correct": true
    },
    {
      "text": "It's been a while... Will that work for you?",
      "true_label": "inviteCollaboration",
      "pred_label": "activeParticipation/involvement",
      "correct": false
    },
    {
      "text": "What is going on?",
      "true_label": "activeParticipation/involvement",
      "pred_label": "activeParticipation/involvement",
      "correct": true
    },
    {
      "text": "Please send to Dr. Person2,",
      "true_label": "Instruction",
      "pred_label": "carecoordination",
      "correct": false
    },
    {
      "text": "Is it possible to have Person2 help",
      "true_label": "activeParticipation/involvement",
      "pred_label": "HealthCareAccessAndQuality",
      "correct": false
    },
    {
      "text": "please let  me know",
      "true_label": "maintainCommunication",
      "pred_label": "activeParticipation/involvement",
      "correct": false
    },
    {
      "text": "today with Dr. Person2.",
      "true_label": "Drugs",
      "pred_label": "carecoordination",
      "correct": false
    },
    {
      "text": "it is being controlled by the  treatment.",
      "true_label": "checkingUnderstanding/clarification",
      "pred_label": "activeParticipation/involvement",
      "correct": false
    },
    {
      "text": "Appreciate if you could reach",
      "true_label": "Appreciation/Gratitude",
      "pred_label": "inviteCollaboration",
      "correct": false
    },
    {
      "text": "that my PSA was elevated",
      "true_label": "Diagnostics",
      "pred_label": "Diagnostics",
      "correct": true
    },
    {
      "text": "I can draw it.",
      "true_label": "Diagnostics",
      "pred_label": "Diagnostics",
      "correct": true
    },
    {
      "text": "I not sure.",
      "true_label": "Generalinformation",
      "pred_label": "ExpressConcern/unease",
      "correct": false
    },
    {
      "text": "I starting radiation therapy tomorrow.",
      "true_label": "Drugs",
      "pred_label": "Diagnostics",
      "correct": false
    },
    {
      "text": "from someone in the next week.",
      "true_label": "maintainCommunication",
      "pred_label": "activeParticipation/involvement",
      "correct": false
    },
    {
      "text": "Hi Person1 will add a cbc for this time.",
      "true_label": "Diagnostics",
      "pred_label": "Diagnostics",
      "correct": true
    },
    {
      "text": "And it in Org1.",
      "true_label": "HealthCareAccessAndQuality",
      "pred_label": "HealthCareAccessAndQuality",
      "correct": true
    },
    {
      "text": "I haven seen a result yet.",
      "true_label": "Diagnostics",
      "pred_label": "Diagnostics",
      "correct": true
    },
    {
      "text": "Good evening       I hope this email finds",
      "true_label": "connection",
      "pred_label": "connection",
      "correct": true
    },
    {
      "text": "Is there a possibility to move my treatments up by one week,",
      "true_label": "SchedulingAppt",
      "pred_label": "activeParticipation/involvement",
      "correct": false
    },
    {
      "text": "you are doing it correctly.",
      "true_label": "Reassurance",
      "pred_label": "Alignment",
      "correct": false
    },
    {
      "text": "on the list to call,",
      "true_label": "carecoordination",
      "pred_label": "SchedulingAppt",
      "correct": false
    },
    {
      "text": "Should I be getting one in MM/DD/YYYY?",
      "true_label": "activeParticipation/involvement",
      "pred_label": "SeekingApproval",
      "correct": false
    },
    {
      "text": "MM/DD/YYYY  appointment is here in Org2 with Dr Person1 So call",
      "true_label": "SchedulingAppt",
      "pred_label": "carecoordination",
      "correct": false
    },
    {
      "text": "The pharmacy still hasn filled the prescription for Tramadol,",
      "true_label": "activeParticipation/involvement",
      "pred_label": "Drugs",
      "correct": false
    },
    {
      "text": "would you mind sending in a 90 day supply script to the CVS in Org2 please?",
      "true_label": "expressOpinions",
      "pred_label": "HealthCareAccessAndQuality",
      "correct": false
    },
    {
      "text": "I need an appointment with breast center to get",
      "true_label": "SchedulingAppt",
      "pred_label": "SchedulingAppt",
      "correct": true
    },
    {
      "text": "MM/DD/YYYY I'm supposed to start my next round of Ibrance??",
      "true_label": "Drugs",
      "pred_label": "Drugs",
      "correct": true
    },
    {
      "text": "I have just received a new medication that you appear",
      "true_label": "Drugs",
      "pred_label": "Drugs",
      "correct": true
    },
    {
      "text": "Can you schedule it anywhere anytime and we will get",
      "true_label": "SchedulingAppt",
      "pred_label": "SchedulingAppt",
      "correct": true
    },
    {
      "text": "Thanks!",
      "true_label": "Appreciation/Gratitude",
      "pred_label": "signoff",
      "correct": false
    },
    {
      "text": "through the severe pain again that he went",
      "true_label": "statePreferences",
      "pred_label": "Symptoms",
      "correct": false
    },
    {
      "text": "back about scheduling by the end of the week.",
      "true_label": "maintainCommunication",
      "pred_label": "activeParticipation/involvement",
      "correct": false
    },
    {
      "text": "Please pick it up and start",
      "true_label": "Instruction",
      "pred_label": "Instruction",
      "correct": true
    },
    {
      "text": "Best",
      "true_label": "signoff",
      "pred_label": "signoff",
      "correct": true
    },
    {
      "text": "to run out of the pills on MM/DD/YYYY,",
      "true_label": "Drugs",
      "pred_label": "Drugs",
      "correct": true
    },
    {
      "text": "He my doctor.",
      "true_label": "Generalinformation",
      "pred_label": "Generalinformation",
      "correct": true
    },
    {
      "text": "Are you able to help with this only I haven had",
      "true_label": "activeParticipation/involvement",
      "pred_label": "Symptoms",
      "correct": false
    },
    {
      "text": "when all clear",
      "true_label": "maintainCommunication",
      "pred_label": "activeParticipation/involvement",
      "correct": false
    },
    {
      "text": "Thank you,",
      "true_label": "signoff",
      "pred_label": "signoff",
      "correct": true
    },
    {
      "text": "So sorry about that.",
      "true_label": "AcknowledgeError",
      "pred_label": "AcknowledgeError",
      "correct": true
    },
    {
      "text": "Please let me know",
      "true_label": "activeParticipation/involvement",
      "pred_label": "activeParticipation/involvement",
      "correct": true
    },
    {
      "text": "to write \"compared  to MM/DD/YYYY\".",
      "true_label": "Diagnostics",
      "pred_label": "Diagnostics",
      "correct": true
    },
    {
      "text": "no longer contagious or whatever the correct wording would be",
      "true_label": "Symptoms",
      "pred_label": "Symptoms",
      "correct": true
    },
    {
      "text": "for these types of notifications.",
      "true_label": "Generalinformation",
      "pred_label": "maintainCommunication",
      "correct": false
    },
    {
      "text": "Thanks,",
      "true_label": "signoff",
      "pred_label": "signoff",
      "correct": true
    },
    {
      "text": "Here is the fax number;",
      "true_label": "Generalinformation",
      "pred_label": "Generalinformation",
      "correct": true
    },
    {
      "text": "No problem,",
      "true_label": "Alignment",
      "pred_label": "Alignment",
      "correct": true
    },
    {
      "text": "When are you due to start it?",
      "true_label": "Drugs",
      "pred_label": "SchedulingAppt",
      "correct": false
    },
    {
      "text": "Thank you,",
      "true_label": "signoff",
      "pred_label": "signoff",
      "correct": true
    },
    {
      "text": "She now wants to change any further concerns,",
      "true_label": "ExpressConcern/unease",
      "pred_label": "activeParticipation/involvement",
      "correct": false
    },
    {
      "text": "On MM/DD/YYYY I completed 39 radiation sessions.",
      "true_label": "Diagnostics",
      "pred_label": "Diagnostics",
      "correct": true
    },
    {
      "text": "had a nice Thanksgiving.",
      "true_label": "connection",
      "pred_label": "connection",
      "correct": true
    },
    {
      "text": "the office at XXX-XXX-XXXX to reschedule.",
      "true_label": "SchedulingAppt",
      "pred_label": "SchedulingAppt",
      "correct": true
    },
    {
      "text": "Is there a  fax/phone number/person /dept  Thanks  Person2 Up to you if you want",
      "true_label": "Generalinformation",
      "pred_label": "Generalinformation",
      "correct": true
    },
    {
      "text": "instead of J/J for the booster.",
      "true_label": "ShareOptions",
      "pred_label": "Diagnostics",
      "correct": false
    },
    {
      "text": "I see an appointment for Urology in Org3 with Dr. Person1 on MM/DD/YYYY at 3 pm.",
      "true_label": "SchedulingAppt",
      "pred_label": "SchedulingAppt",
      "correct": true
    },
    {
      "text": "urgency same   No walking issues no pain ud and down",
      "true_label": "Symptoms",
      "pred_label": "Symptoms",
      "correct": true
    },
    {
      "text": "Give them a call.",
      "true_label": "Instruction",
      "pred_label": "Instruction",
      "correct": true
    },
    {
      "text": "we can give you a flu vaccine next time you come",
      "true_label": "SchedulingAppt",
      "pred_label": "HealthCareAccessAndQuality",
      "correct": false
    },
    {
      "text": "Good morning Person1,",
      "true_label": "salutation",
      "pred_label": "salutation",
      "correct": true
    },
    {
      "text": "my next visit (MM/DD/YYYY) to Org3,",
      "true_label": "Generalinformation",
      "pred_label": "HealthCareAccessAndQuality",
      "correct": false
    },
    {
      "text": "Are you recommending that I get",
      "true_label": "SeekingApproval",
      "pred_label": "HealthCareAccessAndQuality",
      "correct": false
    },
    {
      "text": "Hello I have a Ct Scan schedule for MM/DD/YYYY in Org2 and a follow up appt",
      "true_label": "Diagnostics",
      "pred_label": "SchedulingAppt",
      "correct": false
    },
    {
      "text": "my appointment for the bone density injection.",
      "true_label": "statePreferences",
      "pred_label": "SchedulingAppt",
      "correct": false
    },
    {
      "text": "to be doing about scans now.",
      "true_label": "expressOpinions",
      "pred_label": "activeParticipation/involvement",
      "correct": false
    },
    {
      "text": "Hi Person1 Glad I saw you in person and clarify",
      "true_label": "Alignment",
      "pred_label": "connection",
      "correct": false
    },
    {
      "text": "I want to cancel or at least postpone",
      "true_label": "statePreferences",
      "pred_label": "statePreferences",
      "correct": true
    },
    {
      "text": "I probably have 20+ hematoma under the skin.",
      "true_label": "Symptoms",
      "pred_label": "Symptoms",
      "correct": true
    },
    {
      "text": "Ok",
      "true_label": "Alignment",
      "pred_label": "Alignment",
      "correct": true
    },
    {
      "text": "same with everolimus    Person3",
      "true_label": "Drugs",
      "pred_label": "Drugs",
      "correct": true
    },
    {
      "text": "Do I have the Ok from Dr. Person2?",
      "true_label": "SeekingApproval",
      "pred_label": "activeParticipation/involvement",
      "correct": false
    },
    {
      "text": "Appreciate your advice.",
      "true_label": "build trust",
      "pred_label": "Appreciation/Gratitude",
      "correct": false
    },
    {
      "text": "Have a good day.",
      "true_label": "signoff",
      "pred_label": "connection",
      "correct": false
    },
    {
      "text": "the baby aspirin.",
      "true_label": "Drugs",
      "pred_label": "Drugs",
      "correct": true
    },
    {
      "text": "PSA takes longer to run.",
      "true_label": "Diagnostics",
      "pred_label": "Diagnostics",
      "correct": true
    },
    {
      "text": "Thanks much.",
      "true_label": "signoff",
      "pred_label": "signoff",
      "correct": true
    },
    {
      "text": "Is it possible for you to do",
      "true_label": "activeParticipation/involvement",
      "pred_label": "Diagnostics",
      "correct": false
    },
    {
      "text": "Am curious if it not cancer",
      "true_label": "activeParticipation/involvement",
      "pred_label": "ExpressConcern/unease",
      "correct": false
    },
    {
      "text": "See you then!",
      "true_label": "signoff",
      "pred_label": "signoff",
      "correct": true
    },
    {
      "text": "I have a choice tomorrow for Moderna or Johnson",
      "true_label": "ExploreOptions",
      "pred_label": "Diagnostics",
      "correct": false
    },
    {
      "text": "On you CTSIM day MM/DD/YYYY at  10am.",
      "true_label": "SchedulingAppt",
      "pred_label": "SchedulingAppt",
      "correct": true
    },
    {
      "text": "Hi,",
      "true_label": "salutation",
      "pred_label": "salutation",
      "correct": true
    },
    {
      "text": "Much appreciated!",
      "true_label": "Appreciation/Gratitude",
      "pred_label": "Appreciation/Gratitude",
      "correct": true
    },
    {
      "text": "I vomit at times.",
      "true_label": "Symptoms",
      "pred_label": "Symptoms",
      "correct": true
    },
    {
      "text": "to send me the mane of the place it goes",
      "true_label": "carecoordination",
      "pred_label": "activeParticipation/involvement",
      "correct": false
    },
    {
      "text": "Thank you Person1.",
      "true_label": "signoff",
      "pred_label": "signoff",
      "correct": true
    },
    {
      "text": "What did he recommend?",
      "true_label": "carecoordination",
      "pred_label": "activeParticipation/involvement",
      "correct": false
    },
    {
      "text": "Yes,",
      "true_label": "Alignment",
      "pred_label": "Alignment",
      "correct": true
    },
    {
      "text": "Thanks for your message.",
      "true_label": "Appreciation/Gratitude",
      "pred_label": "Appreciation/Gratitude",
      "correct": true
    },
    {
      "text": "I am double checking this  for you though.",
      "true_label": "Alignment",
      "pred_label": "activeParticipation/involvement",
      "correct": false
    },
    {
      "text": "Unfortunately I took a nasty slip down five steps MM/DD/YYYY.",
      "true_label": "Generalinformation",
      "pred_label": "Symptoms",
      "correct": false
    },
    {
      "text": "Can you confirm?",
      "true_label": "activeParticipation/involvement",
      "pred_label": "activeParticipation/involvement",
      "correct": true
    },
    {
      "text": "Are we not doing the other tests right now the cbc and metabolic comprehensive",
      "true_label": "activeParticipation/involvement",
      "pred_label": "Diagnostics",
      "correct": false
    },
    {
      "text": "we will call to schedule a follow up.",
      "true_label": "maintainCommunication",
      "pred_label": "SchedulingAppt",
      "correct": false
    },
    {
      "text": "able to go back in again I need a note clearing",
      "true_label": "Generalinformation",
      "pred_label": "activeParticipation/involvement",
      "correct": false
    },
    {
      "text": "Good Morning Mr  Person1,",
      "true_label": "salutation",
      "pred_label": "salutation",
      "correct": true
    },
    {
      "text": "there has been a throwup bug going through my family.",
      "true_label": "Symptoms",
      "pred_label": "Symptoms",
      "correct": true
    },
    {
      "text": "your labs for Dr Person2 today so we can review",
      "true_label": "Diagnostics",
      "pred_label": "SchedulingAppt",
      "correct": false
    },
    {
      "text": "I just set up an appt for me to see",
      "true_label": "SchedulingAppt",
      "pred_label": "carecoordination",
      "correct": false
    },
    {
      "text": "Other than that i do not feel to bad.",
      "true_label": "Symptoms",
      "pred_label": "Symptoms",
      "correct": true
    },
    {
      "text": "Please note that the turn aro und time is",
      "true_label": "HealthCareAccessAndQuality",
      "pred_label": "SchedulingAppt",
      "correct": false
    },
    {
      "text": "to return to work first week in MM/DD/YYYY Can you call me to discuss",
      "true_label": "EconomicStability",
      "pred_label": "SchedulingAppt",
      "correct": false
    },
    {
      "text": "I see my PSA continues",
      "true_label": "Diagnostics",
      "pred_label": "Diagnostics",
      "correct": true
    },
    {
      "text": "May I speak with Dr  Person1 XXX-XXX-XXXX",
      "true_label": "activeParticipation/involvement",
      "pred_label": "carecoordination",
      "correct": false
    },
    {
      "text": "Please let me know",
      "true_label": "Diagnostics",
      "pred_label": "activeParticipation/involvement",
      "correct": false
    },
    {
      "text": "contacted your office for my xeralto to be refiled",
      "true_label": "Drugs",
      "pred_label": "HealthCareAccessAndQuality",
      "correct": false
    },
    {
      "text": "Hi",
      "true_label": "salutation",
      "pred_label": "salutation",
      "correct": true
    },
    {
      "text": "Or  Should be concerned because drop",
      "true_label": "ExpressConcern/unease",
      "pred_label": "ExpressConcern/unease",
      "correct": true
    },
    {
      "text": "All better,",
      "true_label": "Symptoms",
      "pred_label": "Alignment",
      "correct": false
    },
    {
      "text": "Hi",
      "true_label": "salutation",
      "pred_label": "salutation",
      "correct": true
    },
    {
      "text": "I just spoke with Dr. Person2 to reschedule",
      "true_label": "carecoordination",
      "pred_label": "carecoordination",
      "correct": true
    },
    {
      "text": "Try to have a good evening.",
      "true_label": "connection",
      "pred_label": "connection",
      "correct": true
    },
    {
      "text": "Dr. Person1 is happy to give him time to recover",
      "true_label": "ShareOptions",
      "pred_label": "carecoordination",
      "correct": false
    },
    {
      "text": "Thanks,",
      "true_label": "signoff",
      "pred_label": "signoff",
      "correct": true
    },
    {
      "text": "Thank you.",
      "true_label": "signoff",
      "pred_label": "signoff",
      "correct": true
    },
    {
      "text": "Thank you very much.",
      "true_label": "Appreciation/Gratitude",
      "pred_label": "Appreciation/Gratitude",
      "correct": true
    },
    {
      "text": "well please hold and call",
      "true_label": "Instruction",
      "pred_label": "HealthCareAccessAndQuality",
      "correct": false
    },
    {
      "text": "Please call our office at XXX-XXX-XXXX to schedule",
      "true_label": "SchedulingAppt",
      "pred_label": "SchedulingAppt",
      "correct": true
    },
    {
      "text": "free to call them at XXX-XXX-XXXX.",
      "true_label": "Instruction",
      "pred_label": "Instruction",
      "correct": true
    },
    {
      "text": "with my husband.",
      "true_label": "Generalinformation",
      "pred_label": "Generalinformation",
      "correct": true
    },
    {
      "text": "(Earlier that day,",
      "true_label": "statePreferences",
      "pred_label": "Generalinformation",
      "correct": false
    },
    {
      "text": "I have had pain on the left side of my breast and right above in the chest area.",
      "true_label": "Symptoms",
      "pred_label": "Symptoms",
      "correct": true
    },
    {
      "text": "The good doctor is swamped in a emails and she wants",
      "true_label": "Generalinformation",
      "pred_label": "carecoordination",
      "correct": false
    },
    {
      "text": "care of these prescriptions now.",
      "true_label": "Drugs",
      "pred_label": "activeParticipation/involvement",
      "correct": false
    },
    {
      "text": "I don begin until MM/DD/YYYY.",
      "true_label": "SchedulingAppt",
      "pred_label": "Diagnostics",
      "correct": false
    },
    {
      "text": "Good afternoon Yes a referral has been placed for genetics They should be reaching",
      "true_label": "carecoordination",
      "pred_label": "carecoordination",
      "correct": true
    },
    {
      "text": "Thanks for your reply.",
      "true_label": "Appreciation/Gratitude",
      "pred_label": "Appreciation/Gratitude",
      "correct": true
    },
    {
      "text": "he would take",
      "true_label": "Drugs",
      "pred_label": "MakeDecision",
      "correct": false
    },
    {
      "text": "Hi",
      "true_label": "salutation",
      "pred_label": "salutation",
      "correct": true
    },
    {
      "text": "Thanks,",
      "true_label": "signoff",
      "pred_label": "signoff",
      "correct": true
    },
    {
      "text": "Hi Person1 Do you have a fax number for Dr Person2 and I can fax",
      "true_label": "carecoordination",
      "pred_label": "Generalinformation",
      "correct": false
    },
    {
      "text": "Could you please cancel my PET and CT",
      "true_label": "activeParticipation/involvement",
      "pred_label": "SchedulingAppt",
      "correct": false
    },
    {
      "text": "Thank",
      "true_label": "signoff",
      "pred_label": "signoff",
      "correct": true
    },
    {
      "text": "I still have the surgical drain in place,",
      "true_label": "Generalinformation",
      "pred_label": "HealthCareAccessAndQuality",
      "correct": false
    },
    {
      "text": "He recommended Zanubrutinib at this time.",
      "true_label": "Drugs",
      "pred_label": "Drugs",
      "correct": true
    },
    {
      "text": "Thanks so much for your reply.",
      "true_label": "Appreciation/Gratitude",
      "pred_label": "Appreciation/Gratitude",
      "correct": true
    },
    {
      "text": "Regards,",
      "true_label": "signoff",
      "pred_label": "signoff",
      "correct": true
    },
    {
      "text": "Is it possible to add my Advanced Radiology CAT scan of MM/DD/YYYY to mychart?",
      "true_label": "Diagnostics",
      "pred_label": "Diagnostics",
      "correct": true
    },
    {
      "text": "I have one other question.",
      "true_label": "activeParticipation/involvement",
      "pred_label": "Generalinformation",
      "correct": false
    },
    {
      "text": "I sorry I get",
      "true_label": "AcknowledgeError",
      "pred_label": "Symptoms",
      "correct": false
    },
    {
      "text": "Re Oxy 15mg rapid release: per Dr. Person2's desire and Dr. B agree to get Person3 off Oxy ext release ASAP,",
      "true_label": "carecoordination",
      "pred_label": "Drugs",
      "correct": false
    },
    {
      "text": "Many thanks!",
      "true_label": "signoff",
      "pred_label": "signoff",
      "correct": true
    },
    {
      "text": "a time frame that works",
      "true_label": "SchedulingAppt",
      "pred_label": "SchedulingAppt",
      "correct": true
    },
    {
      "text": "Person2- I forwarded her the message!",
      "true_label": "carecoordination",
      "pred_label": "carecoordination",
      "correct": true
    },
    {
      "text": "My dad rash has diminished substantially since starting the Gabapentin.",
      "true_label": "Symptoms",
      "pred_label": "Symptoms",
      "correct": true
    },
    {
      "text": "I have asked our pharmacy to expedite delivery to you so you can start",
      "true_label": "carecoordination",
      "pred_label": "SchedulingAppt",
      "correct": false
    },
    {
      "text": "Her email address is: address@email.com.",
      "true_label": "carecoordination",
      "pred_label": "Generalinformation",
      "correct": false
    },
    {
      "text": "I hope you well.",
      "true_label": "connection",
      "pred_label": "connection",
      "correct": true
    },
    {
      "text": "I was in contact with Dr  Person1.",
      "true_label": "carecoordination",
      "pred_label": "carecoordination",
      "correct": true
    },
    {
      "text": "to create extra work,",
      "true_label": "connection",
      "pred_label": "EconomicStability",
      "correct": false
    },
    {
      "text": "They are ok to order but need",
      "true_label": "carecoordination",
      "pred_label": "Diagnostics",
      "correct": false
    },
    {
      "text": "The UTI symptoms are getting",
      "true_label": "Symptoms",
      "pred_label": "Symptoms",
      "correct": true
    },
    {
      "text": "Person1 rec'd a notice MM/DD/YYYY (MM/DD/YYYY,",
      "true_label": "Generalinformation",
      "pred_label": "carecoordination",
      "correct": false
    },
    {
      "text": "I hope all is",
      "true_label": "connection",
      "pred_label": "connection",
      "correct": true
    },
    {
      "text": "A blood lab will be performed around the second week of Oct. and a video visit with Dr  Person3 will be",
      "true_label": "Diagnostics",
      "pred_label": "carecoordination",
      "correct": false
    },
    {
      "text": "the Person1 on Saturday morning 8/19.",
      "true_label": "Drugs",
      "pred_label": "Generalinformation",
      "correct": false
    },
    {
      "text": "So it has traveled to my femurs and it also indicates",
      "true_label": "expressOpinions",
      "pred_label": "Diagnostics",
      "correct": false
    },
    {
      "text": "Hi Person1 Hope you've got your feet up.",
      "true_label": "connection",
      "pred_label": "connection",
      "correct": true
    },
    {
      "text": "1 is my cancer considered to be in remission?",
      "true_label": "activeParticipation/involvement",
      "pred_label": "Diagnostics",
      "correct": false
    },
    {
      "text": "Thank you Person1.",
      "true_label": "signoff",
      "pred_label": "signoff",
      "correct": true
    },
    {
      "text": "that the CA27.29 has been",
      "true_label": "Diagnostics",
      "pred_label": "Diagnostics",
      "correct": true
    },
    {
      "text": "I hope that helps",
      "true_label": "connection",
      "pred_label": "connection",
      "correct": true
    },
    {
      "text": "could you also ensure a blood clotting time test is included",
      "true_label": "statePreferences",
      "pred_label": "statePreferences",
      "correct": true
    },
    {
      "text": "Please let me know",
      "true_label": "activeParticipation/involvement",
      "pred_label": "activeParticipation/involvement",
      "correct": true
    },
    {
      "text": ":-)     Would you mind writing me a note for work saying that I had tested",
      "true_label": "EconomicStability",
      "pred_label": "HealthCareAccessAndQuality",
      "correct": false
    },
    {
      "text": "Thanks,",
      "true_label": "signoff",
      "pred_label": "signoff",
      "correct": true
    },
    {
      "text": "Regards,",
      "true_label": "signoff",
      "pred_label": "signoff",
      "correct": true
    },
    {
      "text": "that is",
      "true_label": "signoff",
      "pred_label": "Alignment",
      "correct": false
    },
    {
      "text": "to make an office visit for Person1 to review",
      "true_label": "HealthCareAccessAndQuality",
      "pred_label": "Instruction",
      "correct": false
    },
    {
      "text": "Please release psa results",
      "true_label": "Diagnostics",
      "pred_label": "Diagnostics",
      "correct": true
    },
    {
      "text": "Thank you I understand",
      "true_label": "Alignment",
      "pred_label": "signoff",
      "correct": false
    },
    {
      "text": "I'll pass your message along to the surgery team.",
      "true_label": "carecoordination",
      "pred_label": "carecoordination",
      "correct": true
    },
    {
      "text": "Could you please let me know",
      "true_label": "Diagnostics",
      "pred_label": "activeParticipation/involvement",
      "correct": false
    },
    {
      "text": "that refill between 5-10 business days.",
      "true_label": "Drugs",
      "pred_label": "Drugs",
      "correct": true
    },
    {
      "text": "New pics three hours later",
      "true_label": "Generalinformation",
      "pred_label": "Diagnostics",
      "correct": false
    },
    {
      "text": "Perfect!",
      "true_label": "Alignment",
      "pred_label": "Alignment",
      "correct": true
    },
    {
      "text": "Have a great day!",
      "true_label": "connection",
      "pred_label": "connection",
      "correct": true
    },
    {
      "text": "Next one is scheduled for MM/DD/YYYY.",
      "true_label": "SchedulingAppt",
      "pred_label": "SchedulingAppt",
      "correct": true
    },
    {
      "text": "able to scan it and uploaded",
      "true_label": "EconomicStability",
      "pred_label": "HealthCareAccessAndQuality",
      "correct": false
    },
    {
      "text": "Do i need blood work before I see",
      "true_label": "Diagnostics",
      "pred_label": "Diagnostics",
      "correct": true
    },
    {
      "text": "Hello,",
      "true_label": "salutation",
      "pred_label": "salutation",
      "correct": true
    },
    {
      "text": "How long has this been going on?",
      "true_label": "Symptoms",
      "pred_label": "expressOpinions",
      "correct": false
    },
    {
      "text": "Yes,",
      "true_label": "Alignment",
      "pred_label": "Alignment",
      "correct": true
    },
    {
      "text": "Good afternoon,",
      "true_label": "salutation",
      "pred_label": "salutation",
      "correct": true
    },
    {
      "text": "Person1 has been taking Oxycodone HCL 15mg,",
      "true_label": "Drugs",
      "pred_label": "Drugs",
      "correct": true
    },
    {
      "text": "you in the office in a while,",
      "true_label": "Generalinformation",
      "pred_label": "SchedulingAppt",
      "correct": false
    },
    {
      "text": "Good morning Dr. Person1,",
      "true_label": "salutation",
      "pred_label": "salutation",
      "correct": true
    },
    {
      "text": "Did he pick up the dexamethasone and Compazine",
      "true_label": "Drugs",
      "pred_label": "Drugs",
      "correct": true
    },
    {
      "text": "My dad left hand is red,",
      "true_label": "Symptoms",
      "pred_label": "Symptoms",
      "correct": true
    },
    {
      "text": "I will let you know",
      "true_label": "maintainCommunication",
      "pred_label": "maintainCommunication",
      "correct": true
    },
    {
      "text": "my pain has increased in the past couple of days.",
      "true_label": "Symptoms",
      "pred_label": "Symptoms",
      "correct": true
    },
    {
      "text": "By that time I will be cleared to drive.",
      "true_label": "NeighborhoodAndBuiltEnvironment",
      "pred_label": "HealthCareAccessAndQuality",
      "correct": false
    },
    {
      "text": "able to do that there",
      "true_label": "expressOpinions",
      "pred_label": "activeParticipation/involvement",
      "correct": false
    },
    {
      "text": "No refill needed as of now.",
      "true_label": "Drugs",
      "pred_label": "Drugs",
      "correct": true
    },
    {
      "text": "the next one should have been around MM/DD/YYYY   24 weeks later.",
      "true_label": "SchedulingAppt",
      "pred_label": "Diagnostics",
      "correct": false
    },
    {
      "text": "Thank you,",
      "true_label": "signoff",
      "pred_label": "signoff",
      "correct": true
    },
    {
      "text": "Thanks again!",
      "true_label": "Appreciation/Gratitude",
      "pred_label": "signoff",
      "correct": false
    },
    {
      "text": "Many thanks.",
      "true_label": "signoff",
      "pred_label": "signoff",
      "correct": true
    },
    {
      "text": "to try to have it before the weekend.",
      "true_label": "statePreferences",
      "pred_label": "statePreferences",
      "correct": true
    },
    {
      "text": "See you MM/DD/YYYY.",
      "true_label": "connection",
      "pred_label": "connection",
      "correct": true
    },
    {
      "text": "Have you been doing the nail soaks?",
      "true_label": "Generalinformation",
      "pred_label": "Symptoms",
      "correct": false
    },
    {
      "text": "evolution in the 2 newly spot nodal issues,",
      "true_label": "Symptoms",
      "pred_label": "Diagnostics",
      "correct": false
    },
    {
      "text": "Thanx!",
      "true_label": "signoff",
      "pred_label": "signoff",
      "correct": true
    },
    {
      "text": "Hello,",
      "true_label": "salutation",
      "pred_label": "salutation",
      "correct": true
    },
    {
      "text": "I will call her as well to confirm",
      "true_label": "Generalinformation",
      "pred_label": "activeParticipation/involvement",
      "correct": false
    },
    {
      "text": "Yes,",
      "true_label": "Alignment",
      "pred_label": "Alignment",
      "correct": true
    },
    {
      "text": "Its been about a week now.",
      "true_label": "Symptoms",
      "pred_label": "Symptoms",
      "correct": true
    },
    {
      "text": "What date?",
      "true_label": "SchedulingAppt",
      "pred_label": "activeParticipation/involvement",
      "correct": false
    },
    {
      "text": "I am so sorry to hear that.",
      "true_label": "Sadness/fear",
      "pred_label": "Sadness/fear",
      "correct": true
    },
    {
      "text": "your  message below I can better respond to your question.",
      "true_label": "Generalinformation",
      "pred_label": "activeParticipation/involvement",
      "correct": false
    },
    {
      "text": "I will pass your request along to Dr. Person1.",
      "true_label": "carecoordination",
      "pred_label": "carecoordination",
      "correct": true
    },
    {
      "text": "and a Happy New Year",
      "true_label": "connection",
      "pred_label": "connection",
      "correct": true
    },
    {
      "text": "I have not completely recovered from the surgery of MM/DD/YYYY.",
      "true_label": "Symptoms",
      "pred_label": "Generalinformation",
      "correct": false
    },
    {
      "text": "Yes but in a diminished capacity.",
      "true_label": "HealthCareAccessAndQuality",
      "pred_label": "Alignment",
      "correct": false
    },
    {
      "text": "Dr. Person3 is ok with having you get",
      "true_label": "carecoordination",
      "pred_label": "carecoordination",
      "correct": true
    },
    {
      "text": "through Person2 messages as well.",
      "true_label": "carecoordination",
      "pred_label": "Generalinformation",
      "correct": false
    },
    {
      "text": "will they remove my port as well?",
      "true_label": "Generalinformation",
      "pred_label": "activeParticipation/involvement",
      "correct": false
    },
    {
      "text": "Thanks Person1 - that would be great",
      "true_label": "connection",
      "pred_label": "signoff",
      "correct": false
    },
    {
      "text": "Perfect!",
      "true_label": "Alignment",
      "pred_label": "Alignment",
      "correct": true
    },
    {
      "text": "at the Org4 dental clinic.",
      "true_label": "HealthCareAccessAndQuality",
      "pred_label": "HealthCareAccessAndQuality",
      "correct": true
    },
    {
      "text": "Depending on results there might be a decision to make whether to restart",
      "true_label": "ExploreOptions",
      "pred_label": "checkingUnderstanding/clarification",
      "correct": false
    },
    {
      "text": "Thanks",
      "true_label": "signoff",
      "pred_label": "signoff",
      "correct": true
    },
    {
      "text": "They ordered a CT scan of the neck for MM/DD/YYYY and a ENT consultation",
      "true_label": "Diagnostics",
      "pred_label": "Diagnostics",
      "correct": true
    },
    {
      "text": "Thanks for the quick response.",
      "true_label": "Appreciation/Gratitude",
      "pred_label": "Appreciation/Gratitude",
      "correct": true
    },
    {
      "text": "I had it drawn",
      "true_label": "Diagnostics",
      "pred_label": "Diagnostics",
      "correct": true
    },
    {
      "text": "We are both at the limit of getting \"stuck.\"",
      "true_label": "Generalinformation",
      "pred_label": "expressOpinions",
      "correct": false
    },
    {
      "text": "You can restart once the test is",
      "true_label": "MakeDecision",
      "pred_label": "Instruction",
      "correct": false
    },
    {
      "text": "OK thanks.",
      "true_label": "signoff",
      "pred_label": "signoff",
      "correct": true
    },
    {
      "text": "I will no problem.",
      "true_label": "activeParticipation/involvement",
      "pred_label": "Approval/Reinforcement",
      "correct": false
    },
    {
      "text": "more information we will update everyone.",
      "true_label": "maintainCommunication",
      "pred_label": "maintainCommunication",
      "correct": true
    },
    {
      "text": "I hope this is",
      "true_label": "connection",
      "pred_label": "connection",
      "correct": true
    },
    {
      "text": "right section my husband picked",
      "true_label": "expressOpinions",
      "pred_label": "Generalinformation",
      "correct": false
    },
    {
      "text": "I go for a follow up MRI  this coming MM/DD/YYYY.",
      "true_label": "Diagnostics",
      "pred_label": "Diagnostics",
      "correct": true
    },
    {
      "text": "Thank you Person3",
      "true_label": "signoff",
      "pred_label": "signoff",
      "correct": true
    },
    {
      "text": "Hi  I had my MM/DD/YYYY bloodwork done",
      "true_label": "Diagnostics",
      "pred_label": "Diagnostics",
      "correct": true
    },
    {
      "text": "What does that mean for me?",
      "true_label": "activeParticipation/involvement",
      "pred_label": "activeParticipation/involvement",
      "correct": true
    },
    {
      "text": "Abiraterone (Zytiga) is not know",
      "true_label": "Drugs",
      "pred_label": "Drugs",
      "correct": true
    },
    {
      "text": "I like to reschedule the cat and bone scans",
      "true_label": "SchedulingAppt",
      "pred_label": "SchedulingAppt",
      "correct": true
    },
    {
      "text": "Good Morning,",
      "true_label": "salutation",
      "pred_label": "salutation",
      "correct": true
    },
    {
      "text": "Can I take that with the Ibrance?",
      "true_label": "SeekingApproval",
      "pred_label": "Drugs",
      "correct": false
    },
    {
      "text": "Thank you,",
      "true_label": "signoff",
      "pred_label": "signoff",
      "correct": true
    },
    {
      "text": "We can bring him tomorrow for a treatment.",
      "true_label": "Drugs",
      "pred_label": "SchedulingAppt",
      "correct": false
    },
    {
      "text": "on the medications and since finishing radiation",
      "true_label": "Drugs",
      "pred_label": "HealthCareAccessAndQuality",
      "correct": false
    },
    {
      "text": "Is he still going to be seeing patients in clinic?",
      "true_label": "HealthCareAccessAndQuality",
      "pred_label": "Generalinformation",
      "correct": false
    },
    {
      "text": "Have a nice day!",
      "true_label": "signoff",
      "pred_label": "connection",
      "correct": false
    },
    {
      "text": "you could try that to help you sleep",
      "true_label": "HealthCareAccessAndQuality",
      "pred_label": "Instruction",
      "correct": false
    },
    {
      "text": "it has not helped.",
      "true_label": "Drugs",
      "pred_label": "Symptoms",
      "correct": false
    },
    {
      "text": "Sincerely,",
      "true_label": "signoff",
      "pred_label": "signoff",
      "correct": true
    },
    {
      "text": "Thanks!",
      "true_label": "Appreciation/Gratitude",
      "pred_label": "signoff",
      "correct": false
    },
    {
      "text": "We will be on the look out for results and keep",
      "true_label": "maintainCommunication",
      "pred_label": "maintainCommunication",
      "correct": true
    },
    {
      "text": "Thanks Person1",
      "true_label": "signoff",
      "pred_label": "signoff",
      "correct": true
    },
    {
      "text": "Hi.",
      "true_label": "salutation",
      "pred_label": "salutation",
      "correct": true
    },
    {
      "text": "Thank you   Person1",
      "true_label": "signoff",
      "pred_label": "signoff",
      "correct": true
    },
    {
      "text": "can i get my recent psa results",
      "true_label": "Diagnostics",
      "pred_label": "Diagnostics",
      "correct": true
    },
    {
      "text": "Dr  Person1 on MM/DD/YYYY.",
      "true_label": "SchedulingAppt",
      "pred_label": "carecoordination",
      "correct": false
    },
    {
      "text": "Cool     I need Dr Person1 to send",
      "true_label": "Drugs",
      "pred_label": "carecoordination",
      "correct": false
    },
    {
      "text": "it whenever I need",
      "true_label": "carecoordination",
      "pred_label": "Generalinformation",
      "correct": false
    },
    {
      "text": "me if I wrong-",
      "true_label": "connection",
      "pred_label": "SeekingApproval",
      "correct": false
    },
    {
      "text": "Thanks,",
      "true_label": "signoff",
      "pred_label": "signoff",
      "correct": true
    },
    {
      "text": "I will put in a nutrition referral and a nutritionist should be calling",
      "true_label": "carecoordination",
      "pred_label": "carecoordination",
      "correct": true
    },
    {
      "text": "Please let me know",
      "true_label": "activeParticipation/involvement",
      "pred_label": "activeParticipation/involvement",
      "correct": true
    },
    {
      "text": "would you make a referral now?",
      "true_label": "activeParticipation/involvement",
      "pred_label": "carecoordination",
      "correct": false
    },
    {
      "text": "Concern is growing as melanomas grow",
      "true_label": "ExpressConcern/unease",
      "pred_label": "Symptoms",
      "correct": false
    },
    {
      "text": "I am talking about a brain MRI",
      "true_label": "Diagnostics",
      "pred_label": "Diagnostics",
      "correct": true
    },
    {
      "text": "with Dr. Person1  In Org3.",
      "true_label": "HealthCareAccessAndQuality",
      "pred_label": "HealthCareAccessAndQuality",
      "correct": true
    },
    {
      "text": "Good morning- please call",
      "true_label": "salutation",
      "pred_label": "salutation",
      "correct": true
    },
    {
      "text": "Thanks.",
      "true_label": "signoff",
      "pred_label": "signoff",
      "correct": true
    },
    {
      "text": "Thanks for getting back to me have a good day",
      "true_label": "Appreciation/Gratitude",
      "pred_label": "Appreciation/Gratitude",
      "correct": true
    },
    {
      "text": "Do you prefer to tackle this?",
      "true_label": "activeParticipation/involvement",
      "pred_label": "SeekingApproval",
      "correct": false
    },
    {
      "text": "Hi,",
      "true_label": "salutation",
      "pred_label": "salutation",
      "correct": true
    },
    {
      "text": "not an urgent t est.",
      "true_label": "Reassurance",
      "pred_label": "Alignment",
      "correct": false
    },
    {
      "text": "two per  Day (400 mg).",
      "true_label": "Drugs",
      "pred_label": "Drugs",
      "correct": true
    },
    {
      "text": "Perfect that works",
      "true_label": "Alignment",
      "pred_label": "Alignment",
      "correct": true
    },
    {
      "text": "Can I change this to MM/DD/YYYY or MM/DD/YYYY",
      "true_label": "SchedulingAppt",
      "pred_label": "HealthCareAccessAndQuality",
      "correct": false
    },
    {
      "text": "the verzenio will cause",
      "true_label": "Drugs",
      "pred_label": "Drugs",
      "correct": true
    },
    {
      "text": "it was re-sent today at 4 pm Person2  GU APRN",
      "true_label": "Drugs",
      "pred_label": "Diagnostics",
      "correct": false
    },
    {
      "text": "you to do a consent on the phone.",
      "true_label": "carecoordination",
      "pred_label": "HealthCareAccessAndQuality",
      "correct": false
    },
    {
      "text": "We try to triage the nursing in-basket.",
      "true_label": "Generalinformation",
      "pred_label": "Generalinformation",
      "correct": true
    },
    {
      "text": "and sleeping",
      "true_label": "HealthCareAccessAndQuality",
      "pred_label": "Generalinformation",
      "correct": false
    },
    {
      "text": "The Org1 dental clinic has a sizable backup due to the pandemic.",
      "true_label": "HealthCareAccessAndQuality",
      "pred_label": "Generalinformation",
      "correct": false
    },
    {
      "text": "They did fill one more but said",
      "true_label": "Drugs",
      "pred_label": "Generalinformation",
      "correct": false
    },
    {
      "text": "Good Morning,",
      "true_label": "salutation",
      "pred_label": "salutation",
      "correct": true
    },
    {
      "text": "I compared the impression from the PET  from MM/DD/YYYY to the one in MM/DD/YYYY and they are",
      "true_label": "Diagnostics",
      "pred_label": "Diagnostics",
      "correct": true
    },
    {
      "text": "The nurses from pre admission testing place the COVID test lab orders 1 week in advance  from procedure ,",
      "true_label": "carecoordination",
      "pred_label": "SchedulingAppt",
      "correct": false
    },
    {
      "text": "back from Dr. Person1 before the weekend?",
      "true_label": "activeParticipation/involvement",
      "pred_label": "SchedulingAppt",
      "correct": false
    },
    {
      "text": "your suggestion to consult a vascular surgeon.",
      "true_label": "ApprovalofDecision/Reinforcement",
      "pred_label": "carecoordination",
      "correct": false
    },
    {
      "text": "Can you tell me how to get her records over to your facility and recommend",
      "true_label": "HealthCareAccessAndQuality",
      "pred_label": "activeParticipation/involvement",
      "correct": false
    },
    {
      "text": "Hi ,",
      "true_label": "salutation",
      "pred_label": "salutation",
      "correct": true
    },
    {
      "text": "Please advise me how to submit this to G Hosp,",
      "true_label": "Generalinformation",
      "pred_label": "carecoordination",
      "correct": false
    },
    {
      "text": "Good Morning Mr Person2,",
      "true_label": "salutation",
      "pred_label": "salutation",
      "correct": true
    },
    {
      "text": "It works a little better than the Oxycodone.",
      "true_label": "Drugs",
      "pred_label": "Drugs",
      "correct": true
    },
    {
      "text": "Started week three MM/DD/YYYY.",
      "true_label": "Generalinformation",
      "pred_label": "HealthCareAccessAndQuality",
      "correct": false
    },
    {
      "text": "The therapist will set up your calendar for appointments.",
      "true_label": "SchedulingAppt",
      "pred_label": "SchedulingAppt",
      "correct": true
    },
    {
      "text": "Otherwise the scheduling team does not know you need",
      "true_label": "checkingUnderstanding/clarification",
      "pred_label": "Instruction",
      "correct": false
    },
    {
      "text": "He prescribed me Ketorolac (Toradol) and my insurance would not cover",
      "true_label": "Drugs",
      "pred_label": "Drugs",
      "correct": true
    },
    {
      "text": "Sure.",
      "true_label": "Alignment",
      "pred_label": "Alignment",
      "correct": true
    },
    {
      "text": "We would need a calcium level prior to that.",
      "true_label": "Diagnostics",
      "pred_label": "Diagnostics",
      "correct": true
    },
    {
      "text": "Hi yes will have APRN fill today after clinic.",
      "true_label": "carecoordination",
      "pred_label": "SchedulingAppt",
      "correct": false
    },
    {
      "text": "I think a new treatment plan was put",
      "true_label": "checkingUnderstanding/clarification",
      "pred_label": "expressOpinions",
      "correct": false
    },
    {
      "text": "I forgot to give you my cell number which would be",
      "true_label": "Generalinformation",
      "pred_label": "Generalinformation",
      "correct": true
    }
  ]
}