[
  {
    "id": "652_0_1",
    "text": "I have a choice tomorrow for Moderna or Johnson",
    "true_label": "ExploreOptions",
    "true_codebook": "Explore_options",
    "pred_label": "SeekingApproval",
    "pred_codebook": "Seeking_Approval",
    "correct": false
  },
  {
    "id": "633_1_0",
    "text": "Can I put a copy in the mail to you?",
    "true_label": "ShareOptions",
    "true_codebook": "Share_options",
    "pred_label": "Generalinformation",
    "pred_codebook": "General_information",
    "correct": false
  },
  {
    "id": "215_2_3",
    "text": "to be doing about scans now.",
    "true_label": "expressOpinions",
    "true_codebook": "express_opinions",
    "pred_label": "Diagnostics",
    "pred_codebook": "Diagnostics",
    "correct": false
  },
  {
    "id": "33_0_0",
    "text": "Thank you Person1.",
    "true_label": "signoff",
    "true_codebook": "signoff",
    "pred_label": "MakeDecision",
    "pred_codebook": "Making_decision_together",
    "correct": false
  },
  {
    "id": "295_0_0",
    "text": "What would Dr Person1 like me to do",
    "true_label": "ExploreOptions",
    "true_codebook": "Explore_options",
    "pred_label": "activeParticipation/involvement",
    "pred_codebook": "active_participation_/involvement",
    "correct": false
  },
  {
    "id": "622_1_0",
    "text": "I am in recovery for back surgery.",
    "true_label": "Generalinformation",
    "true_codebook": "General_information",
    "pred_label": "activeParticipation/involvement",
    "pred_codebook": "active_participation_/involvement",
    "correct": false
  },
  {
    "id": "291_2_0",
    "text": "Is this correct?",
    "true_label": "SeekingApproval",
    "true_codebook": "Seeking_Approval",
    "pred_label": "activeParticipation/involvement",
    "pred_codebook": "active_participation_/involvement",
    "correct": false
  },
  {
    "id": "521_0_0",
    "text": "Ok thank you   I had",
    "true_label": "signoff",
    "true_codebook": "signoff",
    "pred_label": "carecoordination",
    "pred_codebook": "Care_Coordination",
    "correct": false
  },
  {
    "id": "35_0_1",
    "text": "Ok for you to get",
    "true_label": "Drugs",
    "true_codebook": "Drugs",
    "pred_label": "Diagnostics",
    "pred_codebook": "Diagnostics",
    "correct": false
  },
  {
    "id": "516_1_0",
    "text": "Thanks!",
    "true_label": "Appreciation/Gratitude",
    "true_codebook": "Appreciation/gratitude",
    "pred_label": "signoff",
    "pred_codebook": "signoff",
    "correct": false
  },
  {
    "id": "263_0_7",
    "text": "it off in the front check in desk and let",
    "true_label": "Instruction",
    "true_codebook": "instruction",
    "pred_label": "EconomicStability",
    "pred_codebook": "Economic_stability",
    "correct": false
  },
  {
    "id": "320_0_0",
    "text": "Person1 i took a home test today and was",
    "true_label": "Diagnostics",
    "true_codebook": "Diagnostics",
    "pred_label": "Drugs",
    "pred_codebook": "Drugs",
    "correct": false
  },
  {
    "id": "524_8_0",
    "text": "Should we restart prednisone 2.5 or 5",
    "true_label": "ExploreOptions",
    "true_codebook": "Explore_options",
    "pred_label": "activeParticipation/involvement",
    "pred_codebook": "active_participation_/involvement",
    "correct": false
  },
  {
    "id": "287_0_0",
    "text": "Hi Person1 The plan is to continue on the 100mg.",
    "true_label": "Drugs",
    "true_codebook": "Drugs",
    "pred_label": "MakeDecision",
    "pred_codebook": "Making_decision_together",
    "correct": false
  },
  {
    "id": "95_0_5",
    "text": "on pandemic obviously.",
    "true_label": "Generalinformation",
    "true_codebook": "General_information",
    "pred_label": "carecoordination",
    "pred_codebook": "Care_Coordination",
    "correct": false
  },
  {
    "id": "207_3_0",
    "text": "Please expedite.",
    "true_label": "statePreferences",
    "true_codebook": "state_preferences",
    "pred_label": "SchedulingAppt",
    "pred_codebook": "Scheduling_appt",
    "correct": false
  },
  {
    "id": "204_1_0",
    "text": "His office called me about 12 days ago asking",
    "true_label": "Diagnostics",
    "true_codebook": "Diagnostics",
    "pred_label": "carecoordination",
    "pred_codebook": "Care_Coordination",
    "correct": false
  },
  {
    "id": "544_0_0",
    "text": "I just saw my PSA score from yesterday.",
    "true_label": "activeParticipation/involvement",
    "true_codebook": "active_participation_/involvement",
    "pred_label": "Diagnostics",
    "pred_codebook": "Diagnostics",
    "correct": false
  },
  {
    "id": "289_1_0",
    "text": "I will enter one now.",
    "true_label": "Diagnostics",
    "true_codebook": "Diagnostics",
    "pred_label": "Drugs",
    "pred_codebook": "Drugs",
    "correct": false
  },
  {
    "id": "14_0_3",
    "text": "revised radio-surgery plan.",
    "true_label": "inviteCollaboration",
    "true_codebook": "invite_collaboration",
    "pred_label": "carecoordination",
    "pred_codebook": "Care_Coordination",
    "correct": false
  },
  {
    "id": "31_0_4",
    "text": "ok to continue this round of Ibrance?",
    "true_label": "Drugs",
    "true_codebook": "Drugs",
    "pred_label": "SchedulingAppt",
    "pred_codebook": "Scheduling_appt",
    "correct": false
  },
  {
    "id": "673_0_2",
    "text": "I never received actual appointment confirmation or e check",
    "true_label": "SchedulingAppt",
    "true_codebook": "Scheduling_appt",
    "pred_label": "activeParticipation/involvement",
    "pred_codebook": "active_participation_/involvement",
    "correct": false
  },
  {
    "id": "21_4_0",
    "text": "Please advise.",
    "true_label": "Generalinformation",
    "true_codebook": "General_information",
    "pred_label": "signoff",
    "pred_codebook": "signoff",
    "correct": false
  },
  {
    "id": "542_0_3",
    "text": "when old org2  with open again,",
    "true_label": "checkingUnderstanding/clarification",
    "true_codebook": "checking_understanding/clarification",
    "pred_label": "HealthCareAccessAndQuality",
    "pred_codebook": "Health_care_access_and_quality",
    "correct": false
  },
  {
    "id": "242_1_1",
    "text": "a 16 page fax for your attention    Thanks,",
    "true_label": "carecoordination",
    "true_codebook": "Care_Coordination",
    "pred_label": "Generalinformation",
    "pred_codebook": "General_information",
    "correct": false
  },
  {
    "id": "339_2_0",
    "text": "So it has traveled to my femurs and it also indicates",
    "true_label": "expressOpinions",
    "true_codebook": "express_opinions",
    "pred_label": "Diagnostics",
    "pred_codebook": "Diagnostics",
    "correct": false
  },
  {
    "id": "250_4_0",
    "text": "That appt is sched for Thurs.",
    "true_label": "SchedulingAppt",
    "true_codebook": "Scheduling_appt",
    "pred_label": "expressOpinions",
    "pred_codebook": "express_opinions",
    "correct": false
  },
  {
    "id": "325_2_0",
    "text": "Please note that the turn aro und time is",
    "true_label": "HealthCareAccessAndQuality",
    "true_codebook": "Health_care_access_and_quality",
    "pred_label": "Instruction",
    "pred_codebook": "instruction",
    "correct": false
  },
  {
    "id": "281_0_1",
    "text": "able to see the letter through mychart  under Person2,",
    "true_label": "Instruction",
    "true_codebook": "instruction",
    "pred_label": "Generalinformation",
    "pred_codebook": "General_information",
    "correct": false
  },
  {
    "id": "162_2_0",
    "text": "Call over to them and see",
    "true_label": "Instruction",
    "true_codebook": "instruction",
    "pred_label": "activeParticipation/involvement",
    "pred_codebook": "active_participation_/involvement",
    "correct": false
  },
  {
    "id": "204_2_0",
    "text": "Now however I can reach anyone who knows",
    "true_label": "ExpressConcern/unease",
    "true_codebook": "Express_concern/unease",
    "pred_label": "activeParticipation/involvement",
    "pred_codebook": "active_participation_/involvement",
    "correct": false
  },
  {
    "id": "27_0_3",
    "text": "a bit longer to show up in Person2.",
    "true_label": "Generalinformation",
    "true_codebook": "General_information",
    "pred_label": "activeParticipation/involvement",
    "pred_codebook": "active_participation_/involvement",
    "correct": false
  },
  {
    "id": "407_1_0",
    "text": "A blood lab will be performed around the second week of Oct. and a video visit with Dr  Person3 will be",
    "true_label": "Diagnostics",
    "true_codebook": "Diagnostics",
    "pred_label": "SchedulingAppt",
    "pred_codebook": "Scheduling_appt",
    "correct": false
  },
  {
    "id": "123_3_1",
    "text": "please let Dr Person1 take",
    "true_label": "carecoordination",
    "true_codebook": "Care_Coordination",
    "pred_label": "signoff",
    "pred_codebook": "signoff",
    "correct": false
  },
  {
    "id": "198_0_1",
    "text": "thank you.",
    "true_label": "signoff",
    "true_codebook": "signoff",
    "pred_label": "Symptoms",
    "pred_codebook": "Symptoms",
    "correct": false
  },
  {
    "id": "173_0_3",
    "text": "who she recommends",
    "true_label": "maintainCommunication",
    "true_codebook": "Maintain_communication",
    "pred_label": "carecoordination",
    "pred_codebook": "Care_Coordination",
    "correct": false
  },
  {
    "id": "255_1_0",
    "text": "I was sorry to see you so sad",
    "true_label": "Sadness/fear",
    "true_codebook": "Sadness/fear",
    "pred_label": "maintainCommunication",
    "pred_codebook": "Maintain_communication",
    "correct": false
  },
  {
    "id": "278_0_3",
    "text": "unwell you should hold the Ibrance.",
    "true_label": "Approval/Reinforcement",
    "true_codebook": "Approval/Reinforcement",
    "pred_label": "maintainCommunication",
    "pred_codebook": "Maintain_communication",
    "correct": false
  },
  {
    "id": "600_1_0",
    "text": "Just getting my day organized",
    "true_label": "Generalinformation",
    "true_codebook": "General_information",
    "pred_label": "HealthCareAccessAndQuality",
    "pred_codebook": "Health_care_access_and_quality",
    "correct": false
  },
  {
    "id": "363_2_2",
    "text": "home he didn feel good yesterday and today we had",
    "true_label": "Symptoms",
    "true_codebook": "Symptoms",
    "pred_label": "Generalinformation",
    "pred_codebook": "General_information",
    "correct": false
  },
  {
    "id": "254_2_2",
    "text": "a potential appointment tomorrow,",
    "true_label": "carecoordination",
    "true_codebook": "Care_Coordination",
    "pred_label": "SchedulingAppt",
    "pred_codebook": "Scheduling_appt",
    "correct": false
  },
  {
    "id": "615_0_1",
    "text": "I'll have Person1 help out.",
    "true_label": "carecoordination",
    "true_codebook": "Care_Coordination",
    "pred_label": "maintainCommunication",
    "pred_codebook": "Maintain_communication",
    "correct": false
  },
  {
    "id": "321_0_1",
    "text": "up to it please continue your zytiga (abiraterone) and prednisone",
    "true_label": "MakeDecision",
    "true_codebook": "Making_decision_together",
    "pred_label": "Drugs",
    "pred_codebook": "Drugs",
    "correct": false
  },
  {
    "id": "550_0_1",
    "text": "you got it drawn",
    "true_label": "Diagnostics",
    "true_codebook": "Diagnostics",
    "pred_label": "Alignment",
    "pred_codebook": "Alignment",
    "correct": false
  },
  {
    "id": "229_2_0",
    "text": "It is appropriate to consider surgery for the eyelid at this point.",
    "true_label": "MakeDecision",
    "true_codebook": "Making_decision_together",
    "pred_label": "inviteCollaboration",
    "pred_codebook": "invite_collaboration",
    "correct": false
  },
  {
    "id": "256_0_3",
    "text": "forward to meeting with Dr  Person2 on MM/DD/YYYY.",
    "true_label": "carecoordination",
    "true_codebook": "Care_Coordination",
    "pred_label": "Appreciation/Gratitude",
    "pred_codebook": "Appreciation/gratitude",
    "correct": false
  },
  {
    "id": "35_0_2",
    "text": "the vaccine for whooping cough (tdap) but you will have to do that at your PCP or local",
    "true_label": "HealthCareAccessAndQuality",
    "true_codebook": "Health_care_access_and_quality",
    "pred_label": "Reassurance",
    "pred_codebook": "Reassurance",
    "correct": false
  },
  {
    "id": "588_1_0",
    "text": "I am meant to start Ibrance on MM/DD/YYYY.",
    "true_label": "Drugs",
    "true_codebook": "Drugs",
    "pred_label": "Diagnostics",
    "pred_codebook": "Diagnostics",
    "correct": false
  },
  {
    "id": "25_0_1",
    "text": "you can get your labs done",
    "true_label": "Instruction",
    "true_codebook": "instruction",
    "pred_label": "Diagnostics",
    "pred_codebook": "Diagnostics",
    "correct": false
  },
  {
    "id": "305_1_0",
    "text": "I just checked and they are",
    "true_label": "maintainCommunication",
    "true_codebook": "Maintain_communication",
    "pred_label": "Diagnostics",
    "pred_codebook": "Diagnostics",
    "correct": false
  },
  {
    "id": "37_6_0",
    "text": "I have nothing to compare",
    "true_label": "Generalinformation",
    "true_codebook": "General_information",
    "pred_label": "expressOpinions",
    "pred_codebook": "express_opinions",
    "correct": false
  },
  {
    "id": "281_1_0",
    "text": "I will also send it via email.",
    "true_label": "maintainCommunication",
    "true_codebook": "Maintain_communication",
    "pred_label": "signoff",
    "pred_codebook": "signoff",
    "correct": false
  },
  {
    "id": "154_4_3",
    "text": "still there and is really affecting",
    "true_label": "HealthCareAccessAndQuality",
    "true_codebook": "Health_care_access_and_quality",
    "pred_label": "Symptoms",
    "pred_codebook": "Symptoms",
    "correct": false
  },
  {
    "id": "561_0_0",
    "text": "Thanks,",
    "true_label": "signoff",
    "true_codebook": "signoff",
    "pred_label": "Alignment",
    "pred_codebook": "Alignment",
    "correct": false
  },
  {
    "id": "104_0_0",
    "text": "Sorry to bother you folks.",
    "true_label": "connection",
    "true_codebook": "Connection",
    "pred_label": "salutation",
    "pred_codebook": "salutation",
    "correct": false
  },
  {
    "id": "473_0_0",
    "text": "I need to schedule my scans ahead of appointment with Dr Person1 on MM/DD/YYYY    Would also like",
    "true_label": "SchedulingAppt",
    "true_codebook": "Scheduling_appt",
    "pred_label": "statePreferences",
    "pred_codebook": "state_preferences",
    "correct": false
  },
  {
    "id": "661_2_0",
    "text": "Would like to pick up today.",
    "true_label": "statePreferences",
    "true_codebook": "state_preferences",
    "pred_label": "Generalinformation",
    "pred_codebook": "General_information",
    "correct": false
  },
  {
    "id": "444_0_2",
    "text": "email of prescriber - Dr Person1 something - can you help?",
    "true_label": "carecoordination",
    "true_codebook": "Care_Coordination",
    "pred_label": "Drugs",
    "pred_codebook": "Drugs",
    "correct": false
  },
  {
    "id": "292_1_0",
    "text": "I have asked our schedulers to  change it.",
    "true_label": "SchedulingAppt",
    "true_codebook": "Scheduling_appt",
    "pred_label": "AcknowledgeError",
    "pred_codebook": "Acknowledge_Error",
    "correct": false
  },
  {
    "id": "572_0_1",
    "text": "Could you tell me when my next appointment with Dr. Person2 will be",
    "true_label": "SchedulingAppt",
    "true_codebook": "Scheduling_appt",
    "pred_label": "Generalinformation",
    "pred_codebook": "General_information",
    "correct": false
  },
  {
    "id": "300_1_0",
    "text": "Yesterday i was out in the sun most the day,",
    "true_label": "Generalinformation",
    "true_codebook": "General_information",
    "pred_label": "Symptoms",
    "pred_codebook": "Symptoms",
    "correct": false
  },
  {
    "id": "111_0_0",
    "text": "Good Morning   Last night I went to the Org2 ED.",
    "true_label": "HealthCareAccessAndQuality",
    "true_codebook": "Health_care_access_and_quality",
    "pred_label": "expressOpinions",
    "pred_codebook": "express_opinions",
    "correct": false
  },
  {
    "id": "244_0_0",
    "text": "Thanks.",
    "true_label": "signoff",
    "true_codebook": "signoff",
    "pred_label": "activeParticipation/involvement",
    "pred_codebook": "active_participation_/involvement",
    "correct": false
  },
  {
    "id": "361_0_1",
    "text": "I was in the ER on MM/DD/YYYY for belly pain and Person2",
    "true_label": "Symptoms",
    "true_codebook": "Symptoms",
    "pred_label": "carecoordination",
    "pred_codebook": "Care_Coordination",
    "correct": false
  },
  {
    "id": "581_0_0",
    "text": "Good morning Person1   I see Dr. Person2 in another month.",
    "true_label": "Generalinformation",
    "true_codebook": "General_information",
    "pred_label": "carecoordination",
    "pred_codebook": "Care_Coordination",
    "correct": false
  },
  {
    "id": "135_1_2",
    "text": "up about my Org2 paperwork.",
    "true_label": "EconomicStability",
    "true_codebook": "Economic_stability",
    "pred_label": "Generalinformation",
    "pred_codebook": "General_information",
    "correct": false
  },
  {
    "id": "388_3_0",
    "text": "I hope he is feeling",
    "true_label": "Reassurance",
    "true_codebook": "Reassurance",
    "pred_label": "PositiveRemarks",
    "pred_codebook": "Positive_Remarks/Reward",
    "correct": false
  },
  {
    "id": "722_1_0",
    "text": "I will make an appointment on the 8th floor in the Infusion center.",
    "true_label": "SchedulingAppt",
    "true_codebook": "Scheduling_appt",
    "pred_label": "Instruction",
    "pred_codebook": "instruction",
    "correct": false
  },
  {
    "id": "0_2_5",
    "text": "/IS if you need",
    "true_label": "connection",
    "true_codebook": "Connection",
    "pred_label": "maintainCommunication",
    "pred_codebook": "Maintain_communication",
    "correct": false
  },
  {
    "id": "202_2_1",
    "text": "a response to either my e-mail or a phone message",
    "true_label": "HealthCareAccessAndQuality",
    "true_codebook": "Health_care_access_and_quality",
    "pred_label": "carecoordination",
    "pred_codebook": "Care_Coordination",
    "correct": false
  },
  {
    "id": "500_3_0",
    "text": "Can anyone see him today while he is",
    "true_label": "activeParticipation/involvement",
    "true_codebook": "active_participation_/involvement",
    "pred_label": "Generalinformation",
    "pred_codebook": "General_information",
    "correct": false
  },
  {
    "id": "232_3_0",
    "text": "Is it possible to have Person2 help",
    "true_label": "activeParticipation/involvement",
    "true_codebook": "active_participation_/involvement",
    "pred_label": "expressOpinions",
    "pred_codebook": "express_opinions",
    "correct": false
  },
  {
    "id": "97_1_0",
    "text": "Do you want  me to get",
    "true_label": "SchedulingAppt",
    "true_codebook": "Scheduling_appt",
    "pred_label": "Diagnostics",
    "pred_codebook": "Diagnostics",
    "correct": false
  },
  {
    "id": "681_0_2",
    "text": "XXX-XXX-XXXX Enjoy your weekend",
    "true_label": "connection",
    "true_codebook": "Connection",
    "pred_label": "Reassurance",
    "pred_codebook": "Reassurance",
    "correct": false
  },
  {
    "id": "267_0_1",
    "text": "I coming in on MM/DD/YYYY,",
    "true_label": "SchedulingAppt",
    "true_codebook": "Scheduling_appt",
    "pred_label": "Drugs",
    "pred_codebook": "Drugs",
    "correct": false
  },
  {
    "id": "413_0_0",
    "text": "No I am not taking any calcium or vitamins",
    "true_label": "Drugs",
    "true_codebook": "Drugs",
    "pred_label": "SeekingApproval",
    "pred_codebook": "Seeking_Approval",
    "correct": false
  },
  {
    "id": "502_0_0",
    "text": "What area of the body are these?",
    "true_label": "Symptoms",
    "true_codebook": "Symptoms",
    "pred_label": "Diagnostics",
    "pred_codebook": "Diagnostics",
    "correct": false
  },
  {
    "id": "434_0_0",
    "text": "I'm sorry but there is",
    "true_label": "Sadness/fear",
    "true_codebook": "Sadness/fear",
    "pred_label": "SchedulingAppt",
    "pred_codebook": "Scheduling_appt",
    "correct": false
  },
  {
    "id": "162_0_0",
    "text": "It is Org1 orthopedics in Location and the physical therapist is",
    "true_label": "Generalinformation",
    "true_codebook": "General_information",
    "pred_label": "carecoordination",
    "pred_codebook": "Care_Coordination",
    "correct": false
  },
  {
    "id": "183_1_1",
    "text": "her again on MM/DD/YYYY.",
    "true_label": "carecoordination",
    "true_codebook": "Care_Coordination",
    "pred_label": "Drugs",
    "pred_codebook": "Drugs",
    "correct": false
  },
  {
    "id": "72_1_0",
    "text": "Very glad stopping the beet juice helped your urine.",
    "true_label": "Alignment",
    "true_codebook": "Alignment",
    "pred_label": "HealthCareAccessAndQuality",
    "pred_codebook": "Health_care_access_and_quality",
    "correct": false
  },
  {
    "id": "141_3_0",
    "text": "It is still in that one area on the left.",
    "true_label": "Generalinformation",
    "true_codebook": "General_information",
    "pred_label": "Symptoms",
    "pred_codebook": "Symptoms",
    "correct": false
  },
  {
    "id": "126_6_0",
    "text": "Just checking",
    "true_label": "activeParticipation/involvement",
    "true_codebook": "active_participation_/involvement",
    "pred_label": "HealthCareAccessAndQuality",
    "pred_codebook": "Health_care_access_and_quality",
    "correct": false
  },
  {
    "id": "603_1_0",
    "text": "See you then!",
    "true_label": "signoff",
    "true_codebook": "signoff",
    "pred_label": "connection",
    "pred_codebook": "Connection",
    "correct": false
  },
  {
    "id": "562_3_0",
    "text": "Who do I contact to schedule?",
    "true_label": "activeParticipation/involvement",
    "true_codebook": "active_participation_/involvement",
    "pred_label": "SchedulingAppt",
    "pred_codebook": "Scheduling_appt",
    "correct": false
  },
  {
    "id": "217_1_1",
    "text": "some time in MM/DD/YYYY?",
    "true_label": "SeekingApproval",
    "true_codebook": "Seeking_Approval",
    "pred_label": "signoff",
    "pred_codebook": "signoff",
    "correct": false
  },
  {
    "id": "655_0_4",
    "text": "as of this morning.",
    "true_label": "expressOpinions",
    "true_codebook": "express_opinions",
    "pred_label": "Generalinformation",
    "pred_codebook": "General_information",
    "correct": false
  },
  {
    "id": "535_1_0",
    "text": "Person1 at Org4 Home Care needs a doctor to  Sign",
    "true_label": "carecoordination",
    "true_codebook": "Care_Coordination",
    "pred_label": "activeParticipation/involvement",
    "pred_codebook": "active_participation_/involvement",
    "correct": false
  },
  {
    "id": "308_0_1",
    "text": "a little more often,",
    "true_label": "Symptoms",
    "true_codebook": "Symptoms",
    "pred_label": "expressOpinions",
    "pred_codebook": "express_opinions",
    "correct": false
  },
  {
    "id": "477_0_0",
    "text": "Did see someone from Org1 way back but no",
    "true_label": "Generalinformation",
    "true_codebook": "General_information",
    "pred_label": "Diagnostics",
    "pred_codebook": "Diagnostics",
    "correct": false
  },
  {
    "id": "524_10_0",
    "text": "Thank you,",
    "true_label": "signoff",
    "true_codebook": "signoff",
    "pred_label": "Generalinformation",
    "pred_codebook": "General_information",
    "correct": false
  },
  {
    "id": "706_0_1",
    "text": "You would have to call the radiation oncology office that you are scheduled",
    "true_label": "Instruction",
    "true_codebook": "instruction",
    "pred_label": "Generalinformation",
    "pred_codebook": "General_information",
    "correct": false
  },
  {
    "id": "166_1_0",
    "text": "Looks like it was",
    "true_label": "AcknowledgeError",
    "true_codebook": "Acknowledge_Error",
    "pred_label": "maintainCommunication",
    "pred_codebook": "Maintain_communication",
    "correct": false
  },
  {
    "id": "105_1_1",
    "text": "well please hold and call",
    "true_label": "Instruction",
    "true_codebook": "instruction",
    "pred_label": "ShareOptions",
    "pred_codebook": "Share_options",
    "correct": false
  },
  {
    "id": "98_1_1",
    "text": "to  Person3 with her re next steps in light of Dr  Person4 recommendation.",
    "true_label": "activeParticipation/involvement",
    "true_codebook": "active_participation_/involvement",
    "pred_label": "SchedulingAppt",
    "pred_codebook": "Scheduling_appt",
    "correct": false
  },
  {
    "id": "721_1_3",
    "text": "it whenever I need",
    "true_label": "carecoordination",
    "true_codebook": "Care_Coordination",
    "pred_label": "Generalinformation",
    "pred_codebook": "General_information",
    "correct": false
  },
  {
    "id": "232_1_1",
    "text": "my MZL doctor in LOCATION on MM/DD/YYYY.",
    "true_label": "SchedulingAppt",
    "true_codebook": "Scheduling_appt",
    "pred_label": "Generalinformation",
    "pred_codebook": "General_information",
    "correct": false
  },
  {
    "id": "308_0_2",
    "text": "urgency same   No walking issues no pain ud and down",
    "true_label": "Symptoms",
    "true_codebook": "Symptoms",
    "pred_label": "expressOpinions",
    "pred_codebook": "express_opinions",
    "correct": false
  },
  {
    "id": "274_0_2",
    "text": "Yes reviewed with Dr Person2.",
    "true_label": "carecoordination",
    "true_codebook": "Care_Coordination",
    "pred_label": "Diagnostics",
    "pred_codebook": "Diagnostics",
    "correct": false
  },
  {
    "id": "382_0_0",
    "text": "Yes I had prostate cancer and it had",
    "true_label": "Symptoms",
    "true_codebook": "Symptoms",
    "pred_label": "carecoordination",
    "pred_codebook": "Care_Coordination",
    "correct": false
  },
  {
    "id": "367_3_0",
    "text": "Obviously the block did not work and he is",
    "true_label": "expressOpinions",
    "true_codebook": "express_opinions",
    "pred_label": "Symptoms",
    "pred_codebook": "Symptoms",
    "correct": false
  },
  {
    "id": "595_1_0",
    "text": "When are you due to start it?",
    "true_label": "Drugs",
    "true_codebook": "Drugs",
    "pred_label": "SchedulingAppt",
    "pred_codebook": "Scheduling_appt",
    "correct": false
  },
  {
    "id": "399_0_1",
    "text": "The nurses from pre admission testing place the COVID test lab orders 1 week in advance  from procedure ,",
    "true_label": "carecoordination",
    "true_codebook": "Care_Coordination",
    "pred_label": "Diagnostics",
    "pred_codebook": "Diagnostics",
    "correct": false
  },
  {
    "id": "208_0_1",
    "text": "Script will be sent over to the pharmacy tomorrow.",
    "true_label": "Drugs",
    "true_codebook": "Drugs",
    "pred_label": "carecoordination",
    "pred_codebook": "Care_Coordination",
    "correct": false
  },
  {
    "id": "222_3_2",
    "text": "since the path didn't state cancer directly.",
    "true_label": "checkingUnderstanding/clarification",
    "true_codebook": "checking_understanding/clarification",
    "pred_label": "carecoordination",
    "pred_codebook": "Care_Coordination",
    "correct": false
  },
  {
    "id": "21_1_1",
    "text": "MM/DD/YYYY I'm supposed to start my next round of Ibrance??",
    "true_label": "Drugs",
    "true_codebook": "Drugs",
    "pred_label": "SchedulingAppt",
    "pred_codebook": "Scheduling_appt",
    "correct": false
  },
  {
    "id": "233_2_0",
    "text": "You would have to get a disk from the image library with the PET images on them.",
    "true_label": "Instruction",
    "true_codebook": "instruction",
    "pred_label": "Generalinformation",
    "pred_codebook": "General_information",
    "correct": false
  },
  {
    "id": "180_0_1",
    "text": "Would you mind making a referral please to a suitable doctor at Org3 that can undertake",
    "true_label": "HealthCareAccessAndQuality",
    "true_codebook": "Health_care_access_and_quality",
    "pred_label": "statePreferences",
    "pred_codebook": "state_preferences",
    "correct": false
  },
  {
    "id": "333_0_0",
    "text": "I have been to the cardiologist and they see",
    "true_label": "carecoordination",
    "true_codebook": "Care_Coordination",
    "pred_label": "Symptoms",
    "pred_codebook": "Symptoms",
    "correct": false
  },
  {
    "id": "518_2_0",
    "text": "Thanks!",
    "true_label": "Appreciation/Gratitude",
    "true_codebook": "Appreciation/gratitude",
    "pred_label": "signoff",
    "pred_codebook": "signoff",
    "correct": false
  },
  {
    "id": "486_0_0",
    "text": "Hi person1    MM/DD/YYYY at 7.45 via televisit would be great    D",
    "true_label": "statePreferences",
    "true_codebook": "state_preferences",
    "pred_label": "Diagnostics",
    "pred_codebook": "Diagnostics",
    "correct": false
  },
  {
    "id": "15_0_1",
    "text": "Dr. Person1 would like to see Person2 in the office MM/DD/YYYY,",
    "true_label": "SchedulingAppt",
    "true_codebook": "Scheduling_appt",
    "pred_label": "carecoordination",
    "pred_codebook": "Care_Coordination",
    "correct": false
  },
  {
    "id": "27_1_3",
    "text": "any other questions or concerns",
    "true_label": "EncourageQuestions",
    "true_codebook": "Encourage_questions",
    "pred_label": "maintainCommunication",
    "pred_codebook": "Maintain_communication",
    "correct": false
  },
  {
    "id": "689_1_3",
    "text": "a new treatment plan.",
    "true_label": "expressOpinions",
    "true_codebook": "express_opinions",
    "pred_label": "AcknowledgeError",
    "pred_codebook": "Acknowledge_Error",
    "correct": false
  },
  {
    "id": "202_4_0",
    "text": "All very disconcerting to be honest especially after having seen the biopsy report for myself.",
    "true_label": "ExpressConcern/unease",
    "true_codebook": "Express_concern/unease",
    "pred_label": "Symptoms",
    "pred_codebook": "Symptoms",
    "correct": false
  },
  {
    "id": "215_1_0",
    "text": "Should we bring forward the PET scans planned for MM/DD/YYYY or defer",
    "true_label": "ExploreOptions",
    "true_codebook": "Explore_options",
    "pred_label": "SchedulingAppt",
    "pred_codebook": "Scheduling_appt",
    "correct": false
  },
  {
    "id": "333_1_2",
    "text": "there a known side affect of my medication causing heart valve issues?",
    "true_label": "activeParticipation/involvement",
    "true_codebook": "active_participation_/involvement",
    "pred_label": "Symptoms",
    "pred_codebook": "Symptoms",
    "correct": false
  },
  {
    "id": "298_3_0",
    "text": "Have a great day!",
    "true_label": "connection",
    "true_codebook": "Connection",
    "pred_label": "signoff",
    "pred_codebook": "signoff",
    "correct": false
  },
  {
    "id": "266_6_0",
    "text": "Is there something else I could try",
    "true_label": "ExploreOptions",
    "true_codebook": "Explore_options",
    "pred_label": "Drugs",
    "pred_codebook": "Drugs",
    "correct": false
  },
  {
    "id": "701_0_0",
    "text": "May I speak with Dr  Person1 XXX-XXX-XXXX",
    "true_label": "activeParticipation/involvement",
    "true_codebook": "active_participation_/involvement",
    "pred_label": "SchedulingAppt",
    "pred_codebook": "Scheduling_appt",
    "correct": false
  },
  {
    "id": "6_0_0",
    "text": "Dr. Person1 has sent an order for a new PET scan (attached",
    "true_label": "HealthCareAccessAndQuality",
    "true_codebook": "Health_care_access_and_quality",
    "pred_label": "Diagnostics",
    "pred_codebook": "Diagnostics",
    "correct": false
  },
  {
    "id": "274_2_0",
    "text": "You are correct with the plan to hold off on this cycle and have",
    "true_label": "Approval/Reinforcement",
    "true_codebook": "Approval/Reinforcement",
    "pred_label": "Diagnostics",
    "pred_codebook": "Diagnostics",
    "correct": false
  },
  {
    "id": "535_0_0",
    "text": "We can bring him tomorrow for a treatment.",
    "true_label": "Drugs",
    "true_codebook": "Drugs",
    "pred_label": "checkingUnderstanding/clarification",
    "pred_codebook": "checking_understanding/clarification",
    "correct": false
  },
  {
    "id": "409_0_1",
    "text": "a DPT would like to attend MM/DD/YYYY meeting along with my wife and me",
    "true_label": "statePreferences",
    "true_codebook": "state_preferences",
    "pred_label": "activeParticipation/involvement",
    "pred_codebook": "active_participation_/involvement",
    "correct": false
  },
  {
    "id": "97_0_3",
    "text": "on MM/DD/YYYY she recommended a PET in 3 months and follow",
    "true_label": "carecoordination",
    "true_codebook": "Care_Coordination",
    "pred_label": "Diagnostics",
    "pred_codebook": "Diagnostics",
    "correct": false
  },
  {
    "id": "580_0_1",
    "text": "I have an appointment with Dr. Person2 next MM/DD/YYYY,",
    "true_label": "SchedulingAppt",
    "true_codebook": "Scheduling_appt",
    "pred_label": "Diagnostics",
    "pred_codebook": "Diagnostics",
    "correct": false
  },
  {
    "id": "258_0_5",
    "text": "to come in next for a check up?",
    "true_label": "SchedulingAppt",
    "true_codebook": "Scheduling_appt",
    "pred_label": "activeParticipation/involvement",
    "pred_codebook": "active_participation_/involvement",
    "correct": false
  },
  {
    "id": "457_1_2",
    "text": "the home adjustments to his bathroom to support",
    "true_label": "NeighborhoodAndBuiltEnvironment",
    "true_codebook": "Neighborhood_and_built_environment",
    "pred_label": "activeParticipation/involvement",
    "pred_codebook": "active_participation_/involvement",
    "correct": false
  },
  {
    "id": "721_0_0",
    "text": "I need an appointment with breast center to get",
    "true_label": "SchedulingAppt",
    "true_codebook": "Scheduling_appt",
    "pred_label": "carecoordination",
    "pred_codebook": "Care_Coordination",
    "correct": false
  },
  {
    "id": "380_0_0",
    "text": "Can you please take a look at PetScan for prostate cancer     Thank",
    "true_label": "Diagnostics",
    "true_codebook": "Diagnostics",
    "pred_label": "HealthCareAccessAndQuality",
    "pred_codebook": "Health_care_access_and_quality",
    "correct": false
  },
  {
    "id": "405_1_0",
    "text": "See you then,",
    "true_label": "signoff",
    "true_codebook": "signoff",
    "pred_label": "connection",
    "pred_codebook": "Connection",
    "correct": false
  },
  {
    "id": "675_1_0",
    "text": "See you tomorrow.",
    "true_label": "connection",
    "true_codebook": "Connection",
    "pred_label": "signoff",
    "pred_codebook": "signoff",
    "correct": false
  },
  {
    "id": "363_3_0",
    "text": "Why did Dr. Person4  not see this.",
    "true_label": "expressOpinions",
    "true_codebook": "express_opinions",
    "pred_label": "activeParticipation/involvement",
    "pred_codebook": "active_participation_/involvement",
    "correct": false
  },
  {
    "id": "591_0_0",
    "text": "You want to come in to have",
    "true_label": "inviteCollaboration",
    "true_codebook": "invite_collaboration",
    "pred_label": "Diagnostics",
    "pred_codebook": "Diagnostics",
    "correct": false
  },
  {
    "id": "315_3_0",
    "text": "I do have a cancellation for next week if you c",
    "true_label": "Diagnostics",
    "true_codebook": "Diagnostics",
    "pred_label": "SchedulingAppt",
    "pred_codebook": "Scheduling_appt",
    "correct": false
  },
  {
    "id": "122_2_0",
    "text": "Totally stable.",
    "true_label": "Reassurance",
    "true_codebook": "Reassurance",
    "pred_label": "connection",
    "pred_codebook": "Connection",
    "correct": false
  },
  {
    "id": "202_3_0",
    "text": "Spoke with his office this morning and they knew",
    "true_label": "Generalinformation",
    "true_codebook": "General_information",
    "pred_label": "carecoordination",
    "pred_codebook": "Care_Coordination",
    "correct": false
  },
  {
    "id": "655_2_0",
    "text": "I need them.",
    "true_label": "statePreferences",
    "true_codebook": "state_preferences",
    "pred_label": "Appreciation/Gratitude",
    "pred_codebook": "Appreciation/gratitude",
    "correct": false
  },
  {
    "id": "250_0_1",
    "text": "I am contacting you about the surgical drain Dr  Person2 placed",
    "true_label": "activeParticipation/involvement",
    "true_codebook": "active_participation_/involvement",
    "pred_label": "carecoordination",
    "pred_codebook": "Care_Coordination",
    "correct": false
  },
  {
    "id": "21_5_0",
    "text": "Thank you very much",
    "true_label": "Appreciation/Gratitude",
    "true_codebook": "Appreciation/gratitude",
    "pred_label": "signoff",
    "pred_codebook": "signoff",
    "correct": false
  },
  {
    "id": "325_0_4",
    "text": "it is being controlled by the  treatment.",
    "true_label": "checkingUnderstanding/clarification",
    "true_codebook": "checking_understanding/clarification",
    "pred_label": "HealthCareAccessAndQuality",
    "pred_codebook": "Health_care_access_and_quality",
    "correct": false
  },
  {
    "id": "725_0_0",
    "text": "First in am or last appointment",
    "true_label": "statePreferences",
    "true_codebook": "state_preferences",
    "pred_label": "SchedulingAppt",
    "pred_codebook": "Scheduling_appt",
    "correct": false
  },
  {
    "id": "294_1_0",
    "text": "Or you could wait until the next  week before restarting the next cycle.",
    "true_label": "ShareOptions",
    "true_codebook": "Share_options",
    "pred_label": "Drugs",
    "pred_codebook": "Drugs",
    "correct": false
  },
  {
    "id": "376_0_0",
    "text": "Also I will be taking pre medication for CT Scan with contrast",
    "true_label": "Drugs",
    "true_codebook": "Drugs",
    "pred_label": "Diagnostics",
    "pred_codebook": "Diagnostics",
    "correct": false
  },
  {
    "id": "580_0_5",
    "text": "done prior to my meeting with My oral surgeon,",
    "true_label": "carecoordination",
    "true_codebook": "Care_Coordination",
    "pred_label": "HealthCareAccessAndQuality",
    "pred_codebook": "Health_care_access_and_quality",
    "correct": false
  },
  {
    "id": "569_1_3",
    "text": "detrimental to my current regimen which is working",
    "true_label": "expressOpinions",
    "true_codebook": "express_opinions",
    "pred_label": "SeekingApproval",
    "pred_codebook": "Seeking_Approval",
    "correct": false
  },
  {
    "id": "363_2_3",
    "text": "to rush him to Org7 where he was found",
    "true_label": "Symptoms",
    "true_codebook": "Symptoms",
    "pred_label": "HealthCareAccessAndQuality",
    "pred_codebook": "Health_care_access_and_quality",
    "correct": false
  },
  {
    "id": "552_0_1",
    "text": "I remember now ,",
    "true_label": "Alignment",
    "true_codebook": "Alignment",
    "pred_label": "signoff",
    "pred_codebook": "signoff",
    "correct": false
  },
  {
    "id": "79_0_0",
    "text": "Your Hemoglobin and platelets",
    "true_label": "Diagnostics",
    "true_codebook": "Diagnostics",
    "pred_label": "activeParticipation/involvement",
    "pred_codebook": "active_participation_/involvement",
    "correct": false
  },
  {
    "id": "563_0_3",
    "text": "they have already left for the day I will keep",
    "true_label": "Generalinformation",
    "true_codebook": "General_information",
    "pred_label": "HealthCareAccessAndQuality",
    "pred_codebook": "Health_care_access_and_quality",
    "correct": false
  },
  {
    "id": "86_0_0",
    "text": "Thank you.",
    "true_label": "Appreciation/Gratitude",
    "true_codebook": "Appreciation/gratitude",
    "pred_label": "Diagnostics",
    "pred_codebook": "Diagnostics",
    "correct": false
  },
  {
    "id": "13_5_0",
    "text": "We are both at the limit of getting \"stuck.\"",
    "true_label": "Generalinformation",
    "true_codebook": "General_information",
    "pred_label": "Symptoms",
    "pred_codebook": "Symptoms",
    "correct": false
  },
  {
    "id": "187_3_1",
    "text": "to be happening because my blood is",
    "true_label": "expressOpinions",
    "true_codebook": "express_opinions",
    "pred_label": "Symptoms",
    "pred_codebook": "Symptoms",
    "correct": false
  },
  {
    "id": "276_1_0",
    "text": "But yes counts are still low.",
    "true_label": "Alignment",
    "true_codebook": "Alignment",
    "pred_label": "signoff",
    "pred_codebook": "signoff",
    "correct": false
  },
  {
    "id": "428_0_0",
    "text": "Sounds good.",
    "true_label": "Alignment",
    "true_codebook": "Alignment",
    "pred_label": "signoff",
    "pred_codebook": "signoff",
    "correct": false
  },
  {
    "id": "563_0_4",
    "text": "you posted",
    "true_label": "maintainCommunication",
    "true_codebook": "Maintain_communication",
    "pred_label": "Diagnostics",
    "pred_codebook": "Diagnostics",
    "correct": false
  },
  {
    "id": "91_2_0",
    "text": "Thank you and happy new year",
    "true_label": "connection",
    "true_codebook": "Connection",
    "pred_label": "signoff",
    "pred_codebook": "signoff",
    "correct": false
  },
  {
    "id": "106_3_0",
    "text": "I have a meeting with my pulmonologist in about five minutes.",
    "true_label": "carecoordination",
    "true_codebook": "Care_Coordination",
    "pred_label": "SchedulingAppt",
    "pred_codebook": "Scheduling_appt",
    "correct": false
  },
  {
    "id": "390_1_0",
    "text": "Also I encourag e yourself and/or Person3",
    "true_label": "inviteCollaboration",
    "true_codebook": "invite_collaboration",
    "pred_label": "activeParticipation/involvement",
    "pred_codebook": "active_participation_/involvement",
    "correct": false
  },
  {
    "id": "343_2_0",
    "text": "Please continue with labs like you were getting",
    "true_label": "Instruction",
    "true_codebook": "instruction",
    "pred_label": "Diagnostics",
    "pred_codebook": "Diagnostics",
    "correct": false
  },
  {
    "id": "391_0_1",
    "text": "in on MM/DD/YYYY for his visit,",
    "true_label": "Diagnostics",
    "true_codebook": "Diagnostics",
    "pred_label": "SchedulingAppt",
    "pred_codebook": "Scheduling_appt",
    "correct": false
  },
  {
    "id": "335_1_0",
    "text": "I can make any time available",
    "true_label": "statePreferences",
    "true_codebook": "state_preferences",
    "pred_label": "SchedulingAppt",
    "pred_codebook": "Scheduling_appt",
    "correct": false
  },
  {
    "id": "411_0_0",
    "text": "I received a call stating that insurance has denied",
    "true_label": "HealthCareAccessAndQuality",
    "true_codebook": "Health_care_access_and_quality",
    "pred_label": "carecoordination",
    "pred_codebook": "Care_Coordination",
    "correct": false
  },
  {
    "id": "191_1_0",
    "text": "But he would advise the third shot now,",
    "true_label": "carecoordination",
    "true_codebook": "Care_Coordination",
    "pred_label": "Drugs",
    "pred_codebook": "Drugs",
    "correct": false
  },
  {
    "id": "715_0_3",
    "text": "so you should continue to take it if that is",
    "true_label": "MakeDecision",
    "true_codebook": "Making_decision_together",
    "pred_label": "SummarizeConfirmUnderstanding",
    "pred_codebook": "Summarize_and_confirm_understanding",
    "correct": false
  },
  {
    "id": "282_0_0",
    "text": "I received it thank",
    "true_label": "Generalinformation",
    "true_codebook": "General_information",
    "pred_label": "Diagnostics",
    "pred_codebook": "Diagnostics",
    "correct": false
  },
  {
    "id": "705_0_0",
    "text": "Can someone please call me back XXX-XXX-XXXX in regards to my radiation treatment.",
    "true_label": "activeParticipation/involvement",
    "true_codebook": "active_participation_/involvement",
    "pred_label": "Generalinformation",
    "pred_codebook": "General_information",
    "correct": false
  },
  {
    "id": "602_0_1",
    "text": "I'd love to see you in person.",
    "true_label": "connection",
    "true_codebook": "Connection",
    "pred_label": "inviteCollaboration",
    "pred_codebook": "invite_collaboration",
    "correct": false
  },
  {
    "id": "20_0_4",
    "text": "they will the answers you need",
    "true_label": "Generalinformation",
    "true_codebook": "General_information",
    "pred_label": "maintainCommunication",
    "pred_codebook": "Maintain_communication",
    "correct": false
  },
  {
    "id": "3_0_2",
    "text": "to make an office visit for Person1 to review",
    "true_label": "HealthCareAccessAndQuality",
    "true_codebook": "Health_care_access_and_quality",
    "pred_label": "carecoordination",
    "pred_codebook": "Care_Coordination",
    "correct": false
  },
  {
    "id": "47_3_0",
    "text": "Will that be covered when Dr.  Person1 calls",
    "true_label": "Diagnostics",
    "true_codebook": "Diagnostics",
    "pred_label": "activeParticipation/involvement",
    "pred_codebook": "active_participation_/involvement",
    "correct": false
  },
  {
    "id": "369_0_1",
    "text": "Have you discussed these issues with the inpatient team?",
    "true_label": "carecoordination",
    "true_codebook": "Care_Coordination",
    "pred_label": "checkingUnderstanding/clarification",
    "pred_codebook": "checking_understanding/clarification",
    "correct": false
  },
  {
    "id": "121_3_0",
    "text": "I also have an appt with Dr.Person1 on MM/DD/YYYY I can show",
    "true_label": "carecoordination",
    "true_codebook": "Care_Coordination",
    "pred_label": "SchedulingAppt",
    "pred_codebook": "Scheduling_appt",
    "correct": false
  },
  {
    "id": "361_4_1",
    "text": "to happen like once every 3 months so I don have to drive an hour to ER for them to tell",
    "true_label": "NeighborhoodAndBuiltEnvironment",
    "true_codebook": "Neighborhood_and_built_environment",
    "pred_label": "expressOpinions",
    "pred_codebook": "express_opinions",
    "correct": false
  },
  {
    "id": "537_0_0",
    "text": "I scheduled to see Dr. Person1 on MM/DD/YYYY,",
    "true_label": "HealthCareAccessAndQuality",
    "true_codebook": "Health_care_access_and_quality",
    "pred_label": "SchedulingAppt",
    "pred_codebook": "Scheduling_appt",
    "correct": false
  },
  {
    "id": "714_1_5",
    "text": "to work this weekend?",
    "true_label": "EconomicStability",
    "true_codebook": "Economic_stability",
    "pred_label": "SchedulingAppt",
    "pred_codebook": "Scheduling_appt",
    "correct": false
  },
  {
    "id": "230_2_1",
    "text": "a possible risk of the neck surgery and have been hoping",
    "true_label": "expressOpinions",
    "true_codebook": "express_opinions",
    "pred_label": "activeParticipation/involvement",
    "pred_codebook": "active_participation_/involvement",
    "correct": false
  },
  {
    "id": "74_0_3",
    "text": "you for your help",
    "true_label": "Appreciation/Gratitude",
    "true_codebook": "Appreciation/gratitude",
    "pred_label": "Generalinformation",
    "pred_codebook": "General_information",
    "correct": false
  },
  {
    "id": "353_3_1",
    "text": "more information we will update everyone.",
    "true_label": "maintainCommunication",
    "true_codebook": "Maintain_communication",
    "pred_label": "Generalinformation",
    "pred_codebook": "General_information",
    "correct": false
  },
  {
    "id": "378_0_0",
    "text": "Hi Person1 your PCP should be following this so I would check",
    "true_label": "checkingUnderstanding/clarification",
    "true_codebook": "checking_understanding/clarification",
    "pred_label": "Diagnostics",
    "pred_codebook": "Diagnostics",
    "correct": false
  }
]