{
  "log": [
    {
      "epoch": 1,
      "loss": 152.149766,
      "accuracy": 0.295673,
      "f1": 0.075068
    },
    {
      "epoch": 2,
      "loss": 121.504565,
      "accuracy": 0.420673,
      "f1": 0.169321
    },
    {
      "epoch": 3,
      "loss": 111.02501,
      "accuracy": 0.451923,
      "f1": 0.196211
    },
    {
      "epoch": 4,
      "loss": 105.199177,
      "accuracy": 0.46875,
      "f1": 0.204222
    },
    {
      "epoch": 5,
      "loss": 97.020568,
      "accuracy": 0.480769,
      "f1": 0.229482
    },
    {
      "epoch": 6,
      "loss": 88.126195,
      "accuracy": 0.471154,
      "f1": 0.213216
    },
    {
      "epoch": 7,
      "loss": 82.394144,
      "accuracy": 0.495192,
      "f1": 0.251962
    },
    {
      "epoch": 8,
      "loss": 78.651279,
      "accuracy": 0.495192,
      "f1": 0.272393
    },
    {
      "epoch": 9,
      "loss": 74.51761,
      "accuracy": 0.509615,
      "f1": 0.277957
    },
    {
      "epoch": 10,
      "loss": 70.489368,
      "accuracy": 0.504808,
      "f1": 0.30087
    },
    {
      "epoch": 11,
      "loss": 67.021258,
      "accuracy": 0.502404,
      "f1": 0.272088
    },
    {
      "epoch": 12,
      "loss": 65.866269,
      "accuracy": 0.528846,
      "f1": 0.309106
    },
    {
      "epoch": 13,
      "loss": 61.53077,
      "accuracy": 0.524038,
      "f1": 0.303851
    },
    {
      "epoch": 14,
      "loss": 62.172731,
      "accuracy": 0.512019,
      "f1": 0.303268
    },
    {
      "epoch": 15,
      "loss": 58.925996,
      "accuracy": 0.519231,
      "f1": 0.300185
    },
    {
      "epoch": 16,
      "loss": 56.133277,
      "accuracy": 0.507212,
      "f1": 0.292331
    },
    {
      "epoch": 17,
      "loss": 53.780095,
      "accuracy": 0.516827,
      "f1": 0.291926
    },
    {
      "epoch": 18,
      "loss": 51.643027,
      "accuracy": 0.538462,
      "f1": 0.345921
    },
    {
      "epoch": 19,
      "loss": 48.712445,
      "accuracy": 0.519231,
      "f1": 0.29374
    },
    {
      "epoch": 20,
      "loss": 45.173052,
      "accuracy": 0.524038,
      "f1": 0.309717
    },
    {
      "epoch": 21,
      "loss": 45.845343,
      "accuracy": 0.540865,
      "f1": 0.349116
    },
    {
      "epoch": 22,
      "loss": 43.255089,
      "accuracy": 0.524038,
      "f1": 0.312395
    },
    {
      "epoch": 23,
      "loss": 40.117275,
      "accuracy": 0.533654,
      "f1": 0.306861
    },
    {
      "epoch": 24,
      "loss": 36.948807,
      "accuracy": 0.526442,
      "f1": 0.322952
    },
    {
      "epoch": 25,
      "loss": 38.023095,
      "accuracy": 0.536058,
      "f1": 0.290865
    },
    {
      "epoch": 26,
      "loss": 38.664523,
      "accuracy": 0.552885,
      "f1": 0.336635
    },
    {
      "epoch": 27,
      "loss": 34.788179,
      "accuracy": 0.528846,
      "f1": 0.289505
    },
    {
      "epoch": 28,
      "loss": 31.852972,
      "accuracy": 0.536058,
      "f1": 0.287576
    },
    {
      "epoch": 29,
      "loss": 30.99278,
      "accuracy": 0.53125,
      "f1": 0.317893
    },
    {
      "epoch": 30,
      "loss": 29.523212,
      "accuracy": 0.533654,
      "f1": 0.310394
    },
    {
      "epoch": 31,
      "loss": 27.718681,
      "accuracy": 0.540865,
      "f1": 0.313638
    },
    {
      "epoch": 32,
      "loss": 26.685608,
      "accuracy": 0.545673,
      "f1": 0.338385
    },
    {
      "epoch": 33,
      "loss": 25.268244,
      "accuracy": 0.548077,
      "f1": 0.341788
    },
    {
      "epoch": 34,
      "loss": 23.998789,
      "accuracy": 0.552885,
      "f1": 0.356219
    },
    {
      "epoch": 35,
      "loss": 22.849383,
      "accuracy": 0.540865,
      "f1": 0.320623
    },
    {
      "epoch": 36,
      "loss": 23.663293,
      "accuracy": 0.555288,
      "f1": 0.338702
    },
    {
      "epoch": 37,
      "loss": 22.8174,
      "accuracy": 0.548077,
      "f1": 0.356335
    },
    {
      "epoch": 38,
      "loss": 20.930576,
      "accuracy": 0.557692,
      "f1": 0.340137
    },
    {
      "epoch": 39,
      "loss": 19.78876,
      "accuracy": 0.550481,
      "f1": 0.364332
    },
    {
      "epoch": 40,
      "loss": 19.044301,
      "accuracy": 0.557692,
      "f1": 0.346236
    },
    {
      "epoch": 41,
      "loss": 18.464555,
      "accuracy": 0.5625,
      "f1": 0.365335
    },
    {
      "epoch": 42,
      "loss": 18.274602,
      "accuracy": 0.560096,
      "f1": 0.331774
    },
    {
      "epoch": 43,
      "loss": 18.576787,
      "accuracy": 0.557692,
      "f1": 0.354668
    },
    {
      "epoch": 44,
      "loss": 17.027423,
      "accuracy": 0.555288,
      "f1": 0.339841
    },
    {
      "epoch": 45,
      "loss": 20.541731,
      "accuracy": 0.548077,
      "f1": 0.332529
    },
    {
      "epoch": 46,
      "loss": 15.564587,
      "accuracy": 0.555288,
      "f1": 0.364888
    },
    {
      "epoch": 47,
      "loss": 14.616162,
      "accuracy": 0.5625,
      "f1": 0.355886
    },
    {
      "epoch": 48,
      "loss": 13.597865,
      "accuracy": 0.5625,
      "f1": 0.349612
    },
    {
      "epoch": 49,
      "loss": 16.570746,
      "accuracy": 0.560096,
      "f1": 0.356555
    },
    {
      "epoch": 50,
      "loss": 23.958016,
      "accuracy": 0.560096,
      "f1": 0.340297
    },
    {
      "epoch": 51,
      "loss": 21.155127,
      "accuracy": 0.560096,
      "f1": 0.360396
    },
    {
      "epoch": 52,
      "loss": 16.542076,
      "accuracy": 0.5625,
      "f1": 0.360273
    },
    {
      "epoch": 53,
      "loss": 16.253858,
      "accuracy": 0.552885,
      "f1": 0.342093
    },
    {
      "epoch": 54,
      "loss": 20.367597,
      "accuracy": 0.572115,
      "f1": 0.37188
    },
    {
      "epoch": 55,
      "loss": 13.07393,
      "accuracy": 0.572115,
      "f1": 0.36402
    },
    {
      "epoch": 56,
      "loss": 12.563396,
      "accuracy": 0.564904,
      "f1": 0.354831
    },
    {
      "epoch": 57,
      "loss": 11.387982,
      "accuracy": 0.569712,
      "f1": 0.360254
    },
    {
      "epoch": 58,
      "loss": 13.132992,
      "accuracy": 0.5625,
      "f1": 0.356401
    },
    {
      "epoch": 59,
      "loss": 10.253255,
      "accuracy": 0.569712,
      "f1": 0.364355
    },
    {
      "epoch": 60,
      "loss": 9.387705,
      "accuracy": 0.576923,
      "f1": 0.365554
    },
    {
      "epoch": 61,
      "loss": 10.49674,
      "accuracy": 0.581731,
      "f1": 0.36676
    },
    {
      "epoch": 62,
      "loss": 14.238728,
      "accuracy": 0.564904,
      "f1": 0.379981
    },
    {
      "epoch": 63,
      "loss": 10.605291,
      "accuracy": 0.567308,
      "f1": 0.362393
    },
    {
      "epoch": 64,
      "loss": 8.655265,
      "accuracy": 0.564904,
      "f1": 0.358685
    },
    {
      "epoch": 65,
      "loss": 8.226742,
      "accuracy": 0.574519,
      "f1": 0.36471
    },
    {
      "epoch": 66,
      "loss": 7.13611,
      "accuracy": 0.576923,
      "f1": 0.361855
    },
    {
      "epoch": 67,
      "loss": 8.081599,
      "accuracy": 0.569712,
      "f1": 0.359556
    },
    {
      "epoch": 68,
      "loss": 7.221338,
      "accuracy": 0.572115,
      "f1": 0.377261
    },
    {
      "epoch": 69,
      "loss": 6.488904,
      "accuracy": 0.576923,
      "f1": 0.362675
    },
    {
      "epoch": 70,
      "loss": 6.391484,
      "accuracy": 0.5625,
      "f1": 0.353831
    },
    {
      "epoch": 71,
      "loss": 6.957214,
      "accuracy": 0.564904,
      "f1": 0.353639
    },
    {
      "epoch": 72,
      "loss": 6.8006,
      "accuracy": 0.5625,
      "f1": 0.360771
    },
    {
      "epoch": 73,
      "loss": 6.286568,
      "accuracy": 0.572115,
      "f1": 0.352787
    },
    {
      "epoch": 74,
      "loss": 5.759831,
      "accuracy": 0.564904,
      "f1": 0.356261
    },
    {
      "epoch": 75,
      "loss": 5.929283,
      "accuracy": 0.560096,
      "f1": 0.364273
    },
    {
      "epoch": 76,
      "loss": 5.759016,
      "accuracy": 0.569712,
      "f1": 0.357525
    },
    {
      "epoch": 77,
      "loss": 5.176776,
      "accuracy": 0.564904,
      "f1": 0.352527
    },
    {
      "epoch": 78,
      "loss": 5.318434,
      "accuracy": 0.564904,
      "f1": 0.353755
    },
    {
      "epoch": 79,
      "loss": 5.449429,
      "accuracy": 0.572115,
      "f1": 0.380079
    },
    {
      "epoch": 80,
      "loss": 5.34991,
      "accuracy": 0.572115,
      "f1": 0.380527
    },
    {
      "epoch": 81,
      "loss": 5.775447,
      "accuracy": 0.567308,
      "f1": 0.353626
    },
    {
      "epoch": 82,
      "loss": 5.034493,
      "accuracy": 0.576923,
      "f1": 0.361175
    },
    {
      "epoch": 83,
      "loss": 4.494218,
      "accuracy": 0.5625,
      "f1": 0.352404
    },
    {
      "epoch": 84,
      "loss": 4.890451,
      "accuracy": 0.5625,
      "f1": 0.356157
    },
    {
      "epoch": 85,
      "loss": 4.585857,
      "accuracy": 0.5625,
      "f1": 0.351798
    },
    {
      "epoch": 86,
      "loss": 4.475652,
      "accuracy": 0.572115,
      "f1": 0.384991
    },
    {
      "epoch": 87,
      "loss": 3.906935,
      "accuracy": 0.574519,
      "f1": 0.381008
    },
    {
      "epoch": 88,
      "loss": 3.783603,
      "accuracy": 0.564904,
      "f1": 0.356849
    },
    {
      "epoch": 89,
      "loss": 3.850973,
      "accuracy": 0.564904,
      "f1": 0.351338
    },
    {
      "epoch": 90,
      "loss": 4.103703,
      "accuracy": 0.574519,
      "f1": 0.36164
    },
    {
      "epoch": 91,
      "loss": 3.687305,
      "accuracy": 0.574519,
      "f1": 0.364282
    },
    {
      "epoch": 92,
      "loss": 4.922049,
      "accuracy": 0.567308,
      "f1": 0.356589
    },
    {
      "epoch": 93,
      "loss": 3.386818,
      "accuracy": 0.567308,
      "f1": 0.357719
    },
    {
      "epoch": 94,
      "loss": 3.351577,
      "accuracy": 0.574519,
      "f1": 0.382595
    },
    {
      "epoch": 95,
      "loss": 3.202675,
      "accuracy": 0.564904,
      "f1": 0.354842
    },
    {
      "epoch": 96,
      "loss": 3.259554,
      "accuracy": 0.564904,
      "f1": 0.351498
    },
    {
      "epoch": 97,
      "loss": 3.423503,
      "accuracy": 0.572115,
      "f1": 0.379166
    },
    {
      "epoch": 98,
      "loss": 3.295663,
      "accuracy": 0.567308,
      "f1": 0.355825
    },
    {
      "epoch": 99,
      "loss": 3.563946,
      "accuracy": 0.574519,
      "f1": 0.361565
    },
    {
      "epoch": 100,
      "loss": 3.168104,
      "accuracy": 0.574519,
      "f1": 0.377582
    },
    {
      "epoch": 101,
      "loss": 2.901361,
      "accuracy": 0.574519,
      "f1": 0.364084
    },
    {
      "epoch": 102,
      "loss": 3.193126,
      "accuracy": 0.569712,
      "f1": 0.367346
    },
    {
      "epoch": 103,
      "loss": 3.438835,
      "accuracy": 0.572115,
      "f1": 0.362253
    },
    {
      "epoch": 104,
      "loss": 3.460968,
      "accuracy": 0.569712,
      "f1": 0.388198
    },
    {
      "epoch": 105,
      "loss": 8.974264,
      "accuracy": 0.560096,
      "f1": 0.37218
    },
    {
      "epoch": 106,
      "loss": 6.843758,
      "accuracy": 0.569712,
      "f1": 0.359562
    },
    {
      "epoch": 107,
      "loss": 4.401649,
      "accuracy": 0.567308,
      "f1": 0.359019
    },
    {
      "epoch": 108,
      "loss": 3.719996,
      "accuracy": 0.569712,
      "f1": 0.358525
    },
    {
      "epoch": 109,
      "loss": 2.967018,
      "accuracy": 0.567308,
      "f1": 0.359595
    },
    {
      "epoch": 110,
      "loss": 3.271759,
      "accuracy": 0.5625,
      "f1": 0.351803
    },
    {
      "epoch": 111,
      "loss": 2.878682,
      "accuracy": 0.569712,
      "f1": 0.35811
    },
    {
      "epoch": 112,
      "loss": 2.818478,
      "accuracy": 0.564904,
      "f1": 0.356571
    },
    {
      "epoch": 113,
      "loss": 3.404444,
      "accuracy": 0.569712,
      "f1": 0.35171
    },
    {
      "epoch": 114,
      "loss": 3.631424,
      "accuracy": 0.569712,
      "f1": 0.362463
    },
    {
      "epoch": 115,
      "loss": 3.096458,
      "accuracy": 0.569712,
      "f1": 0.357661
    },
    {
      "epoch": 116,
      "loss": 2.876667,
      "accuracy": 0.5625,
      "f1": 0.354839
    },
    {
      "epoch": 117,
      "loss": 2.933619,
      "accuracy": 0.564904,
      "f1": 0.354952
    },
    {
      "epoch": 118,
      "loss": 2.944566,
      "accuracy": 0.564904,
      "f1": 0.347314
    },
    {
      "epoch": 119,
      "loss": 2.802724,
      "accuracy": 0.564904,
      "f1": 0.357271
    },
    {
      "epoch": 120,
      "loss": 2.313184,
      "accuracy": 0.567308,
      "f1": 0.354316
    }
  ],
  "seed": 79446,
  "input_file": "processed_graph_features_narrative_ego_mlp.pt",
  "label_type": "subcode",
  "label2id": {
    "AcknowledgeError": 0,
    "Alignment": 1,
    "Appreciation/Gratitude": 2,
    "Approval/Reinforcement": 3,
    "ApprovalofDecision/Reinforcement": 4,
    "Diagnostics": 5,
    "Drugs": 6,
    "EconomicStability": 7,
    "EncourageQuestions": 8,
    "ExploreOptions": 9,
    "ExpressConcern/unease": 10,
    "Generalinformation": 11,
    "HealthCareAccessAndQuality": 12,
    "Instruction": 13,
    "MakeDecision": 14,
    "NeighborhoodAndBuiltEnvironment": 15,
    "PositiveRemarks": 16,
    "Prognosis": 17,
    "Reassurance": 18,
    "Sadness/fear": 19,
    "SchedulingAppt": 20,
    "SeekingApproval": 21,
    "ShareOptions": 22,
    "SummarizeConfirmUnderstanding": 23,
    "Symptoms": 24,
    "activeParticipation/involvement": 25,
    "build trust": 26,
    "carecoordination": 27,
    "checkingUnderstanding/clarification": 28,
    "connection": 29,
    "expressOpinions": 30,
    "inviteCollaboration": 31,
    "maintainCommunication": 32,
    "salutation": 33,
    "signoff": 34,
    "statePreferences": 35
  }
}