{
  "model": "MLP",
  "source": "sentence",
  "label_type": "subcode",
  "seed": 70317,
  "errors": [
    {
      "text": "Thank you.",
      "true_label": "signoff",
      "pred_label": "signoff",
      "correct": true
    },
    {
      "text": "Are you having any problems urinating?",
      "true_label": "Symptoms",
      "pred_label": "Symptoms",
      "correct": true
    },
    {
      "text": "We would need a calcium level prior to that.",
      "true_label": "Diagnostics",
      "pred_label": "Diagnostics",
      "correct": true
    },
    {
      "text": "Person1,    I have emailed and left messages.",
      "true_label": "Generalinformation",
      "pred_label": "carecoordination",
      "correct": false
    },
    {
      "text": "I will add you on MM/DD/YYYY when you come to Org2 to see Dr. Person1.",
      "true_label": "SchedulingAppt",
      "pred_label": "HealthCareAccessAndQuality",
      "correct": false
    },
    {
      "text": "My mistake .",
      "true_label": "AcknowledgeError",
      "pred_label": "AcknowledgeError",
      "correct": true
    },
    {
      "text": "Would like to switch back to Eliquis.",
      "true_label": "statePreferences",
      "pred_label": "statePreferences",
      "correct": true
    },
    {
      "text": "I also think she put in an order for an ECHO because she said you haven't had one in  a while.",
      "true_label": "Diagnostics",
      "pred_label": "Diagnostics",
      "correct": true
    },
    {
      "text": "Good news!",
      "true_label": "PositiveRemarks",
      "pred_label": "connection",
      "correct": false
    },
    {
      "text": "Can Dr Person1 please recommend a neurological spine doctor through Org2",
      "true_label": "HealthCareAccessAndQuality",
      "pred_label": "carecoordination",
      "correct": false
    },
    {
      "text": "He said that he would schedule the chemo for the day of my next appointment and it could be canceled.",
      "true_label": "SchedulingAppt",
      "pred_label": "SchedulingAppt",
      "correct": true
    },
    {
      "text": "We will look out for the results!",
      "true_label": "maintainCommunication",
      "pred_label": "Diagnostics",
      "correct": false
    },
    {
      "text": "Hello,  I need to have the radium 223 infusion scheduled for my visit next week MM/DD/YYYY.",
      "true_label": "SchedulingAppt",
      "pred_label": "statePreferences",
      "correct": false
    },
    {
      "text": "Good morning.",
      "true_label": "salutation",
      "pred_label": "salutation",
      "correct": true
    },
    {
      "text": "Hi Person1, I hope your surgery went well!",
      "true_label": "connection",
      "pred_label": "connection",
      "correct": true
    },
    {
      "text": "I'm in your corner.",
      "true_label": "build trust",
      "pred_label": "Generalinformation",
      "correct": false
    },
    {
      "text": "Thank you.",
      "true_label": "signoff",
      "pred_label": "signoff",
      "correct": true
    },
    {
      "text": "I called Org1 directly and they did not have an answer.",
      "true_label": "HealthCareAccessAndQuality",
      "pred_label": "HealthCareAccessAndQuality",
      "correct": true
    },
    {
      "text": "This is both uncomfortable and painful.",
      "true_label": "Symptoms",
      "pred_label": "Symptoms",
      "correct": true
    },
    {
      "text": "This is what was noted in the testing results.",
      "true_label": "activeParticipation/involvement",
      "pred_label": "Diagnostics",
      "correct": false
    },
    {
      "text": "Are there any suggestions as to what I can take?",
      "true_label": "Drugs",
      "pred_label": "activeParticipation/involvement",
      "correct": false
    },
    {
      "text": "Hi,  My dad left hand is red, warm and swollen.",
      "true_label": "Symptoms",
      "pred_label": "Symptoms",
      "correct": true
    },
    {
      "text": "Cool",
      "true_label": "Alignment",
      "pred_label": "Alignment",
      "correct": true
    },
    {
      "text": "Yes, you can get your labs done MM/DD/YYYY.",
      "true_label": "Instruction",
      "pred_label": "Instruction",
      "correct": true
    },
    {
      "text": "Hi Person1, You would have to call the radiation oncology office that you are scheduled with and hopefully they can help you get  rescheduled for Org2.",
      "true_label": "Instruction",
      "pred_label": "SchedulingAppt",
      "correct": false
    },
    {
      "text": "My last visit you wanted all 3 tested but only input psa and metabolic pannel.",
      "true_label": "Diagnostics",
      "pred_label": "Diagnostics",
      "correct": true
    },
    {
      "text": "Hi Person2,     I messaged pharmacy to release it.",
      "true_label": "Drugs",
      "pred_label": "carecoordination",
      "correct": false
    },
    {
      "text": "Person1- do you have a dermatologist?",
      "true_label": "Generalinformation",
      "pred_label": "Generalinformation",
      "correct": true
    },
    {
      "text": "Thank you very much.",
      "true_label": "Appreciation/Gratitude",
      "pred_label": "Appreciation/Gratitude",
      "correct": true
    },
    {
      "text": "Picture of new rash attached",
      "true_label": "Symptoms",
      "pred_label": "Symptoms",
      "correct": true
    },
    {
      "text": "I taking calcium tablets which contain 200  Mg of vitamin D per tablet and I take two per  Day (400 mg).",
      "true_label": "Drugs",
      "pred_label": "Drugs",
      "correct": true
    },
    {
      "text": "Please submit a prescription to Person2 for my prosthesis and Four bras.",
      "true_label": "activeParticipation/involvement",
      "pred_label": "carecoordination",
      "correct": false
    },
    {
      "text": "Thank you, Person1",
      "true_label": "signoff",
      "pred_label": "signoff",
      "correct": true
    },
    {
      "text": "As of right now nationwide it is still being given to  healthcare professionals first.",
      "true_label": "checkingUnderstanding/clarification",
      "pred_label": "Drugs",
      "correct": false
    },
    {
      "text": "Could you please make a referral for me.",
      "true_label": "carecoordination",
      "pred_label": "activeParticipation/involvement",
      "correct": false
    },
    {
      "text": "And if all cleared dental wise we can also do the prolia",
      "true_label": "checkingUnderstanding/clarification",
      "pred_label": "Diagnostics",
      "correct": false
    },
    {
      "text": "Sorry, it been 40 years that I had a UTI so I know I am asking a dumb question.",
      "true_label": "expressOpinions",
      "pred_label": "Symptoms",
      "correct": false
    },
    {
      "text": "Thank you for your time.",
      "true_label": "Appreciation/Gratitude",
      "pred_label": "Appreciation/Gratitude",
      "correct": true
    },
    {
      "text": "I do not see it on your med list.",
      "true_label": "Drugs",
      "pred_label": "Generalinformation",
      "correct": false
    },
    {
      "text": "Person3 is tolerating all meds well and following directions.",
      "true_label": "Drugs",
      "pred_label": "Drugs",
      "correct": true
    },
    {
      "text": "Hi Person1 and Person2, the copay through the Org4 apothecary will be $81.54.",
      "true_label": "HealthCareAccessAndQuality",
      "pred_label": "HealthCareAccessAndQuality",
      "correct": true
    },
    {
      "text": "Sorry for taking so long on this.",
      "true_label": "connection",
      "pred_label": "AcknowledgeError",
      "correct": false
    },
    {
      "text": "Thank you",
      "true_label": "signoff",
      "pred_label": "signoff",
      "correct": true
    },
    {
      "text": "To say I feel like i on a roller coaster is an understatement!",
      "true_label": "ExpressConcern/unease",
      "pred_label": "expressOpinions",
      "correct": false
    },
    {
      "text": "When are you due to start it?",
      "true_label": "Drugs",
      "pred_label": "SchedulingAppt",
      "correct": false
    },
    {
      "text": "I have printed all of the documents you sent and will review with him them.",
      "true_label": "carecoordination",
      "pred_label": "Generalinformation",
      "correct": false
    },
    {
      "text": "Thank you.",
      "true_label": "signoff",
      "pred_label": "signoff",
      "correct": true
    },
    {
      "text": "Thank you Person3",
      "true_label": "signoff",
      "pred_label": "signoff",
      "correct": true
    },
    {
      "text": "Thanks for letting us know!",
      "true_label": "Appreciation/Gratitude",
      "pred_label": "Appreciation/Gratitude",
      "correct": true
    },
    {
      "text": "You said I was your hero!",
      "true_label": "connection",
      "pred_label": "connection",
      "correct": true
    },
    {
      "text": "And I be doing bloodwork in another week?",
      "true_label": "activeParticipation/involvement",
      "pred_label": "Diagnostics",
      "correct": false
    },
    {
      "text": "Thanks much.",
      "true_label": "signoff",
      "pred_label": "signoff",
      "correct": true
    },
    {
      "text": "What date?",
      "true_label": "SchedulingAppt",
      "pred_label": "activeParticipation/involvement",
      "correct": false
    },
    {
      "text": "Much appreciated!",
      "true_label": "Appreciation/Gratitude",
      "pred_label": "Appreciation/Gratitude",
      "correct": true
    },
    {
      "text": "However I can directly relate the swelling to the new drug since it wasn as severe before the switch over.",
      "true_label": "expressOpinions",
      "pred_label": "Symptoms",
      "correct": false
    },
    {
      "text": "Dr. Person3 is ok with having you get your port out.",
      "true_label": "carecoordination",
      "pred_label": "Generalinformation",
      "correct": false
    },
    {
      "text": "I have a question about PSA, TOTAL (POST DIAGNOSIS) (BH GH LMW YH) resulted on MM/DD/YYYY at MM/DD/YYYY.",
      "true_label": "Diagnostics",
      "pred_label": "Diagnostics",
      "correct": true
    },
    {
      "text": "Thank you, Person2",
      "true_label": "signoff",
      "pred_label": "signoff",
      "correct": true
    },
    {
      "text": "Good morning.",
      "true_label": "salutation",
      "pred_label": "salutation",
      "correct": true
    },
    {
      "text": "My father should get discharged tmrw..will  His treatment for Wed be postponed?",
      "true_label": "SchedulingAppt",
      "pred_label": "SchedulingAppt",
      "correct": true
    },
    {
      "text": "Take care, RDL   ----- Message ----- From:  Sent:  To: Subject: RE: Visit Follow-Up Question  Hi Dr Person2, At our last appointment we discussed getting the cancer antigen test at my next blood work.",
      "true_label": "Diagnostics",
      "pred_label": "carecoordination",
      "correct": false
    },
    {
      "text": "I'm sorry but there is no availability to move up the treatment to the week of MM/DD/YYYY or MM/DD/YYYY.",
      "true_label": "SchedulingAppt",
      "pred_label": "SchedulingAppt",
      "correct": true
    },
    {
      "text": "Good morning Person1, I had to cancel my appointments for a cat scan and bone scan  Scheduled for this MM/DD/YYYY, MM/DD/YYYY.",
      "true_label": "SchedulingAppt",
      "pred_label": "SchedulingAppt",
      "correct": true
    },
    {
      "text": "Hello Person1,    For my upcoming visit I don see any blood test required?",
      "true_label": "activeParticipation/involvement",
      "pred_label": "activeParticipation/involvement",
      "correct": true
    },
    {
      "text": "Person1 you were due for scans as well... please call XXX-XXX-XXXX to get everything rescheduled.",
      "true_label": "SchedulingAppt",
      "pred_label": "SchedulingAppt",
      "correct": true
    },
    {
      "text": "I combine visits with Costco adventures.",
      "true_label": "Generalinformation",
      "pred_label": "Generalinformation",
      "correct": true
    },
    {
      "text": "I had two this year (both Person2) one in MM/DD/YYYY and the other in MM/DD/YYYY.",
      "true_label": "Drugs",
      "pred_label": "Drugs",
      "correct": true
    },
    {
      "text": "Take care, RDL   ----- Message ----- From:  Sent:  To: Subject: RE: Visit Follow-Up Question  Hi Dr Person1, At our last appointment we discussed getting the cancer antigen test at my next blood work.",
      "true_label": "Diagnostics",
      "pred_label": "carecoordination",
      "correct": false
    },
    {
      "text": "It looks like Dr. Person2 was ok with you waiting til  MM/DD/YYYY to start the new medication  and yes we can prescribe imodium for you.",
      "true_label": "carecoordination",
      "pred_label": "Drugs",
      "correct": false
    },
    {
      "text": "This type of surgery  usually has the best results when done by an oculoplastic surgeon and I can make suggestions if that would be helpful.",
      "true_label": "maintainCommunication",
      "pred_label": "expressOpinions",
      "correct": false
    },
    {
      "text": "Can I expect to see them on my Person2 app  Today?",
      "true_label": "Generalinformation",
      "pred_label": "activeParticipation/involvement",
      "correct": false
    },
    {
      "text": "Ok",
      "true_label": "Alignment",
      "pred_label": "Alignment",
      "correct": true
    },
    {
      "text": "Everything looks good except for my PSA which has gone from 2.93 in MM/DD/YYYY to 4.5 today (MM/DD/YYYY) according to the VA.",
      "true_label": "Diagnostics",
      "pred_label": "Diagnostics",
      "correct": true
    },
    {
      "text": "(Earlier that day, perhaps?)",
      "true_label": "statePreferences",
      "pred_label": "HealthCareAccessAndQuality",
      "correct": false
    },
    {
      "text": "Hi Dr. Person1,    Both Org and myself contacted your office for my xeralto to be refiled and not done as of this morning.",
      "true_label": "Drugs",
      "pred_label": "HealthCareAccessAndQuality",
      "correct": false
    },
    {
      "text": "30 count has gotten him through MM/DD/YYYY, considering ste p down and a few tough pain MM/DD/YYYY thereafter.",
      "true_label": "Symptoms",
      "pred_label": "Drugs",
      "correct": false
    },
    {
      "text": "Hi  I had my MM/DD/YYYY bloodwork done MM/DD/YYYY, just checking to see if it is ok to continue this round of Ibrance?",
      "true_label": "Drugs",
      "pred_label": "Diagnostics",
      "correct": false
    },
    {
      "text": "Hi Person1, I will put in a nutrition referral and a nutritionist should be calling you.",
      "true_label": "carecoordination",
      "pred_label": "carecoordination",
      "correct": true
    },
    {
      "text": "You had thought that the surgical clamp may have caused pressure on the nerve sheath and that this would resolve itself and eventually return to normal.",
      "true_label": "Prognosis",
      "pred_label": "expressOpinions",
      "correct": false
    },
    {
      "text": "Dr Person1 a couple questions for insurance.",
      "true_label": "HealthCareAccessAndQuality",
      "pred_label": "carecoordination",
      "correct": false
    },
    {
      "text": "Thanks !",
      "true_label": "signoff",
      "pred_label": "Appreciation/Gratitude",
      "correct": false
    },
    {
      "text": "Thanks so much.",
      "true_label": "signoff",
      "pred_label": "signoff",
      "correct": true
    },
    {
      "text": "Many thanks!",
      "true_label": "signoff",
      "pred_label": "signoff",
      "correct": true
    },
    {
      "text": "Hi,   I assuming since I haven heard anything, my blood counts are not high enough yet?",
      "true_label": "expressOpinions",
      "pred_label": "activeParticipation/involvement",
      "correct": false
    },
    {
      "text": "Much appreciated,  Person2",
      "true_label": "Appreciation/Gratitude",
      "pred_label": "Appreciation/Gratitude",
      "correct": true
    },
    {
      "text": "Are we not doing the other tests right now the cbc and metabolic comprehensive?",
      "true_label": "activeParticipation/involvement",
      "pred_label": "Diagnostics",
      "correct": false
    },
    {
      "text": "See you in July!",
      "true_label": "connection",
      "pred_label": "connection",
      "correct": true
    },
    {
      "text": "Thank you!",
      "true_label": "signoff",
      "pred_label": "Appreciation/Gratitude",
      "correct": false
    },
    {
      "text": "In addition to the bruising, I probably have 20+ hematoma under the skin.",
      "true_label": "Symptoms",
      "pred_label": "Symptoms",
      "correct": true
    },
    {
      "text": "I believe i will also need a pathology report.",
      "true_label": "expressOpinions",
      "pred_label": "Generalinformation",
      "correct": false
    },
    {
      "text": "Dr. Person3 does not  believe that one is better than the other.",
      "true_label": "carecoordination",
      "pred_label": "expressOpinions",
      "correct": false
    },
    {
      "text": "The neuropathy has tapered down even tho it still happens.",
      "true_label": "Symptoms",
      "pred_label": "Symptoms",
      "correct": true
    },
    {
      "text": "Kind regards",
      "true_label": "signoff",
      "pred_label": "signoff",
      "correct": true
    },
    {
      "text": "He prescribed me Ketorolac (Toradol) and my insurance would not cover it.",
      "true_label": "Drugs",
      "pred_label": "Drugs",
      "correct": true
    },
    {
      "text": "Yes, please wait until after that appt to  make an appt with Dr. Person1.",
      "true_label": "SchedulingAppt",
      "pred_label": "SchedulingAppt",
      "correct": true
    },
    {
      "text": "Hi Person1 we have no information.",
      "true_label": "Generalinformation",
      "pred_label": "Generalinformation",
      "correct": true
    },
    {
      "text": "First in am or last appointment of day  after 4 pm I am working.",
      "true_label": "statePreferences",
      "pred_label": "SchedulingAppt",
      "correct": false
    },
    {
      "text": "PSA came way down to 1.91  I think this might be what you are asking for.",
      "true_label": "checkingUnderstanding/clarification",
      "pred_label": "Diagnostics",
      "correct": false
    },
    {
      "text": "Appetite, a bit of a struggle, as expected; digestion normal (that may become diarrhea as radiation has started MM/DD/YYYY).",
      "true_label": "Symptoms",
      "pred_label": "Symptoms",
      "correct": true
    },
    {
      "text": "I will let you know as soon as he answers me.",
      "true_label": "maintainCommunication",
      "pred_label": "maintainCommunication",
      "correct": true
    },
    {
      "text": "I put you off work from MM/DD/YYYY to MM/DD/YYYY.",
      "true_label": "EconomicStability",
      "pred_label": "SchedulingAppt",
      "correct": false
    },
    {
      "text": "How is the dental work going, are you interested in the prolia injection at your 6-2 appointment",
      "true_label": "ShareOptions",
      "pred_label": "HealthCareAccessAndQuality",
      "correct": false
    },
    {
      "text": "Same to you and your beautiful family.",
      "true_label": "connection",
      "pred_label": "connection",
      "correct": true
    },
    {
      "text": "That's what a lot of people say!",
      "true_label": "Generalinformation",
      "pred_label": "checkingUnderstanding/clarification",
      "correct": false
    },
    {
      "text": "Thank you, Person3",
      "true_label": "signoff",
      "pred_label": "signoff",
      "correct": true
    },
    {
      "text": "I will follow up with him.",
      "true_label": "activeParticipation/involvement",
      "pred_label": "maintainCommunication",
      "correct": false
    },
    {
      "text": "Can you order a PSA with my blood work on the MM/DD/YYYY with my normal Tests please",
      "true_label": "Diagnostics",
      "pred_label": "Diagnostics",
      "correct": true
    },
    {
      "text": "It's been a while... Will that work for you?",
      "true_label": "inviteCollaboration",
      "pred_label": "Symptoms",
      "correct": false
    },
    {
      "text": "Hi Dr. Person1,    Is it possible to add my Advanced Radiology CAT scan of MM/DD/YYYY to mychart?",
      "true_label": "Diagnostics",
      "pred_label": "SchedulingAppt",
      "correct": false
    },
    {
      "text": "Thank you, Person1",
      "true_label": "signoff",
      "pred_label": "signoff",
      "correct": true
    },
    {
      "text": "Are you dropping org1  or old org2 ?",
      "true_label": "HealthCareAccessAndQuality",
      "pred_label": "HealthCareAccessAndQuality",
      "correct": true
    },
    {
      "text": "Am curious if it not cancer what it can be then?",
      "true_label": "activeParticipation/involvement",
      "pred_label": "activeParticipation/involvement",
      "correct": true
    },
    {
      "text": "I gets labs done early tomorrow.",
      "true_label": "Diagnostics",
      "pred_label": "Diagnostics",
      "correct": true
    },
    {
      "text": "I had it drawn and they are awaiting it to be entered if needed.",
      "true_label": "Diagnostics",
      "pred_label": "activeParticipation/involvement",
      "correct": false
    },
    {
      "text": "I hope this is something that can be done.",
      "true_label": "statePreferences",
      "pred_label": "Reassurance",
      "correct": false
    },
    {
      "text": "The UTI symptoms are getting worse and Macrobid has not worked so Mass General thought a new analysis should be done to see what is going on",
      "true_label": "carecoordination",
      "pred_label": "expressOpinions",
      "correct": false
    },
    {
      "text": "I am sick with a cold, possibly covid awaiting test results.",
      "true_label": "expressOpinions",
      "pred_label": "Symptoms",
      "correct": false
    },
    {
      "text": "Hi Dr. Person1,  Hope all is well with you and your family!",
      "true_label": "connection",
      "pred_label": "connection",
      "correct": true
    },
    {
      "text": "Merry Christmas and a Healthy and Happy New Year to you and your family.",
      "true_label": "connection",
      "pred_label": "connection",
      "correct": true
    },
    {
      "text": "See you in MM/DD/YYYY TLB",
      "true_label": "signoff",
      "pred_label": "connection",
      "correct": false
    },
    {
      "text": "Hello Person1, Dr. Person3 can put a referral in for a PT eval with a lymphedema therapist.",
      "true_label": "carecoordination",
      "pred_label": "carecoordination",
      "correct": true
    },
    {
      "text": "Thank you",
      "true_label": "signoff",
      "pred_label": "signoff",
      "correct": true
    },
    {
      "text": "I am going to need refills on my Ibrance.",
      "true_label": "Drugs",
      "pred_label": "Drugs",
      "correct": true
    },
    {
      "text": "They will keep a clo se eye on it and monitor for changes.",
      "true_label": "maintainCommunication",
      "pred_label": "maintainCommunication",
      "correct": true
    },
    {
      "text": "Thank you, Person2.",
      "true_label": "signoff",
      "pred_label": "signoff",
      "correct": true
    },
    {
      "text": "Sorry i got this late for some reason.",
      "true_label": "AcknowledgeError",
      "pred_label": "AcknowledgeError",
      "correct": true
    },
    {
      "text": "Person1 is having his 3rd ERCP today and we do not under any circumstances want a training Dr.  Person2",
      "true_label": "statePreferences",
      "pred_label": "Drugs",
      "correct": false
    },
    {
      "text": "I would like to schedule a virtual call with you to-discuss  next steps  as I had a review with Dr  Person1 re next steps.",
      "true_label": "SchedulingAppt",
      "pred_label": "SchedulingAppt",
      "correct": true
    },
    {
      "text": "What did he recommend?",
      "true_label": "carecoordination",
      "pred_label": "activeParticipation/involvement",
      "correct": false
    },
    {
      "text": "Is he still going to be seeing patients in clinic?",
      "true_label": "HealthCareAccessAndQuality",
      "pred_label": "HealthCareAccessAndQuality",
      "correct": true
    },
    {
      "text": "If you could, please let me know when this is sent over to the pharmacy.",
      "true_label": "activeParticipation/involvement",
      "pred_label": "maintainCommunication",
      "correct": false
    },
    {
      "text": "Both my niece and myself have been trying to find a gynecologist close by accepting new patients on Medicare, Medicaid, AARP supplement and Husky with no success.",
      "true_label": "HealthCareAccessAndQuality",
      "pred_label": "HealthCareAccessAndQuality",
      "correct": true
    },
    {
      "text": "Hi G.  Will pick up some olives today.",
      "true_label": "Generalinformation",
      "pred_label": "Drugs",
      "correct": false
    },
    {
      "text": "He says it is a-okay for Person2 to have it done at G Hosp, considering how difficult it is for Person2 to travel.",
      "true_label": "NeighborhoodAndBuiltEnvironment",
      "pred_label": "Generalinformation",
      "correct": false
    },
    {
      "text": "Hi Person1 are you taking him for repeat labs and urine today or tomorrow?",
      "true_label": "Diagnostics",
      "pred_label": "Diagnostics",
      "correct": true
    },
    {
      "text": "Good morning,  My primary, Dr. Person1, has given me the green light to get a covid booster shot.",
      "true_label": "Drugs",
      "pred_label": "Generalinformation",
      "correct": false
    },
    {
      "text": "We do not have  a comparison for the CEA, but if this serves us value in the future, we will then have something to look back and compare to.",
      "true_label": "SummarizeConfirmUnderstanding",
      "pred_label": "SummarizeConfirmUnderstanding",
      "correct": true
    },
    {
      "text": "Thanks, Person1, and thanks for being patient with me!",
      "true_label": "Appreciation/Gratitude",
      "pred_label": "Appreciation/Gratitude",
      "correct": true
    },
    {
      "text": "Hello Person1, I sent your message to Dr. Person2 to ask her.",
      "true_label": "carecoordination",
      "pred_label": "carecoordination",
      "correct": true
    },
    {
      "text": "Thanks Person1,  I felt much better after seeing you and look forward to meeting with Dr  Person2 on MM/DD/YYYY.",
      "true_label": "carecoordination",
      "pred_label": "connection",
      "correct": false
    },
    {
      "text": "Person1, The PT referral was placed Thanks Person2",
      "true_label": "maintainCommunication",
      "pred_label": "carecoordination",
      "correct": false
    },
    {
      "text": "There are 16 pills do I take for more than today?",
      "true_label": "SeekingApproval",
      "pred_label": "Drugs",
      "correct": false
    },
    {
      "text": "I was happy to see that this was trending down.",
      "true_label": "Diagnostics",
      "pred_label": "Diagnostics",
      "correct": true
    },
    {
      "text": "Person1 had had lower back pain for 2 months and he did 2 rounds of Prednisone with no relief.",
      "true_label": "Drugs",
      "pred_label": "Drugs",
      "correct": true
    },
    {
      "text": "I sleep raised up.",
      "true_label": "Generalinformation",
      "pred_label": "Generalinformation",
      "correct": true
    },
    {
      "text": "No response so far prednisone script ran out Person1 office if he should continue as there was no refill for that answer too",
      "true_label": "Drugs",
      "pred_label": "Drugs",
      "correct": true
    },
    {
      "text": "I continue to monitor   The situation.",
      "true_label": "Generalinformation",
      "pred_label": "activeParticipation/involvement",
      "correct": false
    },
    {
      "text": "Good Morning Person, Hello.",
      "true_label": "salutation",
      "pred_label": "salutation",
      "correct": true
    },
    {
      "text": "OK thanks.",
      "true_label": "signoff",
      "pred_label": "signoff",
      "correct": true
    },
    {
      "text": "I will no problem.",
      "true_label": "activeParticipation/involvement",
      "pred_label": "Alignment",
      "correct": false
    },
    {
      "text": "Please call #XXX-XXX-XXXX to reschedule.",
      "true_label": "Instruction",
      "pred_label": "SchedulingAppt",
      "correct": false
    },
    {
      "text": "Perfect!",
      "true_label": "Alignment",
      "pred_label": "Alignment",
      "correct": true
    },
    {
      "text": "I have also faxed my Org1 paperwork, have your office received it?",
      "true_label": "EconomicStability",
      "pred_label": "carecoordination",
      "correct": false
    },
    {
      "text": "Adjudication office  645 south main st  LOCATION ct MM/DD/YYYYPh XXX-XXX-XXXX  Fax XXX-XXX-XXXX",
      "true_label": "Generalinformation",
      "pred_label": "HealthCareAccessAndQuality",
      "correct": false
    },
    {
      "text": "Sig swelling (but improving slightly) swelling of right leg persists.",
      "true_label": "Symptoms",
      "pred_label": "Symptoms",
      "correct": true
    },
    {
      "text": "Have a happy healthy new year, Person1",
      "true_label": "connection",
      "pred_label": "connection",
      "correct": true
    },
    {
      "text": "Hi Person1, There is no interaction between the aspirin and the verzenio, so you should continue to take it if that is what your doctor  wants who manages that condition.",
      "true_label": "MakeDecision",
      "pred_label": "Approval/Reinforcement",
      "correct": false
    },
    {
      "text": "Best thing to do is follow up with ENT, which you are doing.",
      "true_label": "Instruction",
      "pred_label": "Instruction",
      "correct": true
    },
    {
      "text": "We can bring him tomorrow for a treatment.",
      "true_label": "Drugs",
      "pred_label": "carecoordination",
      "correct": false
    },
    {
      "text": "Dr Person1, I sent your message on to Dr  Person2",
      "true_label": "carecoordination",
      "pred_label": "carecoordination",
      "correct": true
    },
    {
      "text": "Just signed it off!",
      "true_label": "Generalinformation",
      "pred_label": "Generalinformation",
      "correct": true
    },
    {
      "text": "1 is my cancer considered to be in remission?",
      "true_label": "activeParticipation/involvement",
      "pred_label": "Diagnostics",
      "correct": false
    },
    {
      "text": "Please let me know if my paperwork was received & or  completed.",
      "true_label": "activeParticipation/involvement",
      "pred_label": "activeParticipation/involvement",
      "correct": true
    },
    {
      "text": "Hi Dr Person1, I need to inform you that on MM/DD/YYYY I started TRT under the supervision of Dr Person2 of Org4 Urology.",
      "true_label": "carecoordination",
      "pred_label": "carecoordination",
      "correct": true
    },
    {
      "text": "Good morning Person1,   I am contacting you about the surgical drain Dr  Person2 placed MM/DD/YYYY.",
      "true_label": "activeParticipation/involvement",
      "pred_label": "carecoordination",
      "correct": false
    },
    {
      "text": "OK to just monitor at this time.. if it becomes itchy or painful, please let us know.",
      "true_label": "maintainCommunication",
      "pred_label": "maintainCommunication",
      "correct": true
    },
    {
      "text": "Thank you,  Person3",
      "true_label": "signoff",
      "pred_label": "signoff",
      "correct": true
    },
    {
      "text": "Much appreciated.",
      "true_label": "Appreciation/Gratitude",
      "pred_label": "Appreciation/Gratitude",
      "correct": true
    },
    {
      "text": "Thank you Person1.",
      "true_label": "signoff",
      "pred_label": "signoff",
      "correct": true
    },
    {
      "text": "Is this correct?",
      "true_label": "SeekingApproval",
      "pred_label": "activeParticipation/involvement",
      "correct": false
    },
    {
      "text": "Is he putting anything topical on this?",
      "true_label": "Drugs",
      "pred_label": "Drugs",
      "correct": true
    },
    {
      "text": "Would love to get back on to the Eliquis if I can.",
      "true_label": "statePreferences",
      "pred_label": "statePreferences",
      "correct": true
    },
    {
      "text": "As long as you feel up to it please continue your zytiga (abiraterone) and prednisone as directed.",
      "true_label": "MakeDecision",
      "pred_label": "Approval/Reinforcement",
      "correct": false
    },
    {
      "text": "MM/DD/YYYY  appointment is here in Org2 with Dr Person1 So call Org2 and reschedule XXX-XXX-XXXX",
      "true_label": "SchedulingAppt",
      "pred_label": "HealthCareAccessAndQuality",
      "correct": false
    },
    {
      "text": "Sure, you can wait until MM/DD/YYYY, but if for some reason you have any adverse side effects or extreme fatigue, you should get the lab work 2 weeks after.",
      "true_label": "Instruction",
      "pred_label": "ShareOptions",
      "correct": false
    },
    {
      "text": "I sent my FMLApaperwork to be completed , Sony know if Person1 has received it?",
      "true_label": "EconomicStability",
      "pred_label": "carecoordination",
      "correct": false
    },
    {
      "text": "He just got back to me this morning and advised me that we will just repeat scans in MM/DD/YYYY.",
      "true_label": "Diagnostics",
      "pred_label": "Diagnostics",
      "correct": true
    },
    {
      "text": "Good Morning Mr. Person1, The PSA is still in progress and the result will be available on My Chart once completed.",
      "true_label": "Diagnostics",
      "pred_label": "Diagnostics",
      "correct": true
    },
    {
      "text": "Hi Dr Person1, I was in the ER on MM/DD/YYYY for belly pain and Person2  PA-C in Extended care clinic.",
      "true_label": "Symptoms",
      "pred_label": "carecoordination",
      "correct": false
    },
    {
      "text": "I have asked our pharmacy to expedite delivery to you so you can start the 75 mg dose.",
      "true_label": "carecoordination",
      "pred_label": "Drugs",
      "correct": false
    },
    {
      "text": "Have you been doing the nail soaks?",
      "true_label": "Generalinformation",
      "pred_label": "Generalinformation",
      "correct": true
    },
    {
      "text": "See you soon in MM/DD/YYYY.",
      "true_label": "connection",
      "pred_label": "connection",
      "correct": true
    },
    {
      "text": "Tmrw according to your instructions",
      "true_label": "SchedulingAppt",
      "pred_label": "carecoordination",
      "correct": false
    },
    {
      "text": "Hi,  Just wondering if you can let me know if I might hear back from Dr. Person1 before the weekend?",
      "true_label": "activeParticipation/involvement",
      "pred_label": "activeParticipation/involvement",
      "correct": true
    },
    {
      "text": "Do we need to reschedule ?",
      "true_label": "SchedulingAppt",
      "pred_label": "SchedulingAppt",
      "correct": true
    },
    {
      "text": "Will just rearrange a couple of things.",
      "true_label": "Generalinformation",
      "pred_label": "Generalinformation",
      "correct": true
    },
    {
      "text": "Good morning,     Have you discussed these issues with the inpatient team?",
      "true_label": "carecoordination",
      "pred_label": "carecoordination",
      "correct": true
    },
    {
      "text": "Well, we went home he didn feel good yesterday and today we had to rush him to Org7 where he was found to be septic.",
      "true_label": "Symptoms",
      "pred_label": "Generalinformation",
      "correct": false
    },
    {
      "text": "Thank you Person1.",
      "true_label": "signoff",
      "pred_label": "signoff",
      "correct": true
    },
    {
      "text": "Dr  Person1 told me at my last appointment that I might get more treatments.",
      "true_label": "carecoordination",
      "pred_label": "carecoordination",
      "correct": true
    },
    {
      "text": "Thank you,  Person2",
      "true_label": "signoff",
      "pred_label": "signoff",
      "correct": true
    },
    {
      "text": "This letter explains the process for appeal.",
      "true_label": "Generalinformation",
      "pred_label": "Generalinformation",
      "correct": true
    },
    {
      "text": "Thank you Person3",
      "true_label": "signoff",
      "pred_label": "signoff",
      "correct": true
    },
    {
      "text": "We are always here!",
      "true_label": "Reassurance",
      "pred_label": "Generalinformation",
      "correct": false
    },
    {
      "text": "Thank you",
      "true_label": "signoff",
      "pred_label": "signoff",
      "correct": true
    },
    {
      "text": "I thought we were doing the CA 27 Dash 29 that I have always had done but no results have come in for that.",
      "true_label": "Diagnostics",
      "pred_label": "Diagnostics",
      "correct": true
    },
    {
      "text": "If you prefer to call me to discuss my number is XXX-XXX-XXXX.",
      "true_label": "activeParticipation/involvement",
      "pred_label": "activeParticipation/involvement",
      "correct": true
    },
    {
      "text": "Do you think because I  had to skip a treatment it is causing it to start growing again?",
      "true_label": "activeParticipation/involvement",
      "pred_label": "expressOpinions",
      "correct": false
    },
    {
      "text": "Please then call our office or mychart once scans rescheduled and we will reschedule appointment with Dr Person2.",
      "true_label": "Instruction",
      "pred_label": "SchedulingAppt",
      "correct": false
    },
    {
      "text": "I need to postpone the appointments made for MM/DD/YYYY, and MM/DD/YYYY for the initial doses of Fulvestrant, that we discussed in your office.",
      "true_label": "statePreferences",
      "pred_label": "SchedulingAppt",
      "correct": false
    },
    {
      "text": "Take care.",
      "true_label": "signoff",
      "pred_label": "connection",
      "correct": false
    },
    {
      "text": "Person1 spoke to Dr. Person2 this morning who recommend you come in tomorrow for your post op and  drain removal.",
      "true_label": "carecoordination",
      "pred_label": "carecoordination",
      "correct": true
    },
    {
      "text": "Person1, The PT referral was placed Thanks Person2",
      "true_label": "maintainCommunication",
      "pred_label": "carecoordination",
      "correct": false
    },
    {
      "text": "How are we going to address this?",
      "true_label": "activeParticipation/involvement",
      "pred_label": "activeParticipation/involvement",
      "correct": true
    },
    {
      "text": "Call XXX-XXX-XXXX tomorrow afternoon to schedule  COVID  test.",
      "true_label": "SchedulingAppt",
      "pred_label": "SchedulingAppt",
      "correct": true
    },
    {
      "text": "Hi Person1 Soon as we receive the form we will complete it with the required reports and get it sent in for you, Person2 RN",
      "true_label": "HealthCareAccessAndQuality",
      "pred_label": "HealthCareAccessAndQuality",
      "correct": true
    },
    {
      "text": "I still have the surgical drain in place, and have a potential appointment tomorrow, MM/DD/YYYY to see Dr  Person2, but it is dependent on fluid accumulation, which I am afraid will not be low enough by then, for removal.",
      "true_label": "Sadness/fear",
      "pred_label": "SchedulingAppt",
      "correct": false
    },
    {
      "text": "Something is going on that is causing me definite concern so need help in figuring out root causes and what the next steps would be.",
      "true_label": "ExpressConcern/unease",
      "pred_label": "activeParticipation/involvement",
      "correct": false
    },
    {
      "text": "I will place an order for them now if you would please give our office a call to get them scheduled.",
      "true_label": "HealthCareAccessAndQuality",
      "pred_label": "SchedulingAppt",
      "correct": false
    },
    {
      "text": "Hello Person1, I sent a message to the doctors that read the scan to question this.",
      "true_label": "Diagnostics",
      "pred_label": "carecoordination",
      "correct": false
    },
    {
      "text": "They are for the attention of Dr. Person3, Lymphoma Department at Org1.",
      "true_label": "carecoordination",
      "pred_label": "HealthCareAccessAndQuality",
      "correct": false
    },
    {
      "text": "Hi Person1, I'll check in with Dr. Person2 about getting it removed.",
      "true_label": "carecoordination",
      "pred_label": "carecoordination",
      "correct": true
    },
    {
      "text": "Thank you.",
      "true_label": "signoff",
      "pred_label": "signoff",
      "correct": true
    },
    {
      "text": "Hi Person1 - script was called into pharmacy.",
      "true_label": "Drugs",
      "pred_label": "HealthCareAccessAndQuality",
      "correct": false
    },
    {
      "text": "Yes MM/DD/YYYY after 230pm.",
      "true_label": "statePreferences",
      "pred_label": "SchedulingAppt",
      "correct": false
    },
    {
      "text": "thank you",
      "true_label": "signoff",
      "pred_label": "signoff",
      "correct": true
    },
    {
      "text": "May we get the bone infusion appointments set back up?",
      "true_label": "SeekingApproval",
      "pred_label": "SchedulingAppt",
      "correct": false
    },
    {
      "text": "Depending on results there might be a decision to make whether to restart Lupron or do nothing and wait for MRI results which is scheduled for MM/DD/YYYY.",
      "true_label": "ExploreOptions",
      "pred_label": "Diagnostics",
      "correct": false
    },
    {
      "text": "Do I have the Ok from Dr. Person2?",
      "true_label": "SeekingApproval",
      "pred_label": "Drugs",
      "correct": false
    },
    {
      "text": "Should I still expect that to be the case or would surgery to address the drooping lid be a better option?",
      "true_label": "ExploreOptions",
      "pred_label": "ExploreOptions",
      "correct": true
    },
    {
      "text": "Sent a request previously but nothing has come through.",
      "true_label": "Drugs",
      "pred_label": "Generalinformation",
      "correct": false
    },
    {
      "text": "Ok.",
      "true_label": "Alignment",
      "pred_label": "Alignment",
      "correct": true
    },
    {
      "text": "Please let me know.",
      "true_label": "activeParticipation/involvement",
      "pred_label": "activeParticipation/involvement",
      "correct": true
    },
    {
      "text": "Hello Person1, Here is your PSA result: 0.167 Person2",
      "true_label": "Diagnostics",
      "pred_label": "Diagnostics",
      "correct": true
    },
    {
      "text": "The reasons listed don't make any sense, per usual.",
      "true_label": "expressOpinions",
      "pred_label": "Generalinformation",
      "correct": false
    },
    {
      "text": "Currently my lab work is scheduled to be done on MM/DD/YYYY and I see Dr  Person1 on MM/DD/YYYY.",
      "true_label": "SchedulingAppt",
      "pred_label": "SchedulingAppt",
      "correct": true
    },
    {
      "text": "Hi Person1,  I don't know how to put Ad Rad results on My Chart.",
      "true_label": "Generalinformation",
      "pred_label": "Diagnostics",
      "correct": false
    },
    {
      "text": "Prednisone refill sent in",
      "true_label": "Drugs",
      "pred_label": "Drugs",
      "correct": true
    },
    {
      "text": "Is there anything I can get to help with that pain?",
      "true_label": "activeParticipation/involvement",
      "pred_label": "activeParticipation/involvement",
      "correct": true
    },
    {
      "text": "If not our manager is Gean Brown and she'd be happy to assist.",
      "true_label": "carecoordination",
      "pred_label": "carecoordination",
      "correct": true
    },
    {
      "text": "Take care, Person2",
      "true_label": "signoff",
      "pred_label": "signoff",
      "correct": true
    },
    {
      "text": "Hi Person1, We are working on moving the MRI to MM/DD/YYYY but have you on for MM/DD/YYYY currently just to have a spot held.",
      "true_label": "SchedulingAppt",
      "pred_label": "Diagnostics",
      "correct": false
    },
    {
      "text": "Hi Person1, I see i Scheduled for the cat scan on MM/DD/YYYY at 5:00.",
      "true_label": "SchedulingAppt",
      "pred_label": "SchedulingAppt",
      "correct": true
    },
    {
      "text": "I have added it to your medication list.",
      "true_label": "Drugs",
      "pred_label": "Diagnostics",
      "correct": false
    },
    {
      "text": "Are you  around on Wednesday afternoon?",
      "true_label": "Generalinformation",
      "pred_label": "SchedulingAppt",
      "correct": false
    },
    {
      "text": "Hi, Do you usually get blood work before restarting?",
      "true_label": "Diagnostics",
      "pred_label": "Diagnostics",
      "correct": true
    },
    {
      "text": "MM/DD/YYYY is good.",
      "true_label": "Alignment",
      "pred_label": "Approval/Reinforcement",
      "correct": false
    },
    {
      "text": "1)  There is no Melanoma i n any of your lymph nodes that were biopsied.",
      "true_label": "Diagnostics",
      "pred_label": "Diagnostics",
      "correct": true
    },
    {
      "text": "Hi Person1,  Thanks so much for your reply.",
      "true_label": "Appreciation/Gratitude",
      "pred_label": "Appreciation/Gratitude",
      "correct": true
    },
    {
      "text": "Do you have the psa level",
      "true_label": "Diagnostics",
      "pred_label": "Diagnostics",
      "correct": true
    },
    {
      "text": "My my chart visit schedule calls for a blood draw and meeting with Dr. Person1  In Org3.",
      "true_label": "Diagnostics",
      "pred_label": "HealthCareAccessAndQuality",
      "correct": false
    },
    {
      "text": "That will work.",
      "true_label": "Alignment",
      "pred_label": "Alignment",
      "correct": true
    },
    {
      "text": "Hello  This is Person1 writing on behalf of Person2.",
      "true_label": "Generalinformation",
      "pred_label": "carecoordination",
      "correct": false
    },
    {
      "text": "Hope so!",
      "true_label": "connection",
      "pred_label": "connection",
      "correct": true
    },
    {
      "text": "We can either schedule for in person or via telehealth.",
      "true_label": "ShareOptions",
      "pred_label": "SchedulingAppt",
      "correct": false
    },
    {
      "text": "Please speak to dr Person1 he told me at last visit he wanted all 3!",
      "true_label": "carecoordination",
      "pred_label": "carecoordination",
      "correct": true
    },
    {
      "text": "Let me know some dates that are available for me to schedule a date.",
      "true_label": "SchedulingAppt",
      "pred_label": "activeParticipation/involvement",
      "correct": false
    },
    {
      "text": "I look forward to hearing from Dr. Person1 regarding these test results.",
      "true_label": "activeParticipation/involvement",
      "pred_label": "activeParticipation/involvement",
      "correct": true
    },
    {
      "text": "Hi Dr. Person1,    I have a choice tomorrow for Moderna or Johnson and Johnson  Need help..which one should I go with?",
      "true_label": "ExploreOptions",
      "pred_label": "ExploreOptions",
      "correct": true
    },
    {
      "text": "The pharmacy still hasn filled the prescription for Tramadol, and won because they are awaiting some approval.",
      "true_label": "activeParticipation/involvement",
      "pred_label": "Drugs",
      "correct": false
    },
    {
      "text": "I'll drop it off tomorrow.",
      "true_label": "Generalinformation",
      "pred_label": "activeParticipation/involvement",
      "correct": false
    },
    {
      "text": "I have a conflict; because of today weather I had to cancel an appointment at the Org2 dental clinic and it been rescheduled to MM/DD/YYYY at 1:00 PM.",
      "true_label": "HealthCareAccessAndQuality",
      "pred_label": "SchedulingAppt",
      "correct": false
    },
    {
      "text": "Thank you very much",
      "true_label": "Appreciation/Gratitude",
      "pred_label": "signoff",
      "correct": false
    },
    {
      "text": "You  should be all set.",
      "true_label": "connection",
      "pred_label": "Alignment",
      "correct": false
    },
    {
      "text": "If not, please let  me know.",
      "true_label": "maintainCommunication",
      "pred_label": "activeParticipation/involvement",
      "correct": false
    },
    {
      "text": "My whole body aches, and i believe i have a fever.",
      "true_label": "Symptoms",
      "pred_label": "Symptoms",
      "correct": true
    },
    {
      "text": "My dad rash has diminished substantially since starting the Gabapentin.",
      "true_label": "Symptoms",
      "pred_label": "Symptoms",
      "correct": true
    },
    {
      "text": "I vomit at times.",
      "true_label": "Symptoms",
      "pred_label": "Symptoms",
      "correct": true
    },
    {
      "text": "I have tried ibuprofen and I tried Gabapentin this morning, but the pain is still there and is really affecting my days.",
      "true_label": "Drugs",
      "pred_label": "Drugs",
      "correct": true
    },
    {
      "text": "Started week three MM/DD/YYYY.",
      "true_label": "Generalinformation",
      "pred_label": "SchedulingAppt",
      "correct": false
    },
    {
      "text": "Your advice please.",
      "true_label": "activeParticipation/involvement",
      "pred_label": "SeekingApproval",
      "correct": false
    },
    {
      "text": "I also have what feels like muscle pain in my shoulder blade area and my upper arm.",
      "true_label": "Symptoms",
      "pred_label": "Symptoms",
      "correct": true
    },
    {
      "text": "See you MM/DD/YYYY.",
      "true_label": "connection",
      "pred_label": "connection",
      "correct": true
    },
    {
      "text": "I know you verbally told me but I not sure as this is a new treatment plan.",
      "true_label": "expressOpinions",
      "pred_label": "ExpressConcern/unease",
      "correct": false
    },
    {
      "text": "Generally one rise in PSA is not enough to say somethin g is wrong, it's just something that makes us keep a close eye on it.",
      "true_label": "Reassurance",
      "pred_label": "Diagnostics",
      "correct": false
    },
    {
      "text": "Took PSA blood draw on MM/DD/YYYY .",
      "true_label": "Diagnostics",
      "pred_label": "Diagnostics",
      "correct": true
    },
    {
      "text": "I can be there at any time",
      "true_label": "statePreferences",
      "pred_label": "maintainCommunication",
      "correct": false
    },
    {
      "text": "In addition to the bruising, I probably have 20+ hematoma under the skin.",
      "true_label": "Symptoms",
      "pred_label": "Symptoms",
      "correct": true
    },
    {
      "text": "Thanks Person I will send those in.... also in the mean time dr. Person1 wants you to reduce the lenvatinib  and everolimus to only 5 days a week due to the elevated blood pressures despite being on blood pressure medications... please let me know you received this.",
      "true_label": "carecoordination",
      "pred_label": "Drugs",
      "correct": false
    },
    {
      "text": "Can you confirm?",
      "true_label": "activeParticipation/involvement",
      "pred_label": "activeParticipation/involvement",
      "correct": true
    },
    {
      "text": "Take care.",
      "true_label": "signoff",
      "pred_label": "connection",
      "correct": false
    },
    {
      "text": "We are so sorry to hear that-I will let the team know.",
      "true_label": "Sadness/fear",
      "pred_label": "Sadness/fear",
      "correct": true
    },
    {
      "text": "On MM/DD/YYYY I completed 39 radiation sessions.",
      "true_label": "Diagnostics",
      "pred_label": "Diagnostics",
      "correct": true
    },
    {
      "text": "Are you recommending that I get the Covid vaccine.",
      "true_label": "SeekingApproval",
      "pred_label": "expressOpinions",
      "correct": false
    },
    {
      "text": "Dr. Person2 is involved in my treatment but Dr. Person1 has the final word regarding my treatments and regimens.",
      "true_label": "carecoordination",
      "pred_label": "carecoordination",
      "correct": true
    },
    {
      "text": "Hi  Sorry to bother you but I am still not understanding the timing of my blood work.",
      "true_label": "Diagnostics",
      "pred_label": "AcknowledgeError",
      "correct": false
    },
    {
      "text": "Please let me know if this date will be okay with you and if mornings or afternoons will be better.",
      "true_label": "maintainCommunication",
      "pred_label": "activeParticipation/involvement",
      "correct": false
    },
    {
      "text": "Hi  Not really I can have toast and it will bother me.",
      "true_label": "Symptoms",
      "pred_label": "Drugs",
      "correct": false
    },
    {
      "text": "Best wishes from our team during your recovery!",
      "true_label": "connection",
      "pred_label": "connection",
      "correct": true
    },
    {
      "text": "13.4 down to 10.6.",
      "true_label": "Diagnostics",
      "pred_label": "Diagnostics",
      "correct": true
    },
    {
      "text": "Thanks  so much again!",
      "true_label": "Appreciation/Gratitude",
      "pred_label": "signoff",
      "correct": false
    },
    {
      "text": "You can send it to me in here or email, address@email.com.",
      "true_label": "Generalinformation",
      "pred_label": "Instruction",
      "correct": false
    },
    {
      "text": "The good doctor is swamped in a emails and she wants to make sure he sees it    Best",
      "true_label": "Generalinformation",
      "pred_label": "carecoordination",
      "correct": false
    },
    {
      "text": "Thanks much.",
      "true_label": "signoff",
      "pred_label": "signoff",
      "correct": true
    },
    {
      "text": "Hi Person1,  Hope all is well with you and your family.",
      "true_label": "connection",
      "pred_label": "connection",
      "correct": true
    },
    {
      "text": "I am Person1 the Rad ONc Nurse Coordinator.",
      "true_label": "Generalinformation",
      "pred_label": "carecoordination",
      "correct": false
    },
    {
      "text": "I may be wrong but the results looked good to me!",
      "true_label": "expressOpinions",
      "pred_label": "Diagnostics",
      "correct": false
    },
    {
      "text": "I a little concerned about wat my breast will look like after surgery ?",
      "true_label": "ExpressConcern/unease",
      "pred_label": "activeParticipation/involvement",
      "correct": false
    },
    {
      "text": "He had wanted to add me to a trial he running that he said would likely cure me but because of the lung cancer diagnosis I would have to wait two years.",
      "true_label": "carecoordination",
      "pred_label": "expressOpinions",
      "correct": false
    },
    {
      "text": "Thank you we will watch for the lab results.",
      "true_label": "maintainCommunication",
      "pred_label": "Diagnostics",
      "correct": false
    },
    {
      "text": "Sodium is still 128.",
      "true_label": "Diagnostics",
      "pred_label": "Drugs",
      "correct": false
    },
    {
      "text": "Did you receive the fax from Dr. Person1?",
      "true_label": "activeParticipation/involvement",
      "pred_label": "carecoordination",
      "correct": false
    },
    {
      "text": "Hi Person1, Thanks for reaching out.",
      "true_label": "Appreciation/Gratitude",
      "pred_label": "Appreciation/Gratitude",
      "correct": true
    },
    {
      "text": "Our team was notified of the denial and is working on the appeal.",
      "true_label": "HealthCareAccessAndQuality",
      "pred_label": "Generalinformation",
      "correct": false
    },
    {
      "text": "It is in Org1, old Org1 is closed for the time being",
      "true_label": "HealthCareAccessAndQuality",
      "pred_label": "HealthCareAccessAndQuality",
      "correct": true
    },
    {
      "text": "Is there a particular question I may be able to help you with?",
      "true_label": "inviteCollaboration",
      "pred_label": "activeParticipation/involvement",
      "correct": false
    },
    {
      "text": "Hi,    The insurance is driving me nuts.",
      "true_label": "HealthCareAccessAndQuality",
      "pred_label": "Generalinformation",
      "correct": false
    },
    {
      "text": "Thank you,  Person3",
      "true_label": "signoff",
      "pred_label": "signoff",
      "correct": true
    },
    {
      "text": "That may sound stupid but the pain makes me worry wasn having pain underarm previously",
      "true_label": "ExpressConcern/unease",
      "pred_label": "Symptoms",
      "correct": false
    },
    {
      "text": "Much obliged!",
      "true_label": "connection",
      "pred_label": "signoff",
      "correct": false
    },
    {
      "text": "None scheduled is this an oversight or planned?",
      "true_label": "SchedulingAppt",
      "pred_label": "SchedulingAppt",
      "correct": true
    },
    {
      "text": "Much appreciated.",
      "true_label": "Appreciation/Gratitude",
      "pred_label": "Appreciation/Gratitude",
      "correct": true
    },
    {
      "text": "PSA takes longer to run.",
      "true_label": "Diagnostics",
      "pred_label": "Diagnostics",
      "correct": true
    },
    {
      "text": "I am scheduled for my blood draw, appointment with Dr  Person1, and chemo treatment MM/DD/YYYY.",
      "true_label": "SchedulingAppt",
      "pred_label": "SchedulingAppt",
      "correct": true
    },
    {
      "text": "Yes, Person1 is fine.",
      "true_label": "connection",
      "pred_label": "Alignment",
      "correct": false
    },
    {
      "text": "Ok.",
      "true_label": "Alignment",
      "pred_label": "Alignment",
      "correct": true
    },
    {
      "text": "If Dr. Person1 then certainly ok.",
      "true_label": "Approval/Reinforcement",
      "pred_label": "Alignment",
      "correct": false
    },
    {
      "text": "Sure!",
      "true_label": "Alignment",
      "pred_label": "Alignment",
      "correct": true
    },
    {
      "text": "Please release psa results",
      "true_label": "Diagnostics",
      "pred_label": "Diagnostics",
      "correct": true
    },
    {
      "text": "I just called radiology - the request was sent to leadership to assist with scheduling.",
      "true_label": "carecoordination",
      "pred_label": "carecoordination",
      "correct": true
    },
    {
      "text": "Is my new time of arrival on MM/DD/YYYY 9:20 AM?",
      "true_label": "SchedulingAppt",
      "pred_label": "SchedulingAppt",
      "correct": true
    },
    {
      "text": "Thank you Person1.",
      "true_label": "signoff",
      "pred_label": "signoff",
      "correct": true
    },
    {
      "text": "The form does not request any medical records information.",
      "true_label": "Generalinformation",
      "pred_label": "Generalinformation",
      "correct": true
    },
    {
      "text": "But he would advise the third shot now, and would recommend Pfizer or Moderna instead of J/J for the booster.",
      "true_label": "ShareOptions",
      "pred_label": "ShareOptions",
      "correct": true
    },
    {
      "text": "Hello,    I need a refill for the above.",
      "true_label": "Drugs",
      "pred_label": "Drugs",
      "correct": true
    },
    {
      "text": ":-)     Would you mind writing me a note for work saying that I had tested positive for covid MM/DD/YYYY, the 10 day quarantine of symptom on set has passed and am no longer contagious or whatever the correct wording would be.",
      "true_label": "Symptoms",
      "pred_label": "expressOpinions",
      "correct": false
    },
    {
      "text": "Hi Person1 The plan is to continue on the 100mg.",
      "true_label": "Drugs",
      "pred_label": "Drugs",
      "correct": true
    },
    {
      "text": "Person1 it is fine to get the vaccine.",
      "true_label": "Approval/Reinforcement",
      "pred_label": "Drugs",
      "correct": false
    },
    {
      "text": "I also have a cortisone shot scheduled for MM/DD/YYYY.",
      "true_label": "Drugs",
      "pred_label": "Drugs",
      "correct": true
    },
    {
      "text": "If you could please clarify your  message below I can better respond to your question.",
      "true_label": "Generalinformation",
      "pred_label": "activeParticipation/involvement",
      "correct": false
    },
    {
      "text": "Can she email me directly?",
      "true_label": "activeParticipation/involvement",
      "pred_label": "activeParticipation/involvement",
      "correct": true
    },
    {
      "text": "Thank you, Person2",
      "true_label": "signoff",
      "pred_label": "signoff",
      "correct": true
    },
    {
      "text": "We do recommend getting it",
      "true_label": "Approval/Reinforcement",
      "pred_label": "Generalinformation",
      "correct": false
    },
    {
      "text": "Let me know if you have any other questions.",
      "true_label": "maintainCommunication",
      "pred_label": "maintainCommunication",
      "correct": true
    },
    {
      "text": "0.284",
      "true_label": "Diagnostics",
      "pred_label": "Alignment",
      "correct": false
    }
  ]
}